ISO-10303-21;
HEADER;
FILE_DESCRIPTION(('CATIA V5 STEP Exchange'),'2;1');

FILE_NAME('C:\\Users\\insup\\OneDrive\\\X2\BC14D0D5\X0\ \X2\D654BA74\X0\\\restroom_final0807.stp','2026-08-07T13:36:28+00:00',('none'),('none'),'CATIA Version 5 Release 21 GA (IN-10)','CATIA V5 STEP AP203','none');

FILE_SCHEMA(('CONFIG_CONTROL_DESIGN'));

ENDSEC;
/* file written by CATIA V5R21 */
DATA;
#5=PRODUCT('Product1','','',(#2)) ;
#56=PRODUCT('floor2','','',(#2)) ;
#4308=PRODUCT('floor1','','',(#2)) ;
#9352=PRODUCT('aisle','','',(#2)) ;
#1=APPLICATION_CONTEXT('configuration controlled 3D design of mechanical parts and assemblies') ;
#17=PRODUCT_DEFINITION('',' ',#6,#3) ;
#19=SECURITY_CLASSIFICATION(' ',' ',#18) ;
#18=SECURITY_CLASSIFICATION_LEVEL('unclassified') ;
#63=CARTESIAN_POINT('Axis2P3D Location',(1490.,600.,-250.)) ;
#68=CARTESIAN_POINT('Axis2P3D Location',(1480.,600.,-250.)) ;
#72=CARTESIAN_POINT('Vertex',(1480.,670.,-250.)) ;
#74=CARTESIAN_POINT('Vertex',(1480.,530.,-250.)) ;
#77=CARTESIAN_POINT('Line Origine',(1490.,530.,-250.)) ;
#81=CARTESIAN_POINT('Vertex',(1500.,530.,-250.)) ;
#84=CARTESIAN_POINT('Axis2P3D Location',(1500.,600.,-250.)) ;
#88=CARTESIAN_POINT('Vertex',(1500.,670.,-250.)) ;
#91=CARTESIAN_POINT('Line Origine',(1490.,670.,-250.)) ;
#103=CARTESIAN_POINT('Axis2P3D Location',(1480.,600.,-250.)) ;
#108=CARTESIAN_POINT('Axis2P3D Location',(1500.,600.,-250.)) ;
#120=CARTESIAN_POINT('Axis2P3D Location',(1480.,0.,0.)) ;
#129=CARTESIAN_POINT('Axis2P3D Location',(1480.,600.,-250.)) ;
#133=CARTESIAN_POINT('Vertex',(1480.,655.,-250.)) ;
#135=CARTESIAN_POINT('Vertex',(1480.,545.,-250.)) ;
#138=CARTESIAN_POINT('Axis2P3D Location',(1480.,600.,-250.)) ;
#147=CARTESIAN_POINT('Axis2P3D Location',(1480.,600.,-187.5)) ;
#151=CARTESIAN_POINT('Vertex',(1480.,605.,-187.5)) ;
#153=CARTESIAN_POINT('Vertex',(1480.,595.,-187.5)) ;
#156=CARTESIAN_POINT('Axis2P3D Location',(1480.,600.,-187.5)) ;
#165=CARTESIAN_POINT('Axis2P3D Location',(1480.,569.354384236,-195.711467995)) ;
#169=CARTESIAN_POINT('Vertex',(1480.,573.684511255,-193.211467995)) ;
#171=CARTESIAN_POINT('Vertex',(1480.,565.024257217,-198.211467995)) ;
#174=CARTESIAN_POINT('Axis2P3D Location',(1480.,569.354384236,-195.711467995)) ;
#183=CARTESIAN_POINT('Axis2P3D Location',(1480.,546.920236468,-218.145615764)) ;
#187=CARTESIAN_POINT('Vertex',(1480.,549.420236468,-213.815488745)) ;
#189=CARTESIAN_POINT('Vertex',(1480.,544.420236468,-222.475742783)) ;
#192=CARTESIAN_POINT('Axis2P3D Location',(1480.,546.920236468,-218.145615764)) ;
#201=CARTESIAN_POINT('Axis2P3D Location',(1480.,538.708768472,-248.791231528)) ;
#205=CARTESIAN_POINT('Vertex',(1480.,538.708768472,-243.791231528)) ;
#207=CARTESIAN_POINT('Vertex',(1480.,538.708768472,-253.791231528)) ;
#210=CARTESIAN_POINT('Axis2P3D Location',(1480.,538.708768472,-248.791231528)) ;
#219=CARTESIAN_POINT('Axis2P3D Location',(1480.,546.920236468,-279.436847291)) ;
#223=CARTESIAN_POINT('Vertex',(1480.,544.420236468,-275.106720272)) ;
#225=CARTESIAN_POINT('Vertex',(1480.,549.420236468,-283.76697431)) ;
#228=CARTESIAN_POINT('Axis2P3D Location',(1480.,546.920236468,-279.436847291)) ;
#237=CARTESIAN_POINT('Axis2P3D Location',(1480.,569.354384236,-301.87099506)) ;
#241=CARTESIAN_POINT('Vertex',(1480.,565.024257217,-299.37099506)) ;
#243=CARTESIAN_POINT('Vertex',(1480.,573.684511255,-304.37099506)) ;
#246=CARTESIAN_POINT('Axis2P3D Location',(1480.,569.354384236,-301.87099506)) ;
#255=CARTESIAN_POINT('Axis2P3D Location',(1480.,600.,-310.082463055)) ;
#259=CARTESIAN_POINT('Vertex',(1480.,595.,-310.082463055)) ;
#261=CARTESIAN_POINT('Vertex',(1480.,605.,-310.082463055)) ;
#264=CARTESIAN_POINT('Axis2P3D Location',(1480.,600.,-310.082463055)) ;
#273=CARTESIAN_POINT('Axis2P3D Location',(1480.,630.645615764,-301.87099506)) ;
#277=CARTESIAN_POINT('Vertex',(1480.,626.315488745,-304.37099506)) ;
#279=CARTESIAN_POINT('Vertex',(1480.,634.975742783,-299.37099506)) ;
#282=CARTESIAN_POINT('Axis2P3D Location',(1480.,630.645615764,-301.87099506)) ;
#291=CARTESIAN_POINT('Axis2P3D Location',(1480.,653.079763532,-279.436847291)) ;
#295=CARTESIAN_POINT('Vertex',(1480.,650.579763532,-283.76697431)) ;
#297=CARTESIAN_POINT('Vertex',(1480.,655.579763532,-275.106720272)) ;
#300=CARTESIAN_POINT('Axis2P3D Location',(1480.,653.079763532,-279.436847291)) ;
#309=CARTESIAN_POINT('Axis2P3D Location',(1480.,661.291231528,-248.791231528)) ;
#313=CARTESIAN_POINT('Vertex',(1480.,661.291231528,-253.791231528)) ;
#315=CARTESIAN_POINT('Vertex',(1480.,661.291231528,-243.791231528)) ;
#318=CARTESIAN_POINT('Axis2P3D Location',(1480.,661.291231528,-248.791231528)) ;
#327=CARTESIAN_POINT('Axis2P3D Location',(1480.,653.079763532,-218.145615764)) ;
#331=CARTESIAN_POINT('Vertex',(1480.,655.579763532,-222.475742783)) ;
#333=CARTESIAN_POINT('Vertex',(1480.,650.579763532,-213.815488745)) ;
#336=CARTESIAN_POINT('Axis2P3D Location',(1480.,653.079763532,-218.145615764)) ;
#345=CARTESIAN_POINT('Axis2P3D Location',(1480.,630.645615764,-195.711467995)) ;
#349=CARTESIAN_POINT('Vertex',(1480.,634.975742783,-198.211467995)) ;
#351=CARTESIAN_POINT('Vertex',(1480.,626.315488745,-193.211467995)) ;
#354=CARTESIAN_POINT('Axis2P3D Location',(1480.,630.645615764,-195.711467995)) ;
#364=CARTESIAN_POINT('Axis2P3D Location',(1490.,600.,-187.5)) ;
#369=CARTESIAN_POINT('Line Origine',(1490.,595.,-187.5)) ;
#373=CARTESIAN_POINT('Vertex',(1500.,595.,-187.5)) ;
#376=CARTESIAN_POINT('Axis2P3D Location',(1500.,600.,-187.5)) ;
#380=CARTESIAN_POINT('Vertex',(1500.,605.,-187.5)) ;
#383=CARTESIAN_POINT('Line Origine',(1490.,605.,-187.5)) ;
#395=CARTESIAN_POINT('Axis2P3D Location',(1500.,600.,-187.5)) ;
#407=CARTESIAN_POINT('Axis2P3D Location',(1490.,569.354384236,-195.711467995)) ;
#412=CARTESIAN_POINT('Line Origine',(1490.,565.024257217,-198.211467995)) ;
#416=CARTESIAN_POINT('Vertex',(1500.,565.024257217,-198.211467995)) ;
#419=CARTESIAN_POINT('Axis2P3D Location',(1500.,569.354384236,-195.711467995)) ;
#423=CARTESIAN_POINT('Vertex',(1500.,573.684511255,-193.211467995)) ;
#426=CARTESIAN_POINT('Line Origine',(1490.,573.684511255,-193.211467995)) ;
#438=CARTESIAN_POINT('Axis2P3D Location',(1500.,569.354384236,-195.711467995)) ;
#450=CARTESIAN_POINT('Axis2P3D Location',(1490.,546.920236468,-218.145615764)) ;
#455=CARTESIAN_POINT('Line Origine',(1490.,544.420236468,-222.475742783)) ;
#459=CARTESIAN_POINT('Vertex',(1500.,544.420236468,-222.475742783)) ;
#462=CARTESIAN_POINT('Axis2P3D Location',(1500.,546.920236468,-218.145615764)) ;
#466=CARTESIAN_POINT('Vertex',(1500.,549.420236468,-213.815488745)) ;
#469=CARTESIAN_POINT('Line Origine',(1490.,549.420236468,-213.815488745)) ;
#481=CARTESIAN_POINT('Axis2P3D Location',(1500.,546.920236468,-218.145615764)) ;
#493=CARTESIAN_POINT('Axis2P3D Location',(1490.,538.708768472,-248.791231528)) ;
#498=CARTESIAN_POINT('Line Origine',(1490.,538.708768472,-253.791231528)) ;
#502=CARTESIAN_POINT('Vertex',(1500.,538.708768472,-253.791231528)) ;
#505=CARTESIAN_POINT('Axis2P3D Location',(1500.,538.708768472,-248.791231528)) ;
#509=CARTESIAN_POINT('Vertex',(1500.,538.708768472,-243.791231528)) ;
#512=CARTESIAN_POINT('Line Origine',(1490.,538.708768472,-243.791231528)) ;
#524=CARTESIAN_POINT('Axis2P3D Location',(1500.,538.708768472,-248.791231528)) ;
#536=CARTESIAN_POINT('Axis2P3D Location',(1490.,546.920236468,-279.436847291)) ;
#541=CARTESIAN_POINT('Line Origine',(1490.,549.420236468,-283.76697431)) ;
#545=CARTESIAN_POINT('Vertex',(1500.,549.420236468,-283.76697431)) ;
#548=CARTESIAN_POINT('Axis2P3D Location',(1500.,546.920236468,-279.436847291)) ;
#552=CARTESIAN_POINT('Vertex',(1500.,544.420236468,-275.106720272)) ;
#555=CARTESIAN_POINT('Line Origine',(1490.,544.420236468,-275.106720272)) ;
#567=CARTESIAN_POINT('Axis2P3D Location',(1500.,546.920236468,-279.436847291)) ;
#579=CARTESIAN_POINT('Axis2P3D Location',(1490.,569.354384236,-301.87099506)) ;
#584=CARTESIAN_POINT('Line Origine',(1490.,573.684511255,-304.37099506)) ;
#588=CARTESIAN_POINT('Vertex',(1500.,573.684511255,-304.37099506)) ;
#591=CARTESIAN_POINT('Axis2P3D Location',(1500.,569.354384236,-301.87099506)) ;
#595=CARTESIAN_POINT('Vertex',(1500.,565.024257217,-299.37099506)) ;
#598=CARTESIAN_POINT('Line Origine',(1490.,565.024257217,-299.37099506)) ;
#610=CARTESIAN_POINT('Axis2P3D Location',(1500.,569.354384236,-301.87099506)) ;
#622=CARTESIAN_POINT('Axis2P3D Location',(1490.,600.,-310.082463055)) ;
#627=CARTESIAN_POINT('Line Origine',(1490.,605.,-310.082463055)) ;
#631=CARTESIAN_POINT('Vertex',(1500.,605.,-310.082463055)) ;
#634=CARTESIAN_POINT('Axis2P3D Location',(1500.,600.,-310.082463055)) ;
#638=CARTESIAN_POINT('Vertex',(1500.,595.,-310.082463055)) ;
#641=CARTESIAN_POINT('Line Origine',(1490.,595.,-310.082463055)) ;
#653=CARTESIAN_POINT('Axis2P3D Location',(1500.,600.,-310.082463055)) ;
#665=CARTESIAN_POINT('Axis2P3D Location',(1490.,630.645615764,-301.87099506)) ;
#670=CARTESIAN_POINT('Line Origine',(1490.,634.975742783,-299.37099506)) ;
#674=CARTESIAN_POINT('Vertex',(1500.,634.975742783,-299.37099506)) ;
#677=CARTESIAN_POINT('Axis2P3D Location',(1500.,630.645615764,-301.87099506)) ;
#681=CARTESIAN_POINT('Vertex',(1500.,626.315488745,-304.37099506)) ;
#684=CARTESIAN_POINT('Line Origine',(1490.,626.315488745,-304.37099506)) ;
#696=CARTESIAN_POINT('Axis2P3D Location',(1500.,630.645615764,-301.87099506)) ;
#708=CARTESIAN_POINT('Axis2P3D Location',(1490.,653.079763532,-279.436847291)) ;
#713=CARTESIAN_POINT('Line Origine',(1490.,655.579763532,-275.106720272)) ;
#717=CARTESIAN_POINT('Vertex',(1500.,655.579763532,-275.106720272)) ;
#720=CARTESIAN_POINT('Axis2P3D Location',(1500.,653.079763532,-279.436847291)) ;
#724=CARTESIAN_POINT('Vertex',(1500.,650.579763532,-283.76697431)) ;
#727=CARTESIAN_POINT('Line Origine',(1490.,650.579763532,-283.76697431)) ;
#739=CARTESIAN_POINT('Axis2P3D Location',(1500.,653.079763532,-279.436847291)) ;
#751=CARTESIAN_POINT('Axis2P3D Location',(1490.,661.291231528,-248.791231528)) ;
#756=CARTESIAN_POINT('Line Origine',(1490.,661.291231528,-243.791231528)) ;
#760=CARTESIAN_POINT('Vertex',(1500.,661.291231528,-243.791231528)) ;
#763=CARTESIAN_POINT('Axis2P3D Location',(1500.,661.291231528,-248.791231528)) ;
#767=CARTESIAN_POINT('Vertex',(1500.,661.291231528,-253.791231528)) ;
#770=CARTESIAN_POINT('Line Origine',(1490.,661.291231528,-253.791231528)) ;
#782=CARTESIAN_POINT('Axis2P3D Location',(1500.,661.291231528,-248.791231528)) ;
#794=CARTESIAN_POINT('Axis2P3D Location',(1490.,653.079763532,-218.145615764)) ;
#799=CARTESIAN_POINT('Line Origine',(1490.,650.579763532,-213.815488745)) ;
#803=CARTESIAN_POINT('Vertex',(1500.,650.579763532,-213.815488745)) ;
#806=CARTESIAN_POINT('Axis2P3D Location',(1500.,653.079763532,-218.145615764)) ;
#810=CARTESIAN_POINT('Vertex',(1500.,655.579763532,-222.475742783)) ;
#813=CARTESIAN_POINT('Line Origine',(1490.,655.579763532,-222.475742783)) ;
#825=CARTESIAN_POINT('Axis2P3D Location',(1500.,653.079763532,-218.145615764)) ;
#837=CARTESIAN_POINT('Axis2P3D Location',(1490.,630.645615764,-195.711467995)) ;
#842=CARTESIAN_POINT('Line Origine',(1490.,626.315488745,-193.211467995)) ;
#846=CARTESIAN_POINT('Vertex',(1500.,626.315488745,-193.211467995)) ;
#849=CARTESIAN_POINT('Axis2P3D Location',(1500.,630.645615764,-195.711467995)) ;
#853=CARTESIAN_POINT('Vertex',(1500.,634.975742783,-198.211467995)) ;
#856=CARTESIAN_POINT('Line Origine',(1490.,634.975742783,-198.211467995)) ;
#868=CARTESIAN_POINT('Axis2P3D Location',(1500.,630.645615764,-195.711467995)) ;
#880=CARTESIAN_POINT('Axis2P3D Location',(400.,1700.,1300.)) ;
#885=CARTESIAN_POINT('Line Origine',(400.,1650.,1300.)) ;
#889=CARTESIAN_POINT('Vertex',(400.,1700.,1300.)) ;
#891=CARTESIAN_POINT('Vertex',(400.,1600.,1300.)) ;
#894=CARTESIAN_POINT('Line Origine',(400.,1700.,1330.)) ;
#898=CARTESIAN_POINT('Vertex',(400.,1700.,1360.)) ;
#901=CARTESIAN_POINT('Line Origine',(400.,1650.,1360.)) ;
#905=CARTESIAN_POINT('Vertex',(400.,1600.,1360.)) ;
#908=CARTESIAN_POINT('Line Origine',(400.,1600.,1330.)) ;
#920=CARTESIAN_POINT('Axis2P3D Location',(400.,1700.,1300.)) ;
#925=CARTESIAN_POINT('Axis2P3D Location',(319.052659257,1540.,1300.)) ;
#929=CARTESIAN_POINT('Vertex',(399.052659257,1600.,1300.)) ;
#931=CARTESIAN_POINT('Vertex',(419.052659257,1540.,1300.)) ;
#934=CARTESIAN_POINT('Axis2P3D Location',(319.052659257,1540.,1300.)) ;
#938=CARTESIAN_POINT('Vertex',(219.052659257,1540.,1300.)) ;
#941=CARTESIAN_POINT('Axis2P3D Location',(319.052659257,1540.,1300.)) ;
#945=CARTESIAN_POINT('Vertex',(250.,1612.3307006,1300.)) ;
#948=CARTESIAN_POINT('Line Origine',(250.,1656.1653503,1300.)) ;
#952=CARTESIAN_POINT('Vertex',(250.,1700.,1300.)) ;
#955=CARTESIAN_POINT('Line Origine',(325.,1700.,1300.)) ;
#960=CARTESIAN_POINT('Line Origine',(399.526329629,1600.,1300.)) ;
#975=CARTESIAN_POINT('Axis2P3D Location',(1400.,1700.,100.)) ;
#980=CARTESIAN_POINT('Line Origine',(750.,1700.,2000.)) ;
#984=CARTESIAN_POINT('Vertex',(1400.,1700.,2000.)) ;
#986=CARTESIAN_POINT('Vertex',(100.,1700.,2000.)) ;
#989=CARTESIAN_POINT('Line Origine',(100.,1700.,1050.)) ;
#993=CARTESIAN_POINT('Vertex',(100.,1700.,100.)) ;
#996=CARTESIAN_POINT('Line Origine',(350.,1700.,100.)) ;
#1000=CARTESIAN_POINT('Vertex',(600.,1700.,100.)) ;
#1003=CARTESIAN_POINT('Line Origine',(600.,1700.,850.)) ;
#1007=CARTESIAN_POINT('Vertex',(600.,1700.,1600.)) ;
#1010=CARTESIAN_POINT('Line Origine',(625.,1700.,1600.)) ;
#1014=CARTESIAN_POINT('Vertex',(650.,1700.,1600.)) ;
#1017=CARTESIAN_POINT('Line Origine',(650.,1700.,850.)) ;
#1021=CARTESIAN_POINT('Vertex',(650.,1700.,100.)) ;
#1024=CARTESIAN_POINT('Line Origine',(1025.,1700.,100.)) ;
#1028=CARTESIAN_POINT('Vertex',(1400.,1700.,100.)) ;
#1031=CARTESIAN_POINT('Line Origine',(1400.,1700.,1050.)) ;
#1046=CARTESIAN_POINT('Line Origine',(250.,1700.,1330.)) ;
#1050=CARTESIAN_POINT('Vertex',(250.,1700.,1360.)) ;
#1053=CARTESIAN_POINT('Line Origine',(325.,1700.,1360.)) ;
#1065=CARTESIAN_POINT('Axis2P3D Location',(250.,1700.,1360.)) ;
#1070=CARTESIAN_POINT('Line Origine',(399.526329629,1600.,1360.)) ;
#1074=CARTESIAN_POINT('Vertex',(399.052659257,1600.,1360.)) ;
#1077=CARTESIAN_POINT('Line Origine',(250.,1656.1653503,1360.)) ;
#1081=CARTESIAN_POINT('Vertex',(250.,1612.3307006,1360.)) ;
#1084=CARTESIAN_POINT('Axis2P3D Location',(319.052659257,1540.,1360.)) ;
#1088=CARTESIAN_POINT('Vertex',(219.052659257,1540.,1360.)) ;
#1091=CARTESIAN_POINT('Axis2P3D Location',(319.052659257,1540.,1360.)) ;
#1095=CARTESIAN_POINT('Vertex',(419.052659257,1540.,1360.)) ;
#1098=CARTESIAN_POINT('Axis2P3D Location',(319.052659257,1540.,1360.)) ;
#1113=CARTESIAN_POINT('Axis2P3D Location',(0.,1600.,0.)) ;
#1118=CARTESIAN_POINT('Line Origine',(399.052659257,1600.,1330.)) ;
#1130=CARTESIAN_POINT('Axis2P3D Location',(250.,1700.,1360.)) ;
#1135=CARTESIAN_POINT('Line Origine',(250.,1612.3307006,1330.)) ;
#1147=CARTESIAN_POINT('Axis2P3D Location',(319.052659257,1540.,1330.)) ;
#1152=CARTESIAN_POINT('Line Origine',(219.052659257,1540.,1330.)) ;
#1164=CARTESIAN_POINT('Line Origine',(419.052659257,1540.,1330.)) ;
#1183=CARTESIAN_POINT('Axis2P3D Location',(1400.,3.2998837529E-013,100.)) ;
#1188=CARTESIAN_POINT('Line Origine',(1400.,850.,2000.)) ;
#1192=CARTESIAN_POINT('Vertex',(1400.,0.,2000.)) ;
#1195=CARTESIAN_POINT('Line Origine',(1400.,1325.,100.)) ;
#1199=CARTESIAN_POINT('Vertex',(1400.,950.,100.)) ;
#1202=CARTESIAN_POINT('Line Origine',(1400.,950.,300.)) ;
#1206=CARTESIAN_POINT('Vertex',(1400.,950.,500.)) ;
#1209=CARTESIAN_POINT('Line Origine',(1400.,962.5,500.)) ;
#1213=CARTESIAN_POINT('Vertex',(1400.,975.,500.)) ;
#1216=CARTESIAN_POINT('Line Origine',(1400.,975.,515.)) ;
#1220=CARTESIAN_POINT('Vertex',(1400.,975.,530.)) ;
#1223=CARTESIAN_POINT('Line Origine',(1400.,775.,530.)) ;
#1227=CARTESIAN_POINT('Vertex',(1400.,575.,530.)) ;
#1230=CARTESIAN_POINT('Line Origine',(1400.,575.,515.)) ;
#1234=CARTESIAN_POINT('Vertex',(1400.,575.,500.)) ;
#1237=CARTESIAN_POINT('Line Origine',(1400.,587.5,500.)) ;
#1241=CARTESIAN_POINT('Vertex',(1400.,600.,500.)) ;
#1244=CARTESIAN_POINT('Line Origine',(1400.,600.,300.)) ;
#1248=CARTESIAN_POINT('Vertex',(1400.,600.,100.)) ;
#1251=CARTESIAN_POINT('Line Origine',(1400.,300.,100.)) ;
#1255=CARTESIAN_POINT('Vertex',(1400.,0.,100.)) ;
#1258=CARTESIAN_POINT('Line Origine',(1400.,3.2998837529E-013,1050.)) ;
#1277=CARTESIAN_POINT('Line Origine',(1400.,635.,925.)) ;
#1281=CARTESIAN_POINT('Vertex',(1400.,635.,750.)) ;
#1283=CARTESIAN_POINT('Vertex',(1400.,635.,1100.)) ;
#1286=CARTESIAN_POINT('Line Origine',(1400.,775.,750.)) ;
#1290=CARTESIAN_POINT('Vertex',(1400.,915.,750.)) ;
#1293=CARTESIAN_POINT('Line Origine',(1400.,915.,925.)) ;
#1297=CARTESIAN_POINT('Vertex',(1400.,915.,1100.)) ;
#1300=CARTESIAN_POINT('Line Origine',(1400.,775.,1100.)) ;
#1312=CARTESIAN_POINT('Axis2P3D Location',(0.,0.,100.)) ;
#1317=CARTESIAN_POINT('Line Origine',(650.,1100.,100.)) ;
#1321=CARTESIAN_POINT('Vertex',(650.,500.,100.)) ;
#1324=CARTESIAN_POINT('Line Origine',(625.,500.,100.)) ;
#1328=CARTESIAN_POINT('Vertex',(600.,500.,100.)) ;
#1331=CARTESIAN_POINT('Line Origine',(600.,1100.,100.)) ;
#1336=CARTESIAN_POINT('Line Origine',(100.,850.,100.)) ;
#1340=CARTESIAN_POINT('Vertex',(100.,0.,100.)) ;
#1343=CARTESIAN_POINT('Line Origine',(750.,0.,100.)) ;
#1348=CARTESIAN_POINT('Line Origine',(1225.,600.,100.)) ;
#1352=CARTESIAN_POINT('Vertex',(1050.,600.,100.)) ;
#1355=CARTESIAN_POINT('Line Origine',(1050.,775.,100.)) ;
#1359=CARTESIAN_POINT('Vertex',(1050.,950.,100.)) ;
#1362=CARTESIAN_POINT('Line Origine',(1225.,950.,100.)) ;
#1381=CARTESIAN_POINT('Line Origine',(395.,850.,100.)) ;
#1385=CARTESIAN_POINT('Vertex',(395.,785.,100.)) ;
#1387=CARTESIAN_POINT('Vertex',(395.,915.,100.)) ;
#1390=CARTESIAN_POINT('Line Origine',(330.,785.,100.)) ;
#1394=CARTESIAN_POINT('Vertex',(265.,785.,100.)) ;
#1397=CARTESIAN_POINT('Line Origine',(265.,850.,100.)) ;
#1401=CARTESIAN_POINT('Vertex',(265.,915.,100.)) ;
#1404=CARTESIAN_POINT('Line Origine',(330.,915.,100.)) ;
#1416=CARTESIAN_POINT('Axis2P3D Location',(650.,500.,100.)) ;
#1421=CARTESIAN_POINT('Line Origine',(650.,500.,850.)) ;
#1425=CARTESIAN_POINT('Vertex',(650.,500.,1600.)) ;
#1428=CARTESIAN_POINT('Line Origine',(650.,1100.,1600.)) ;
#1440=CARTESIAN_POINT('Axis2P3D Location',(0.,0.,1600.)) ;
#1445=CARTESIAN_POINT('Line Origine',(600.,1100.,1600.)) ;
#1449=CARTESIAN_POINT('Vertex',(600.,500.,1600.)) ;
#1452=CARTESIAN_POINT('Line Origine',(625.,500.,1600.)) ;
#1464=CARTESIAN_POINT('Axis2P3D Location',(600.,1700.,100.)) ;
#1469=CARTESIAN_POINT('Line Origine',(600.,500.,850.)) ;
#1481=CARTESIAN_POINT('Axis2P3D Location',(100.,1700.,100.)) ;
#1486=CARTESIAN_POINT('Line Origine',(100.,850.,2000.)) ;
#1490=CARTESIAN_POINT('Vertex',(100.,0.,2000.)) ;
#1493=CARTESIAN_POINT('Line Origine',(100.,0.,1050.)) ;
#1505=CARTESIAN_POINT('Axis2P3D Location',(0.,0.,2000.)) ;
#1510=CARTESIAN_POINT('Line Origine',(750.,0.,2000.)) ;
#1522=CARTESIAN_POINT('Axis2P3D Location',(0.,0.,0.)) ;
#1527=CARTESIAN_POINT('Line Origine',(100.,0.,-195.114)) ;
#1531=CARTESIAN_POINT('Vertex',(100.,0.,0.)) ;
#1533=CARTESIAN_POINT('Vertex',(100.,0.,-390.228)) ;
#1536=CARTESIAN_POINT('Line Origine',(800.,0.,0.)) ;
#1540=CARTESIAN_POINT('Vertex',(1500.,0.,0.)) ;
#1543=CARTESIAN_POINT('Line Origine',(1500.,0.,1050.)) ;
#1547=CARTESIAN_POINT('Vertex',(1500.,0.,2100.)) ;
#1550=CARTESIAN_POINT('Line Origine',(750.,0.,2100.)) ;
#1554=CARTESIAN_POINT('Vertex',(0.,0.,2100.)) ;
#1557=CARTESIAN_POINT('Line Origine',(0.,0.,854.886)) ;
#1561=CARTESIAN_POINT('Vertex',(0.,0.,-390.228)) ;
#1564=CARTESIAN_POINT('Line Origine',(50.,0.,-390.228)) ;
#1584=CARTESIAN_POINT('Axis2P3D Location',(1400.,600.,100.)) ;
#1589=CARTESIAN_POINT('Line Origine',(1050.,600.,300.)) ;
#1593=CARTESIAN_POINT('Vertex',(1050.,600.,500.)) ;
#1596=CARTESIAN_POINT('Line Origine',(1225.,600.,500.)) ;
#1608=CARTESIAN_POINT('Axis2P3D Location',(0.,0.,500.)) ;
#1613=CARTESIAN_POINT('Line Origine',(1225.,950.,500.)) ;
#1617=CARTESIAN_POINT('Vertex',(1050.,950.,500.)) ;
#1620=CARTESIAN_POINT('Line Origine',(1050.,775.,500.)) ;
#1625=CARTESIAN_POINT('Line Origine',(1207.5,575.,500.)) ;
#1629=CARTESIAN_POINT('Vertex',(1015.,575.,500.)) ;
#1632=CARTESIAN_POINT('Line Origine',(1015.,775.,500.)) ;
#1636=CARTESIAN_POINT('Vertex',(1015.,975.,500.)) ;
#1639=CARTESIAN_POINT('Line Origine',(1207.5,975.,500.)) ;
#1655=CARTESIAN_POINT('Axis2P3D Location',(1400.,575.,500.)) ;
#1660=CARTESIAN_POINT('Line Origine',(1015.,575.,515.)) ;
#1664=CARTESIAN_POINT('Vertex',(1015.,575.,530.)) ;
#1667=CARTESIAN_POINT('Line Origine',(1207.5,575.,530.)) ;
#1679=CARTESIAN_POINT('Axis2P3D Location',(0.,0.,530.)) ;
#1684=CARTESIAN_POINT('Line Origine',(1015.,775.,530.)) ;
#1688=CARTESIAN_POINT('Vertex',(1015.,975.,530.)) ;
#1691=CARTESIAN_POINT('Line Origine',(1207.5,975.,530.)) ;
#1702=CARTESIAN_POINT('Axis2P3D Location',(1215.,775.,530.)) ;
#1706=CARTESIAN_POINT('Vertex',(1350.,775.,530.)) ;
#1708=CARTESIAN_POINT('Vertex',(1080.,775.,530.)) ;
#1711=CARTESIAN_POINT('Axis2P3D Location',(1215.,775.,530.)) ;
#1721=CARTESIAN_POINT('Axis2P3D Location',(1015.,975.,500.)) ;
#1726=CARTESIAN_POINT('Line Origine',(1015.,975.,515.)) ;
#1738=CARTESIAN_POINT('Axis2P3D Location',(1050.,950.,100.)) ;
#1743=CARTESIAN_POINT('Line Origine',(1050.,950.,300.)) ;
#1755=CARTESIAN_POINT('Axis2P3D Location',(1400.,915.,1100.)) ;
#1760=CARTESIAN_POINT('Line Origine',(1387.5,635.,1100.)) ;
#1764=CARTESIAN_POINT('Vertex',(1375.,635.,1100.)) ;
#1767=CARTESIAN_POINT('Line Origine',(1387.5,915.,1100.)) ;
#1771=CARTESIAN_POINT('Vertex',(1375.,915.,1100.)) ;
#1774=CARTESIAN_POINT('Line Origine',(1375.,775.,1100.)) ;
#1786=CARTESIAN_POINT('Axis2P3D Location',(265.,915.,100.)) ;
#1791=CARTESIAN_POINT('Line Origine',(1387.5,915.,750.)) ;
#1795=CARTESIAN_POINT('Vertex',(1375.,915.,750.)) ;
#1798=CARTESIAN_POINT('Line Origine',(1375.,915.,925.)) ;
#1810=CARTESIAN_POINT('Axis2P3D Location',(1400.,635.,750.)) ;
#1815=CARTESIAN_POINT('Line Origine',(1387.5,635.,750.)) ;
#1819=CARTESIAN_POINT('Vertex',(1375.,635.,750.)) ;
#1822=CARTESIAN_POINT('Line Origine',(1375.,775.,750.)) ;
#1834=CARTESIAN_POINT('Axis2P3D Location',(1400.,635.,750.)) ;
#1839=CARTESIAN_POINT('Line Origine',(1375.,635.,925.)) ;
#1851=CARTESIAN_POINT('Axis2P3D Location',(650.,500.,100.)) ;
#1863=CARTESIAN_POINT('Axis2P3D Location',(1050.,600.,100.)) ;
#1875=CARTESIAN_POINT('Axis2P3D Location',(395.,785.,100.)) ;
#1880=CARTESIAN_POINT('Line Origine',(395.,785.,92.5)) ;
#1884=CARTESIAN_POINT('Vertex',(395.,785.,85.)) ;
#1887=CARTESIAN_POINT('Line Origine',(395.,915.,92.5)) ;
#1891=CARTESIAN_POINT('Vertex',(395.,915.,85.)) ;
#1894=CARTESIAN_POINT('Line Origine',(395.,850.,85.)) ;
#1906=CARTESIAN_POINT('Axis2P3D Location',(395.,785.,100.)) ;
#1911=CARTESIAN_POINT('Line Origine',(265.,785.,92.5)) ;
#1915=CARTESIAN_POINT('Vertex',(265.,785.,85.)) ;
#1918=CARTESIAN_POINT('Line Origine',(330.,785.,85.)) ;
#1930=CARTESIAN_POINT('Axis2P3D Location',(265.,915.,100.)) ;
#1935=CARTESIAN_POINT('Line Origine',(265.,915.,92.5)) ;
#1939=CARTESIAN_POINT('Vertex',(265.,915.,85.)) ;
#1942=CARTESIAN_POINT('Line Origine',(265.,850.,85.)) ;
#1954=CARTESIAN_POINT('Line Origine',(330.,915.,85.)) ;
#1966=CARTESIAN_POINT('Line Origine',(100.,1700.,-195.114)) ;
#1970=CARTESIAN_POINT('Vertex',(100.,1700.,0.)) ;
#1972=CARTESIAN_POINT('Vertex',(100.,1700.,-390.228)) ;
#1975=CARTESIAN_POINT('Line Origine',(100.,850.,0.)) ;
#1980=CARTESIAN_POINT('Line Origine',(100.,850.,-390.228)) ;
#1992=CARTESIAN_POINT('Axis2P3D Location',(0.,0.,0.)) ;
#1997=CARTESIAN_POINT('Line Origine',(750.,1700.,0.)) ;
#2001=CARTESIAN_POINT('Vertex',(1400.,1700.,0.)) ;
#2004=CARTESIAN_POINT('Line Origine',(1400.,1300.,0.)) ;
#2008=CARTESIAN_POINT('Vertex',(1400.,900.,0.)) ;
#2011=CARTESIAN_POINT('Line Origine',(1450.,900.,0.)) ;
#2015=CARTESIAN_POINT('Vertex',(1500.,900.,0.)) ;
#2018=CARTESIAN_POINT('Line Origine',(1500.,450.,0.)) ;
#2031=CARTESIAN_POINT('Axis2P3D Location',(330.,850.,0.)) ;
#2035=CARTESIAN_POINT('Vertex',(385.,850.,0.)) ;
#2037=CARTESIAN_POINT('Vertex',(275.,850.,0.)) ;
#2040=CARTESIAN_POINT('Axis2P3D Location',(330.,850.,0.)) ;
#2050=CARTESIAN_POINT('Axis2P3D Location',(1500.,0.,0.)) ;
#2055=CARTESIAN_POINT('Line Origine',(1500.,1800.,854.886)) ;
#2059=CARTESIAN_POINT('Vertex',(1500.,1800.,-390.228)) ;
#2061=CARTESIAN_POINT('Vertex',(1500.,1800.,2100.)) ;
#2064=CARTESIAN_POINT('Line Origine',(1500.,900.,2100.)) ;
#2069=CARTESIAN_POINT('Line Origine',(1500.,900.,-195.114)) ;
#2073=CARTESIAN_POINT('Vertex',(1500.,900.,-390.228)) ;
#2076=CARTESIAN_POINT('Line Origine',(1500.,1350.,-390.228)) ;
#2090=CARTESIAN_POINT('Axis2P3D Location',(0.,0.,2100.)) ;
#2095=CARTESIAN_POINT('Line Origine',(750.,1800.,2100.)) ;
#2099=CARTESIAN_POINT('Vertex',(-2.27373675443E-013,1800.,2100.)) ;
#2102=CARTESIAN_POINT('Line Origine',(0.,900.,2100.)) ;
#2114=CARTESIAN_POINT('Axis2P3D Location',(0.,1800.,0.)) ;
#2119=CARTESIAN_POINT('Line Origine',(0.,1800.,854.886)) ;
#2123=CARTESIAN_POINT('Vertex',(0.,1800.,-390.228)) ;
#2126=CARTESIAN_POINT('Line Origine',(0.,900.,-390.228)) ;
#2138=CARTESIAN_POINT('Axis2P3D Location',(0.,0.,-390.228)) ;
#2143=CARTESIAN_POINT('Line Origine',(750.,1800.,-390.228)) ;
#2148=CARTESIAN_POINT('Line Origine',(1450.,900.,-390.228)) ;
#2152=CARTESIAN_POINT('Vertex',(1400.,900.,-390.228)) ;
#2155=CARTESIAN_POINT('Line Origine',(1400.,1300.,-390.228)) ;
#2159=CARTESIAN_POINT('Vertex',(1400.,1700.,-390.228)) ;
#2162=CARTESIAN_POINT('Line Origine',(750.,1700.,-390.228)) ;
#2178=CARTESIAN_POINT('Axis2P3D Location',(1015.,975.,500.)) ;
#2190=CARTESIAN_POINT('Axis2P3D Location',(1215.,775.,570.)) ;
#2195=CARTESIAN_POINT('Line Origine',(1350.,775.,570.)) ;
#2199=CARTESIAN_POINT('Vertex',(1350.,775.,610.)) ;
#2202=CARTESIAN_POINT('Line Origine',(1080.,775.,570.)) ;
#2206=CARTESIAN_POINT('Vertex',(1080.,775.,610.)) ;
#2209=CARTESIAN_POINT('Axis2P3D Location',(1215.,775.,610.)) ;
#2221=CARTESIAN_POINT('Axis2P3D Location',(1215.,775.,610.)) ;
#2233=CARTESIAN_POINT('Axis2P3D Location',(1375.,0.,0.)) ;
#2245=CARTESIAN_POINT('Axis2P3D Location',(0.,0.,85.)) ;
#2256=CARTESIAN_POINT('Axis2P3D Location',(330.,850.,85.)) ;
#2260=CARTESIAN_POINT('Vertex',(280.,850.,85.)) ;
#2262=CARTESIAN_POINT('Vertex',(380.,850.,85.)) ;
#2265=CARTESIAN_POINT('Axis2P3D Location',(330.,850.,85.)) ;
#2275=CARTESIAN_POINT('Line Origine',(1400.,1700.,-195.114)) ;
#2287=CARTESIAN_POINT('Axis2P3D Location',(1500.,900.,0.)) ;
#2292=CARTESIAN_POINT('Line Origine',(1400.,900.,-195.114)) ;
#2311=CARTESIAN_POINT('Axis2P3D Location',(330.,850.,-50.)) ;
#2316=CARTESIAN_POINT('Line Origine',(385.,850.,-50.)) ;
#2320=CARTESIAN_POINT('Vertex',(385.,850.,-100.)) ;
#2323=CARTESIAN_POINT('Axis2P3D Location',(330.,850.,-100.)) ;
#2327=CARTESIAN_POINT('Vertex',(330.,905.,-100.)) ;
#2330=CARTESIAN_POINT('Axis2P3D Location',(330.,850.,-100.)) ;
#2334=CARTESIAN_POINT('Vertex',(275.,850.,-100.)) ;
#2337=CARTESIAN_POINT('Line Origine',(275.,850.,-50.)) ;
#2350=CARTESIAN_POINT('Axis2P3D Location',(330.,850.,-50.)) ;
#2355=CARTESIAN_POINT('Axis2P3D Location',(330.,850.,-100.)) ;
#2359=CARTESIAN_POINT('Vertex',(330.,795.,-100.)) ;
#2362=CARTESIAN_POINT('Axis2P3D Location',(330.,850.,-100.)) ;
#2375=CARTESIAN_POINT('Axis2P3D Location',(1500.,1800.,0.)) ;
#2387=CARTESIAN_POINT('Axis2P3D Location',(0.,0.,610.)) ;
#2396=CARTESIAN_POINT('Axis2P3D Location',(1215.,775.,610.)) ;
#2400=CARTESIAN_POINT('Vertex',(1095.,775.,610.)) ;
#2402=CARTESIAN_POINT('Vertex',(1335.,775.,610.)) ;
#2405=CARTESIAN_POINT('Axis2P3D Location',(1215.,775.,610.)) ;
#2415=CARTESIAN_POINT('Axis2P3D Location',(330.,850.,49.3399999885)) ;
#2420=CARTESIAN_POINT('Line Origine',(380.,850.,49.3399999885)) ;
#2424=CARTESIAN_POINT('Vertex',(380.,850.,-100.)) ;
#2427=CARTESIAN_POINT('Axis2P3D Location',(330.,850.,-100.)) ;
#2431=CARTESIAN_POINT('Vertex',(330.,800.,-100.)) ;
#2434=CARTESIAN_POINT('Axis2P3D Location',(330.,850.,-100.)) ;
#2438=CARTESIAN_POINT('Vertex',(280.,850.,-100.)) ;
#2441=CARTESIAN_POINT('Line Origine',(280.,850.,49.3399999885)) ;
#2445=CARTESIAN_POINT('Vertex',(280.,850.,7.1054273576E-015)) ;
#2448=CARTESIAN_POINT('Line Origine',(280.,850.,49.3399999885)) ;
#2462=CARTESIAN_POINT('Axis2P3D Location',(330.,850.,-100.)) ;
#2466=CARTESIAN_POINT('Vertex',(330.,900.,-100.)) ;
#2469=CARTESIAN_POINT('Axis2P3D Location',(330.,850.,-100.)) ;
#2483=CARTESIAN_POINT('Axis2P3D Location',(480.,850.,-100.)) ;
#2488=CARTESIAN_POINT('Axis2P3D Location',(480.,795.,-100.)) ;
#2492=CARTESIAN_POINT('Vertex',(480.,795.,-250.)) ;
#2496=CARTESIAN_POINT('Control Point',(480.,905.,-250.)) ;
#2497=CARTESIAN_POINT('Control Point',(480.,905.,-241.275968876)) ;
#2498=CARTESIAN_POINT('Control Point',(480.,903.270256385,-232.551937752)) ;
#2499=CARTESIAN_POINT('Control Point',(480.,899.808856171,-224.285550006)) ;
#2500=CARTESIAN_POINT('Control Point',(480.,889.803830335,-209.578210911)) ;
#2501=CARTESIAN_POINT('Control Point',(480.,874.944119187,-199.800910169)) ;
#2502=CARTESIAN_POINT('Control Point',(480.,866.625292234,-196.46723097)) ;
#2503=CARTESIAN_POINT('Control Point',(480.,849.125800794,-193.276954857)) ;
#2504=CARTESIAN_POINT('Control Point',(480.,831.732932246,-197.004981955)) ;
#2505=CARTESIAN_POINT('Control Point',(480.,823.520787147,-200.593431727)) ;
#2506=CARTESIAN_POINT('Control Point',(480.,809.252167332,-210.625225235)) ;
#2507=CARTESIAN_POINT('Control Point',(480.,799.795271818,-225.25123844)) ;
#2508=CARTESIAN_POINT('Control Point',(480.,796.597918009,-233.229980036)) ;
#2509=CARTESIAN_POINT('Control Point',(480.,795.,-241.614990018)) ;
#2510=CARTESIAN_POINT('Control Point',(480.,795.,-250.)) ;
#2511=CARTESIAN_POINT('Vertex',(480.,905.,-250.)) ;
#2514=CARTESIAN_POINT('Axis2P3D Location',(480.,905.,-100.)) ;
#2528=CARTESIAN_POINT('Control Point',(480.,795.,-250.)) ;
#2529=CARTESIAN_POINT('Control Point',(480.,795.,-258.724031125)) ;
#2530=CARTESIAN_POINT('Control Point',(480.,796.729743615,-267.448062249)) ;
#2531=CARTESIAN_POINT('Control Point',(480.,800.191143831,-275.714449998)) ;
#2532=CARTESIAN_POINT('Control Point',(480.,810.196169667,-290.421789092)) ;
#2533=CARTESIAN_POINT('Control Point',(480.,825.055880817,-300.199089833)) ;
#2534=CARTESIAN_POINT('Control Point',(480.,833.374707772,-303.532769032)) ;
#2535=CARTESIAN_POINT('Control Point',(480.,850.874199212,-306.723045142)) ;
#2536=CARTESIAN_POINT('Control Point',(480.,868.267067759,-302.995018043)) ;
#2537=CARTESIAN_POINT('Control Point',(480.,876.479212858,-299.406568271)) ;
#2538=CARTESIAN_POINT('Control Point',(480.,890.747832807,-289.374774666)) ;
#2539=CARTESIAN_POINT('Control Point',(480.,900.204728363,-274.748761278)) ;
#2540=CARTESIAN_POINT('Control Point',(480.,903.402081929,-266.770020288)) ;
#2541=CARTESIAN_POINT('Control Point',(480.,905.,-258.385010144)) ;
#2542=CARTESIAN_POINT('Control Point',(480.,905.,-250.)) ;
#2552=CARTESIAN_POINT('Axis2P3D Location',(1215.,775.,570.)) ;
#2557=CARTESIAN_POINT('Line Origine',(1335.,775.,570.)) ;
#2561=CARTESIAN_POINT('Vertex',(1335.,775.,530.)) ;
#2564=CARTESIAN_POINT('Axis2P3D Location',(1215.,775.,530.)) ;
#2568=CARTESIAN_POINT('Vertex',(1095.,775.,530.)) ;
#2571=CARTESIAN_POINT('Line Origine',(1095.,775.,570.)) ;
#2583=CARTESIAN_POINT('Axis2P3D Location',(1215.,775.,530.)) ;
#2595=CARTESIAN_POINT('Axis2P3D Location',(480.,850.,-100.)) ;
#2600=CARTESIAN_POINT('Axis2P3D Location',(480.,800.,-100.)) ;
#2604=CARTESIAN_POINT('Vertex',(480.,800.,-250.)) ;
#2608=CARTESIAN_POINT('Control Point',(480.,800.,-250.)) ;
#2609=CARTESIAN_POINT('Control Point',(480.,800.,-258.318096205)) ;
#2610=CARTESIAN_POINT('Control Point',(480.,801.729768112,-266.63619241)) ;
#2611=CARTESIAN_POINT('Control Point',(480.,805.191552336,-274.474092473)) ;
#2612=CARTESIAN_POINT('Control Point',(480.,815.158204344,-288.236372418)) ;
#2613=CARTESIAN_POINT('Control Point',(480.,829.78515125,-296.884331256)) ;
#2614=CARTESIAN_POINT('Control Point',(480.,837.910315231,-299.604638387)) ;
#2615=CARTESIAN_POINT('Control Point',(480.,854.795779827,-301.5070227)) ;
#2616=CARTESIAN_POINT('Control Point',(480.,871.039775051,-296.519979505)) ;
#2617=CARTESIAN_POINT('Control Point',(480.,878.523052814,-292.346382201)) ;
#2618=CARTESIAN_POINT('Control Point',(480.,889.875715416,-282.39670243)) ;
#2619=CARTESIAN_POINT('Control Point',(480.,896.868352372,-269.15905048)) ;
#2620=CARTESIAN_POINT('Control Point',(480.,898.956294207,-262.922574316)) ;
#2621=CARTESIAN_POINT('Control Point',(480.,900.,-256.461287158)) ;
#2622=CARTESIAN_POINT('Control Point',(480.,900.,-250.)) ;
#2623=CARTESIAN_POINT('Vertex',(480.,900.,-250.)) ;
#2626=CARTESIAN_POINT('Axis2P3D Location',(480.,900.,-100.)) ;
#2640=CARTESIAN_POINT('Control Point',(480.,900.,-250.)) ;
#2641=CARTESIAN_POINT('Control Point',(480.,900.,-241.681903796)) ;
#2642=CARTESIAN_POINT('Control Point',(480.,898.270231888,-233.363807591)) ;
#2643=CARTESIAN_POINT('Control Point',(480.,894.808447664,-225.525907527)) ;
#2644=CARTESIAN_POINT('Control Point',(480.,884.841795657,-211.763627583)) ;
#2645=CARTESIAN_POINT('Control Point',(480.,870.21484875,-203.115668744)) ;
#2646=CARTESIAN_POINT('Control Point',(480.,862.08968477,-200.395361613)) ;
#2647=CARTESIAN_POINT('Control Point',(480.,845.204220175,-198.4929773)) ;
#2648=CARTESIAN_POINT('Control Point',(480.,828.96022495,-203.480020495)) ;
#2649=CARTESIAN_POINT('Control Point',(480.,821.476947186,-207.653617799)) ;
#2650=CARTESIAN_POINT('Control Point',(480.,810.124284633,-217.603297527)) ;
#2651=CARTESIAN_POINT('Control Point',(480.,803.131647687,-230.840949407)) ;
#2652=CARTESIAN_POINT('Control Point',(480.,801.043705773,-237.07742581)) ;
#2653=CARTESIAN_POINT('Control Point',(480.,800.,-243.538712905)) ;
#2654=CARTESIAN_POINT('Control Point',(480.,800.,-250.)) ;
#2664=CARTESIAN_POINT('Axis2P3D Location',(505.,850.,-250.)) ;
#2669=CARTESIAN_POINT('Line Origine',(505.,795.,-250.)) ;
#2673=CARTESIAN_POINT('Vertex',(530.,795.,-250.)) ;
#2676=CARTESIAN_POINT('Axis2P3D Location',(530.,850.,-250.)) ;
#2680=CARTESIAN_POINT('Vertex',(530.,905.,-250.)) ;
#2683=CARTESIAN_POINT('Line Origine',(505.,905.,-250.)) ;
#2695=CARTESIAN_POINT('Axis2P3D Location',(530.,850.,-250.)) ;
#2712=CARTESIAN_POINT('Axis2P3D Location',(505.,850.,-250.)) ;
#2717=CARTESIAN_POINT('Line Origine',(505.,800.,-250.)) ;
#2721=CARTESIAN_POINT('Vertex',(530.,800.,-250.)) ;
#2724=CARTESIAN_POINT('Axis2P3D Location',(530.,850.,-250.)) ;
#2728=CARTESIAN_POINT('Vertex',(530.,900.,-250.)) ;
#2731=CARTESIAN_POINT('Line Origine',(505.,900.,-250.)) ;
#2743=CARTESIAN_POINT('Axis2P3D Location',(530.,850.,-250.)) ;
#2755=CARTESIAN_POINT('Axis2P3D Location',(530.,1000.,-250.)) ;
#2760=CARTESIAN_POINT('Axis2P3D Location',(530.,1000.,-250.)) ;
#2764=CARTESIAN_POINT('Vertex',(735.,1000.,-250.)) ;
#2768=CARTESIAN_POINT('Control Point',(625.,1000.,-250.)) ;
#2769=CARTESIAN_POINT('Control Point',(625.,1000.,-241.275968876)) ;
#2770=CARTESIAN_POINT('Control Point',(626.729743615,1000.,-232.551937753)) ;
#2771=CARTESIAN_POINT('Control Point',(630.19114383,1000.,-224.285550005)) ;
#2772=CARTESIAN_POINT('Control Point',(640.196169665,1000.,-209.578210911)) ;
#2773=CARTESIAN_POINT('Control Point',(655.055880812,1000.,-199.800910169)) ;
#2774=CARTESIAN_POINT('Control Point',(663.374707768,1000.,-196.467230969)) ;
#2775=CARTESIAN_POINT('Control Point',(680.874199208,1000.,-193.276954858)) ;
#2776=CARTESIAN_POINT('Control Point',(698.267067755,1000.,-197.004981955)) ;
#2777=CARTESIAN_POINT('Control Point',(706.479212854,1000.,-200.593431727)) ;
#2778=CARTESIAN_POINT('Control Point',(720.747832668,1000.,-210.625225236)) ;
#2779=CARTESIAN_POINT('Control Point',(730.204728181,1000.,-225.251238439)) ;
#2780=CARTESIAN_POINT('Control Point',(733.402081991,1000.,-233.229980037)) ;
#2781=CARTESIAN_POINT('Control Point',(735.,1000.,-241.614990018)) ;
#2782=CARTESIAN_POINT('Control Point',(735.,1000.,-250.)) ;
#2783=CARTESIAN_POINT('Vertex',(625.,1000.,-250.)) ;
#2786=CARTESIAN_POINT('Axis2P3D Location',(530.,1000.,-250.)) ;
#2799=CARTESIAN_POINT('Control Point',(735.,1000.,-250.)) ;
#2800=CARTESIAN_POINT('Control Point',(735.,1000.,-258.724031127)) ;
#2801=CARTESIAN_POINT('Control Point',(733.270256384,1000.,-267.448062253)) ;
#2802=CARTESIAN_POINT('Control Point',(729.808856169,1000.,-275.71445)) ;
#2803=CARTESIAN_POINT('Control Point',(719.80383033,1000.,-290.421789096)) ;
#2804=CARTESIAN_POINT('Control Point',(704.944119177,1000.,-300.199089836)) ;
#2805=CARTESIAN_POINT('Control Point',(696.625292222,1000.,-303.532769034)) ;
#2806=CARTESIAN_POINT('Control Point',(679.125800782,1000.,-306.723045142)) ;
#2807=CARTESIAN_POINT('Control Point',(661.732932235,1000.,-302.995018041)) ;
#2808=CARTESIAN_POINT('Control Point',(653.520787136,1000.,-299.406568268)) ;
#2809=CARTESIAN_POINT('Control Point',(639.25216719,1000.,-289.374774662)) ;
#2810=CARTESIAN_POINT('Control Point',(629.795271636,1000.,-274.748761276)) ;
#2811=CARTESIAN_POINT('Control Point',(626.59791807,1000.,-266.770020284)) ;
#2812=CARTESIAN_POINT('Control Point',(625.,1000.,-258.385010142)) ;
#2813=CARTESIAN_POINT('Control Point',(625.,1000.,-250.)) ;
#2822=CARTESIAN_POINT('Axis2P3D Location',(530.,1000.,-250.)) ;
#2827=CARTESIAN_POINT('Axis2P3D Location',(530.,1000.,-250.)) ;
#2831=CARTESIAN_POINT('Vertex',(730.,1000.,-250.)) ;
#2835=CARTESIAN_POINT('Control Point',(730.,1000.,-250.)) ;
#2836=CARTESIAN_POINT('Control Point',(730.,1000.,-258.318096208)) ;
#2837=CARTESIAN_POINT('Control Point',(728.270231887,1000.,-266.636192417)) ;
#2838=CARTESIAN_POINT('Control Point',(724.808447662,1000.,-274.474092478)) ;
#2839=CARTESIAN_POINT('Control Point',(714.841795649,1000.,-288.236372426)) ;
#2840=CARTESIAN_POINT('Control Point',(700.214848736,1000.,-296.884331262)) ;
#2841=CARTESIAN_POINT('Control Point',(692.089684758,1000.,-299.60463839)) ;
#2842=CARTESIAN_POINT('Control Point',(675.204220162,1000.,-301.507022699)) ;
#2843=CARTESIAN_POINT('Control Point',(658.960224939,1000.,-296.5199795)) ;
#2844=CARTESIAN_POINT('Control Point',(651.476947173,1000.,-292.346382192)) ;
#2845=CARTESIAN_POINT('Control Point',(640.124284578,1000.,-282.396702422)) ;
#2846=CARTESIAN_POINT('Control Point',(633.131647627,1000.,-269.159050475)) ;
#2847=CARTESIAN_POINT('Control Point',(631.043705792,1000.,-262.922574307)) ;
#2848=CARTESIAN_POINT('Control Point',(630.,1000.,-256.461287154)) ;
#2849=CARTESIAN_POINT('Control Point',(630.,1000.,-250.)) ;
#2850=CARTESIAN_POINT('Vertex',(630.,1000.,-250.)) ;
#2853=CARTESIAN_POINT('Axis2P3D Location',(530.,1000.,-250.)) ;
#2866=CARTESIAN_POINT('Control Point',(630.,1000.,-250.)) ;
#2867=CARTESIAN_POINT('Control Point',(630.,1000.,-241.681903795)) ;
#2868=CARTESIAN_POINT('Control Point',(631.729768112,1000.,-233.36380759)) ;
#2869=CARTESIAN_POINT('Control Point',(635.191552335,1000.,-225.525907528)) ;
#2870=CARTESIAN_POINT('Control Point',(645.158204344,1000.,-211.763627582)) ;
#2871=CARTESIAN_POINT('Control Point',(659.785151252,1000.,-203.115668743)) ;
#2872=CARTESIAN_POINT('Control Point',(667.910315228,1000.,-200.395361614)) ;
#2873=CARTESIAN_POINT('Control Point',(684.795779826,1000.,-198.492977299)) ;
#2874=CARTESIAN_POINT('Control Point',(701.039775052,1000.,-203.480020495)) ;
#2875=CARTESIAN_POINT('Control Point',(708.523052813,1000.,-207.653617799)) ;
#2876=CARTESIAN_POINT('Control Point',(719.875715367,1000.,-217.603297526)) ;
#2877=CARTESIAN_POINT('Control Point',(726.868352313,1000.,-230.840949407)) ;
#2878=CARTESIAN_POINT('Control Point',(728.956294227,1000.,-237.077425811)) ;
#2879=CARTESIAN_POINT('Control Point',(730.,1000.,-243.538712905)) ;
#2880=CARTESIAN_POINT('Control Point',(730.,1000.,-250.)) ;
#2889=CARTESIAN_POINT('Axis2P3D Location',(680.,1125.,-250.)) ;
#2894=CARTESIAN_POINT('Axis2P3D Location',(680.,1250.,-250.)) ;
#2898=CARTESIAN_POINT('Vertex',(735.,1250.,-250.)) ;
#2900=CARTESIAN_POINT('Vertex',(625.,1250.,-250.)) ;
#2903=CARTESIAN_POINT('Line Origine',(625.,1125.,-250.)) ;
#2908=CARTESIAN_POINT('Line Origine',(735.,1125.,-250.)) ;
#2920=CARTESIAN_POINT('Axis2P3D Location',(680.,1250.,-250.)) ;
#2932=CARTESIAN_POINT('Axis2P3D Location',(680.,1125.,-250.)) ;
#2937=CARTESIAN_POINT('Axis2P3D Location',(680.,1250.,-250.)) ;
#2941=CARTESIAN_POINT('Vertex',(630.,1250.,-250.)) ;
#2943=CARTESIAN_POINT('Vertex',(730.,1250.,-250.)) ;
#2946=CARTESIAN_POINT('Line Origine',(630.,1125.,-250.)) ;
#2951=CARTESIAN_POINT('Line Origine',(730.,1125.,-250.)) ;
#2963=CARTESIAN_POINT('Axis2P3D Location',(680.,1250.,-250.)) ;
#2975=CARTESIAN_POINT('Axis2P3D Location',(830.,1250.,-250.)) ;
#2980=CARTESIAN_POINT('Axis2P3D Location',(830.,1250.,-250.)) ;
#2984=CARTESIAN_POINT('Vertex',(830.,1345.,-250.)) ;
#2988=CARTESIAN_POINT('Control Point',(830.,1455.,-250.)) ;
#2989=CARTESIAN_POINT('Control Point',(830.,1455.,-241.275968876)) ;
#2990=CARTESIAN_POINT('Control Point',(830.,1453.27025639,-232.551937752)) ;
#2991=CARTESIAN_POINT('Control Point',(830.,1449.80885617,-224.285550005)) ;
#2992=CARTESIAN_POINT('Control Point',(830.,1439.80383033,-209.57821091)) ;
#2993=CARTESIAN_POINT('Control Point',(830.,1424.94411919,-199.800910168)) ;
#2994=CARTESIAN_POINT('Control Point',(830.,1416.62529223,-196.46723097)) ;
#2995=CARTESIAN_POINT('Control Point',(830.,1399.12580079,-193.276954857)) ;
#2996=CARTESIAN_POINT('Control Point',(830.,1381.73293224,-197.004981956)) ;
#2997=CARTESIAN_POINT('Control Point',(830.,1373.52078715,-200.593431727)) ;
#2998=CARTESIAN_POINT('Control Point',(830.,1359.25216733,-210.625225236)) ;
#2999=CARTESIAN_POINT('Control Point',(830.,1349.79527182,-225.251238441)) ;
#3000=CARTESIAN_POINT('Control Point',(830.,1346.59791801,-233.229980035)) ;
#3001=CARTESIAN_POINT('Control Point',(830.,1345.,-241.614990018)) ;
#3002=CARTESIAN_POINT('Control Point',(830.,1345.,-250.)) ;
#3003=CARTESIAN_POINT('Vertex',(830.,1455.,-250.)) ;
#3006=CARTESIAN_POINT('Axis2P3D Location',(830.,1250.,-250.)) ;
#3019=CARTESIAN_POINT('Control Point',(830.,1345.,-250.)) ;
#3020=CARTESIAN_POINT('Control Point',(830.,1345.,-258.724031124)) ;
#3021=CARTESIAN_POINT('Control Point',(830.,1346.72974361,-267.448062249)) ;
#3022=CARTESIAN_POINT('Control Point',(830.,1350.19114383,-275.714449994)) ;
#3023=CARTESIAN_POINT('Control Point',(830.,1360.19616966,-290.42178909)) ;
#3024=CARTESIAN_POINT('Control Point',(830.,1375.05588082,-300.199089833)) ;
#3025=CARTESIAN_POINT('Control Point',(830.,1383.37470776,-303.53276903)) ;
#3026=CARTESIAN_POINT('Control Point',(830.,1400.87419921,-306.723045143)) ;
#3027=CARTESIAN_POINT('Control Point',(830.,1418.26706775,-302.995018045)) ;
#3028=CARTESIAN_POINT('Control Point',(830.,1426.47921285,-299.406568273)) ;
#3029=CARTESIAN_POINT('Control Point',(830.,1440.7478328,-289.374774669)) ;
#3030=CARTESIAN_POINT('Control Point',(830.,1450.20472836,-274.748761282)) ;
#3031=CARTESIAN_POINT('Control Point',(830.,1453.40208193,-266.770020289)) ;
#3032=CARTESIAN_POINT('Control Point',(830.,1455.,-258.385010144)) ;
#3033=CARTESIAN_POINT('Control Point',(830.,1455.,-250.)) ;
#3042=CARTESIAN_POINT('Axis2P3D Location',(830.,1250.,-250.)) ;
#3047=CARTESIAN_POINT('Axis2P3D Location',(830.,1250.,-250.)) ;
#3051=CARTESIAN_POINT('Vertex',(830.,1350.,-250.)) ;
#3055=CARTESIAN_POINT('Control Point',(830.,1350.,-250.)) ;
#3056=CARTESIAN_POINT('Control Point',(830.,1350.,-258.318096206)) ;
#3057=CARTESIAN_POINT('Control Point',(830.,1351.72976811,-266.636192411)) ;
#3058=CARTESIAN_POINT('Control Point',(830.,1355.19155233,-274.474092471)) ;
#3059=CARTESIAN_POINT('Control Point',(830.,1365.15820434,-288.236372417)) ;
#3060=CARTESIAN_POINT('Control Point',(830.,1379.78515125,-296.884331256)) ;
#3061=CARTESIAN_POINT('Control Point',(830.,1387.91031523,-299.604638387)) ;
#3062=CARTESIAN_POINT('Control Point',(830.,1404.79577983,-301.5070227)) ;
#3063=CARTESIAN_POINT('Control Point',(830.,1421.03977505,-296.519979505)) ;
#3064=CARTESIAN_POINT('Control Point',(830.,1428.52305281,-292.3463822)) ;
#3065=CARTESIAN_POINT('Control Point',(830.,1439.87571542,-282.396702431)) ;
#3066=CARTESIAN_POINT('Control Point',(830.,1446.86835237,-269.159050482)) ;
#3067=CARTESIAN_POINT('Control Point',(830.,1448.95629421,-262.922574313)) ;
#3068=CARTESIAN_POINT('Control Point',(830.,1450.,-256.461287157)) ;
#3069=CARTESIAN_POINT('Control Point',(830.,1450.,-250.)) ;
#3070=CARTESIAN_POINT('Vertex',(830.,1450.,-250.)) ;
#3073=CARTESIAN_POINT('Axis2P3D Location',(830.,1250.,-250.)) ;
#3086=CARTESIAN_POINT('Control Point',(830.,1450.,-250.)) ;
#3087=CARTESIAN_POINT('Control Point',(830.,1450.,-241.681903796)) ;
#3088=CARTESIAN_POINT('Control Point',(830.,1448.27023189,-233.363807591)) ;
#3089=CARTESIAN_POINT('Control Point',(830.,1444.80844766,-225.525907527)) ;
#3090=CARTESIAN_POINT('Control Point',(830.,1434.84179566,-211.763627582)) ;
#3091=CARTESIAN_POINT('Control Point',(830.,1420.21484875,-203.115668744)) ;
#3092=CARTESIAN_POINT('Control Point',(830.,1412.08968477,-200.395361613)) ;
#3093=CARTESIAN_POINT('Control Point',(830.,1395.20422017,-198.4929773)) ;
#3094=CARTESIAN_POINT('Control Point',(830.,1378.96022495,-203.480020495)) ;
#3095=CARTESIAN_POINT('Control Point',(830.,1371.47694718,-207.653617801)) ;
#3096=CARTESIAN_POINT('Control Point',(830.,1360.12428463,-217.603297528)) ;
#3097=CARTESIAN_POINT('Control Point',(830.,1353.13164769,-230.840949406)) ;
#3098=CARTESIAN_POINT('Control Point',(830.,1351.04370577,-237.077425812)) ;
#3099=CARTESIAN_POINT('Control Point',(830.,1350.,-243.538712906)) ;
#3100=CARTESIAN_POINT('Control Point',(830.,1350.,-250.)) ;
#3109=CARTESIAN_POINT('Axis2P3D Location',(940.,1400.,-250.)) ;
#3114=CARTESIAN_POINT('Line Origine',(940.,1345.,-250.)) ;
#3118=CARTESIAN_POINT('Vertex',(1050.,1345.,-250.)) ;
#3121=CARTESIAN_POINT('Axis2P3D Location',(1050.,1400.,-250.)) ;
#3125=CARTESIAN_POINT('Vertex',(1050.,1455.,-250.)) ;
#3128=CARTESIAN_POINT('Line Origine',(940.,1455.,-250.)) ;
#3140=CARTESIAN_POINT('Axis2P3D Location',(1050.,1400.,-250.)) ;
#3152=CARTESIAN_POINT('Axis2P3D Location',(940.,1400.,-250.)) ;
#3157=CARTESIAN_POINT('Line Origine',(940.,1350.,-250.)) ;
#3161=CARTESIAN_POINT('Vertex',(1050.,1350.,-250.)) ;
#3164=CARTESIAN_POINT('Axis2P3D Location',(1050.,1400.,-250.)) ;
#3168=CARTESIAN_POINT('Vertex',(1050.,1450.,-250.)) ;
#3171=CARTESIAN_POINT('Line Origine',(940.,1450.,-250.)) ;
#3183=CARTESIAN_POINT('Axis2P3D Location',(1050.,1400.,-250.)) ;
#3195=CARTESIAN_POINT('Axis2P3D Location',(1050.,1250.,-250.)) ;
#3200=CARTESIAN_POINT('Axis2P3D Location',(1050.,1250.,-250.)) ;
#3204=CARTESIAN_POINT('Vertex',(1255.,1250.,-250.)) ;
#3207=CARTESIAN_POINT('Axis2P3D Location',(1050.,1250.,-250.)) ;
#3211=CARTESIAN_POINT('Vertex',(1145.,1250.,-250.)) ;
#3215=CARTESIAN_POINT('Control Point',(1255.,1250.,-250.)) ;
#3216=CARTESIAN_POINT('Control Point',(1255.,1250.,-241.275968878)) ;
#3217=CARTESIAN_POINT('Control Point',(1253.27025639,1250.,-232.551937756)) ;
#3218=CARTESIAN_POINT('Control Point',(1249.80885617,1250.,-224.285550011)) ;
#3219=CARTESIAN_POINT('Control Point',(1239.80383034,1250.,-209.578210916)) ;
#3220=CARTESIAN_POINT('Control Point',(1224.94411919,1250.,-199.800910173)) ;
#3221=CARTESIAN_POINT('Control Point',(1216.62529224,1250.,-196.467230973)) ;
#3222=CARTESIAN_POINT('Control Point',(1199.1258008,1250.,-193.276954857)) ;
#3223=CARTESIAN_POINT('Control Point',(1181.73293225,1250.,-197.004981953)) ;
#3224=CARTESIAN_POINT('Control Point',(1173.52078716,1250.,-200.593431721)) ;
#3225=CARTESIAN_POINT('Control Point',(1159.2521672,1250.,-210.625225324)) ;
#3226=CARTESIAN_POINT('Control Point',(1149.79527164,1250.,-225.251238714)) ;
#3227=CARTESIAN_POINT('Control Point',(1146.59791807,1250.,-233.229979706)) ;
#3228=CARTESIAN_POINT('Control Point',(1145.,1250.,-241.614989853)) ;
#3229=CARTESIAN_POINT('Control Point',(1145.,1250.,-250.)) ;
#3239=CARTESIAN_POINT('Control Point',(1145.,1250.,-250.)) ;
#3240=CARTESIAN_POINT('Control Point',(1145.,1250.,-258.724031125)) ;
#3241=CARTESIAN_POINT('Control Point',(1146.72974362,1250.,-267.44806225)) ;
#3242=CARTESIAN_POINT('Control Point',(1150.19114383,1250.,-275.71445)) ;
#3243=CARTESIAN_POINT('Control Point',(1160.19616967,1250.,-290.421789094)) ;
#3244=CARTESIAN_POINT('Control Point',(1175.05588082,1250.,-300.199089835)) ;
#3245=CARTESIAN_POINT('Control Point',(1183.37470778,1250.,-303.532769033)) ;
#3246=CARTESIAN_POINT('Control Point',(1200.87419922,1250.,-306.723045142)) ;
#3247=CARTESIAN_POINT('Control Point',(1218.26706776,1250.,-302.995018041)) ;
#3248=CARTESIAN_POINT('Control Point',(1226.47921286,1250.,-299.40656827)) ;
#3249=CARTESIAN_POINT('Control Point',(1240.74783267,1250.,-289.374774758)) ;
#3250=CARTESIAN_POINT('Control Point',(1250.20472819,1250.,-274.748761552)) ;
#3251=CARTESIAN_POINT('Control Point',(1253.40208199,1250.,-266.770019965)) ;
#3252=CARTESIAN_POINT('Control Point',(1255.,1250.,-258.385009982)) ;
#3253=CARTESIAN_POINT('Control Point',(1255.,1250.,-250.)) ;
#3262=CARTESIAN_POINT('Axis2P3D Location',(1050.,1250.,-250.)) ;
#3267=CARTESIAN_POINT('Axis2P3D Location',(1050.,1250.,-250.)) ;
#3271=CARTESIAN_POINT('Vertex',(1250.,1250.,-250.)) ;
#3274=CARTESIAN_POINT('Axis2P3D Location',(1050.,1250.,-250.)) ;
#3278=CARTESIAN_POINT('Vertex',(1150.,1250.,-250.)) ;
#3282=CARTESIAN_POINT('Control Point',(1150.,1250.,-250.)) ;
#3283=CARTESIAN_POINT('Control Point',(1150.,1250.,-258.318096208)) ;
#3284=CARTESIAN_POINT('Control Point',(1151.72976811,1250.,-266.636192417)) ;
#3285=CARTESIAN_POINT('Control Point',(1155.19155234,1250.,-274.474092477)) ;
#3286=CARTESIAN_POINT('Control Point',(1165.15820435,1250.,-288.236372423)) ;
#3287=CARTESIAN_POINT('Control Point',(1179.78515126,1250.,-296.884331261)) ;
#3288=CARTESIAN_POINT('Control Point',(1187.91031524,1250.,-299.604638389)) ;
#3289=CARTESIAN_POINT('Control Point',(1204.79577984,1250.,-301.507022699)) ;
#3290=CARTESIAN_POINT('Control Point',(1221.03977506,1250.,-296.519979501)) ;
#3291=CARTESIAN_POINT('Control Point',(1228.52305283,1250.,-292.346382193)) ;
#3292=CARTESIAN_POINT('Control Point',(1239.87571537,1250.,-282.396702465)) ;
#3293=CARTESIAN_POINT('Control Point',(1246.86835231,1250.,-269.159050587)) ;
#3294=CARTESIAN_POINT('Control Point',(1248.95629423,1250.,-262.922574185)) ;
#3295=CARTESIAN_POINT('Control Point',(1250.,1250.,-256.461287093)) ;
#3296=CARTESIAN_POINT('Control Point',(1250.,1250.,-250.)) ;
#3306=CARTESIAN_POINT('Control Point',(1250.,1250.,-250.)) ;
#3307=CARTESIAN_POINT('Control Point',(1250.,1250.,-241.681903796)) ;
#3308=CARTESIAN_POINT('Control Point',(1248.27023189,1250.,-233.363807592)) ;
#3309=CARTESIAN_POINT('Control Point',(1244.80844767,1250.,-225.525907531)) ;
#3310=CARTESIAN_POINT('Control Point',(1234.84179566,1250.,-211.763627586)) ;
#3311=CARTESIAN_POINT('Control Point',(1220.21484875,1250.,-203.115668746)) ;
#3312=CARTESIAN_POINT('Control Point',(1212.08968478,1250.,-200.395361615)) ;
#3313=CARTESIAN_POINT('Control Point',(1195.20422018,1250.,-198.492977299)) ;
#3314=CARTESIAN_POINT('Control Point',(1178.96022496,1250.,-203.480020492)) ;
#3315=CARTESIAN_POINT('Control Point',(1171.47694719,1250.,-207.653617797)) ;
#3316=CARTESIAN_POINT('Control Point',(1160.12428459,1250.,-217.603297566)) ;
#3317=CARTESIAN_POINT('Control Point',(1153.13164763,1250.,-230.840949516)) ;
#3318=CARTESIAN_POINT('Control Point',(1151.04370579,1250.,-237.077425683)) ;
#3319=CARTESIAN_POINT('Control Point',(1150.,1250.,-243.538712842)) ;
#3320=CARTESIAN_POINT('Control Point',(1150.,1250.,-250.)) ;
#3329=CARTESIAN_POINT('Axis2P3D Location',(1200.,1000.,-250.)) ;
#3334=CARTESIAN_POINT('Line Origine',(1145.,1000.,-250.)) ;
#3338=CARTESIAN_POINT('Vertex',(1145.,750.,-250.)) ;
#3341=CARTESIAN_POINT('Axis2P3D Location',(1200.,750.,-250.)) ;
#3345=CARTESIAN_POINT('Vertex',(1255.,750.,-250.)) ;
#3348=CARTESIAN_POINT('Line Origine',(1255.,1000.,-250.)) ;
#3360=CARTESIAN_POINT('Axis2P3D Location',(1200.,750.,-250.)) ;
#3372=CARTESIAN_POINT('Axis2P3D Location',(1200.,1000.,-250.)) ;
#3377=CARTESIAN_POINT('Line Origine',(1150.,1000.,-250.)) ;
#3381=CARTESIAN_POINT('Vertex',(1150.,750.,-250.)) ;
#3384=CARTESIAN_POINT('Axis2P3D Location',(1200.,750.,-250.)) ;
#3388=CARTESIAN_POINT('Vertex',(1250.,750.,-250.)) ;
#3391=CARTESIAN_POINT('Line Origine',(1250.,1000.,-250.)) ;
#3403=CARTESIAN_POINT('Axis2P3D Location',(1200.,750.,-250.)) ;
#3415=CARTESIAN_POINT('Axis2P3D Location',(1350.,750.,-250.)) ;
#3420=CARTESIAN_POINT('Axis2P3D Location',(1350.,750.,-250.)) ;
#3424=CARTESIAN_POINT('Vertex',(1350.,545.,-250.)) ;
#3428=CARTESIAN_POINT('Control Point',(1350.,655.,-250.)) ;
#3429=CARTESIAN_POINT('Control Point',(1350.,655.,-241.275968876)) ;
#3430=CARTESIAN_POINT('Control Point',(1350.,653.270256385,-232.551937753)) ;
#3431=CARTESIAN_POINT('Control Point',(1350.,649.80885617,-224.285550005)) ;
#3432=CARTESIAN_POINT('Control Point',(1350.,639.803830335,-209.578210911)) ;
#3433=CARTESIAN_POINT('Control Point',(1350.,624.944119188,-199.800910169)) ;
#3434=CARTESIAN_POINT('Control Point',(1350.,616.625292232,-196.467230969)) ;
#3435=CARTESIAN_POINT('Control Point',(1350.,599.125800792,-193.276954858)) ;
#3436=CARTESIAN_POINT('Control Point',(1350.,581.732932245,-197.004981955)) ;
#3437=CARTESIAN_POINT('Control Point',(1350.,573.520787146,-200.593431727)) ;
#3438=CARTESIAN_POINT('Control Point',(1350.,559.252167332,-210.625225236)) ;
#3439=CARTESIAN_POINT('Control Point',(1350.,549.795271819,-225.251238439)) ;
#3440=CARTESIAN_POINT('Control Point',(1350.,546.597918009,-233.229980037)) ;
#3441=CARTESIAN_POINT('Control Point',(1350.,545.,-241.614990018)) ;
#3442=CARTESIAN_POINT('Control Point',(1350.,545.,-250.)) ;
#3443=CARTESIAN_POINT('Vertex',(1350.,655.,-250.)) ;
#3446=CARTESIAN_POINT('Axis2P3D Location',(1350.,750.,-250.)) ;
#3459=CARTESIAN_POINT('Control Point',(1350.,545.,-250.)) ;
#3460=CARTESIAN_POINT('Control Point',(1350.,545.,-258.724031127)) ;
#3461=CARTESIAN_POINT('Control Point',(1350.,546.729743616,-267.448062253)) ;
#3462=CARTESIAN_POINT('Control Point',(1350.,550.191143831,-275.71445)) ;
#3463=CARTESIAN_POINT('Control Point',(1350.,560.19616967,-290.421789096)) ;
#3464=CARTESIAN_POINT('Control Point',(1350.,575.055880823,-300.199089836)) ;
#3465=CARTESIAN_POINT('Control Point',(1350.,583.374707778,-303.532769034)) ;
#3466=CARTESIAN_POINT('Control Point',(1350.,600.874199218,-306.723045142)) ;
#3467=CARTESIAN_POINT('Control Point',(1350.,618.267067765,-302.995018041)) ;
#3468=CARTESIAN_POINT('Control Point',(1350.,626.479212864,-299.406568268)) ;
#3469=CARTESIAN_POINT('Control Point',(1350.,640.74783281,-289.374774662)) ;
#3470=CARTESIAN_POINT('Control Point',(1350.,650.204728364,-274.748761276)) ;
#3471=CARTESIAN_POINT('Control Point',(1350.,653.40208193,-266.770020284)) ;
#3472=CARTESIAN_POINT('Control Point',(1350.,655.,-258.385010142)) ;
#3473=CARTESIAN_POINT('Control Point',(1350.,655.,-250.)) ;
#3482=CARTESIAN_POINT('Axis2P3D Location',(1350.,750.,-250.)) ;
#3487=CARTESIAN_POINT('Axis2P3D Location',(1350.,750.,-250.)) ;
#3491=CARTESIAN_POINT('Vertex',(1350.,550.,-250.)) ;
#3495=CARTESIAN_POINT('Control Point',(1350.,550.,-250.)) ;
#3496=CARTESIAN_POINT('Control Point',(1350.,550.,-258.318096208)) ;
#3497=CARTESIAN_POINT('Control Point',(1350.,551.729768113,-266.636192417)) ;
#3498=CARTESIAN_POINT('Control Point',(1350.,555.191552338,-274.474092478)) ;
#3499=CARTESIAN_POINT('Control Point',(1350.,565.158204351,-288.236372426)) ;
#3500=CARTESIAN_POINT('Control Point',(1350.,579.785151264,-296.884331262)) ;
#3501=CARTESIAN_POINT('Control Point',(1350.,587.910315242,-299.60463839)) ;
#3502=CARTESIAN_POINT('Control Point',(1350.,604.795779838,-301.507022699)) ;
#3503=CARTESIAN_POINT('Control Point',(1350.,621.039775061,-296.5199795)) ;
#3504=CARTESIAN_POINT('Control Point',(1350.,628.523052827,-292.346382192)) ;
#3505=CARTESIAN_POINT('Control Point',(1350.,639.875715422,-282.396702422)) ;
#3506=CARTESIAN_POINT('Control Point',(1350.,646.868352373,-269.159050475)) ;
#3507=CARTESIAN_POINT('Control Point',(1350.,648.956294208,-262.922574307)) ;
#3508=CARTESIAN_POINT('Control Point',(1350.,650.,-256.461287154)) ;
#3509=CARTESIAN_POINT('Control Point',(1350.,650.,-250.)) ;
#3510=CARTESIAN_POINT('Vertex',(1350.,650.,-250.)) ;
#3513=CARTESIAN_POINT('Axis2P3D Location',(1350.,750.,-250.)) ;
#3526=CARTESIAN_POINT('Control Point',(1350.,650.,-250.)) ;
#3527=CARTESIAN_POINT('Control Point',(1350.,650.,-241.681903795)) ;
#3528=CARTESIAN_POINT('Control Point',(1350.,648.270231888,-233.36380759)) ;
#3529=CARTESIAN_POINT('Control Point',(1350.,644.808447665,-225.525907528)) ;
#3530=CARTESIAN_POINT('Control Point',(1350.,634.841795656,-211.763627582)) ;
#3531=CARTESIAN_POINT('Control Point',(1350.,620.214848748,-203.115668743)) ;
#3532=CARTESIAN_POINT('Control Point',(1350.,612.089684772,-200.395361614)) ;
#3533=CARTESIAN_POINT('Control Point',(1350.,595.204220174,-198.492977299)) ;
#3534=CARTESIAN_POINT('Control Point',(1350.,578.960224948,-203.480020495)) ;
#3535=CARTESIAN_POINT('Control Point',(1350.,571.476947187,-207.653617799)) ;
#3536=CARTESIAN_POINT('Control Point',(1350.,560.124284633,-217.603297526)) ;
#3537=CARTESIAN_POINT('Control Point',(1350.,553.131647687,-230.840949407)) ;
#3538=CARTESIAN_POINT('Control Point',(1350.,551.043705773,-237.077425811)) ;
#3539=CARTESIAN_POINT('Control Point',(1350.,550.,-243.538712905)) ;
#3540=CARTESIAN_POINT('Control Point',(1350.,550.,-250.)) ;
#3549=CARTESIAN_POINT('Axis2P3D Location',(1425.,600.,-250.)) ;
#3554=CARTESIAN_POINT('Line Origine',(1500.,655.,-250.)) ;
#3559=CARTESIAN_POINT('Line Origine',(1500.,545.,-250.)) ;
#3578=CARTESIAN_POINT('Axis2P3D Location',(1425.,600.,-250.)) ;
#3583=CARTESIAN_POINT('Axis2P3D Location',(1500.,600.,-250.)) ;
#3587=CARTESIAN_POINT('Vertex',(1500.,650.,-250.)) ;
#3589=CARTESIAN_POINT('Vertex',(1500.,550.,-250.)) ;
#3592=CARTESIAN_POINT('Line Origine',(1425.,650.,-250.)) ;
#3597=CARTESIAN_POINT('Line Origine',(1425.,550.,-250.)) ;
#3609=CARTESIAN_POINT('Axis2P3D Location',(1500.,600.,-250.)) ;
#3681=CARTESIAN_POINT('Point.6',(1500.,600.,-250.)) ;
#3687=CARTESIAN_POINT('Axis2P3D Location',(330.,850.,-50.)) ;
#3692=CARTESIAN_POINT('Line Origine',(380.,850.,-50.)) ;
#3696=CARTESIAN_POINT('Vertex',(380.,850.,0.)) ;
#3698=CARTESIAN_POINT('Vertex',(380.,850.,-100.)) ;
#3701=CARTESIAN_POINT('Axis2P3D Location',(330.,850.,0.)) ;
#3705=CARTESIAN_POINT('Vertex',(280.,850.,0.)) ;
#3708=CARTESIAN_POINT('Line Origine',(280.,850.,-50.)) ;
#3712=CARTESIAN_POINT('Vertex',(280.,850.,-100.)) ;
#3715=CARTESIAN_POINT('Axis2P3D Location',(330.,850.,-100.)) ;
#3727=CARTESIAN_POINT('Axis2P3D Location',(330.,850.,-50.)) ;
#3732=CARTESIAN_POINT('Axis2P3D Location',(330.,850.,0.)) ;
#3737=CARTESIAN_POINT('Axis2P3D Location',(330.,850.,-100.)) ;
#3753=CARTESIAN_POINT('Axis2P3D Location',(480.,900.,-100.)) ;
#3757=CARTESIAN_POINT('Vertex',(480.,900.,-250.)) ;
#3759=CARTESIAN_POINT('Vertex',(330.,900.,-100.)) ;
#3762=CARTESIAN_POINT('Axis2P3D Location',(480.,850.,-250.)) ;
#3766=CARTESIAN_POINT('Vertex',(480.,800.,-250.)) ;
#3769=CARTESIAN_POINT('Axis2P3D Location',(480.,800.,-100.)) ;
#3773=CARTESIAN_POINT('Vertex',(330.,800.,-100.)) ;
#3776=CARTESIAN_POINT('Axis2P3D Location',(330.,850.,-100.)) ;
#3788=CARTESIAN_POINT('Axis2P3D Location',(480.,850.,-250.)) ;
#3793=CARTESIAN_POINT('Axis2P3D Location',(330.,850.,-100.)) ;
#3807=CARTESIAN_POINT('Line Origine',(505.,900.,-250.)) ;
#3811=CARTESIAN_POINT('Vertex',(530.,900.,-250.)) ;
#3813=CARTESIAN_POINT('Vertex',(480.,900.,-250.)) ;
#3816=CARTESIAN_POINT('Axis2P3D Location',(530.,850.,-250.)) ;
#3820=CARTESIAN_POINT('Vertex',(530.,800.,-250.)) ;
#3823=CARTESIAN_POINT('Line Origine',(505.,800.,-250.)) ;
#3827=CARTESIAN_POINT('Vertex',(480.,800.,-250.)) ;
#3830=CARTESIAN_POINT('Axis2P3D Location',(480.,850.,-250.)) ;
#3842=CARTESIAN_POINT('Axis2P3D Location',(530.,850.,-250.)) ;
#3847=CARTESIAN_POINT('Axis2P3D Location',(480.,850.,-250.)) ;
#3861=CARTESIAN_POINT('Axis2P3D Location',(530.,1000.,-250.)) ;
#3865=CARTESIAN_POINT('Vertex',(630.,1000.,-250.)) ;
#3867=CARTESIAN_POINT('Vertex',(530.,900.,-250.)) ;
#3870=CARTESIAN_POINT('Axis2P3D Location',(680.,1000.,-250.)) ;
#3874=CARTESIAN_POINT('Vertex',(730.,1000.,-250.)) ;
#3877=CARTESIAN_POINT('Axis2P3D Location',(530.,1000.,-250.)) ;
#3881=CARTESIAN_POINT('Vertex',(530.,800.,-250.)) ;
#3884=CARTESIAN_POINT('Axis2P3D Location',(530.,850.,-250.)) ;
#3896=CARTESIAN_POINT('Axis2P3D Location',(680.,1000.,-250.)) ;
#3901=CARTESIAN_POINT('Axis2P3D Location',(530.,850.,-250.)) ;
#3915=CARTESIAN_POINT('Line Origine',(630.,1125.,-250.)) ;
#3919=CARTESIAN_POINT('Vertex',(630.,1000.,-250.)) ;
#3921=CARTESIAN_POINT('Vertex',(630.,1250.,-250.)) ;
#3924=CARTESIAN_POINT('Axis2P3D Location',(680.,1000.,-250.)) ;
#3928=CARTESIAN_POINT('Vertex',(730.,1000.,-250.)) ;
#3931=CARTESIAN_POINT('Line Origine',(730.,1125.,-250.)) ;
#3935=CARTESIAN_POINT('Vertex',(730.,1250.,-250.)) ;
#3938=CARTESIAN_POINT('Axis2P3D Location',(680.,1250.,-250.)) ;
#3950=CARTESIAN_POINT('Axis2P3D Location',(680.,1000.,-250.)) ;
#3955=CARTESIAN_POINT('Axis2P3D Location',(680.,1250.,-250.)) ;
#3969=CARTESIAN_POINT('Axis2P3D Location',(830.,1250.,-250.)) ;
#3973=CARTESIAN_POINT('Vertex',(830.,1450.,-250.)) ;
#3975=CARTESIAN_POINT('Vertex',(630.,1250.,-250.)) ;
#3978=CARTESIAN_POINT('Axis2P3D Location',(830.,1400.,-250.)) ;
#3982=CARTESIAN_POINT('Vertex',(830.,1350.,-250.)) ;
#3985=CARTESIAN_POINT('Axis2P3D Location',(830.,1250.,-250.)) ;
#3989=CARTESIAN_POINT('Vertex',(730.,1250.,-250.)) ;
#3992=CARTESIAN_POINT('Axis2P3D Location',(680.,1250.,-250.)) ;
#4004=CARTESIAN_POINT('Axis2P3D Location',(830.,1400.,-250.)) ;
#4009=CARTESIAN_POINT('Axis2P3D Location',(680.,1250.,-250.)) ;
#4023=CARTESIAN_POINT('Line Origine',(940.,1450.,-250.)) ;
#4027=CARTESIAN_POINT('Vertex',(1050.,1450.,-250.)) ;
#4029=CARTESIAN_POINT('Vertex',(830.,1450.,-250.)) ;
#4032=CARTESIAN_POINT('Axis2P3D Location',(1050.,1400.,-250.)) ;
#4036=CARTESIAN_POINT('Vertex',(1050.,1350.,-250.)) ;
#4039=CARTESIAN_POINT('Line Origine',(940.,1350.,-250.)) ;
#4043=CARTESIAN_POINT('Vertex',(830.,1350.,-250.)) ;
#4046=CARTESIAN_POINT('Axis2P3D Location',(830.,1400.,-250.)) ;
#4058=CARTESIAN_POINT('Axis2P3D Location',(1050.,1400.,-250.)) ;
#4063=CARTESIAN_POINT('Axis2P3D Location',(830.,1400.,-250.)) ;
#4077=CARTESIAN_POINT('Axis2P3D Location',(1050.,1250.,-250.)) ;
#4081=CARTESIAN_POINT('Vertex',(1050.,1350.,-250.)) ;
#4083=CARTESIAN_POINT('Vertex',(1150.,1250.,-250.)) ;
#4086=CARTESIAN_POINT('Axis2P3D Location',(1050.,1400.,-250.)) ;
#4090=CARTESIAN_POINT('Vertex',(1050.,1450.,-250.)) ;
#4093=CARTESIAN_POINT('Axis2P3D Location',(1050.,1250.,-250.)) ;
#4097=CARTESIAN_POINT('Vertex',(1250.,1250.,-250.)) ;
#4100=CARTESIAN_POINT('Axis2P3D Location',(1200.,1250.,-250.)) ;
#4112=CARTESIAN_POINT('Axis2P3D Location',(1050.,1400.,-250.)) ;
#4117=CARTESIAN_POINT('Axis2P3D Location',(1200.,1250.,-250.)) ;
#4131=CARTESIAN_POINT('Line Origine',(1150.,1000.,-250.)) ;
#4135=CARTESIAN_POINT('Vertex',(1150.,750.,-250.)) ;
#4137=CARTESIAN_POINT('Vertex',(1150.,1250.,-250.)) ;
#4140=CARTESIAN_POINT('Axis2P3D Location',(1200.,750.,-250.)) ;
#4144=CARTESIAN_POINT('Vertex',(1250.,750.,-250.)) ;
#4147=CARTESIAN_POINT('Line Origine',(1250.,1000.,-250.)) ;
#4151=CARTESIAN_POINT('Vertex',(1250.,1250.,-250.)) ;
#4154=CARTESIAN_POINT('Axis2P3D Location',(1200.,1250.,-250.)) ;
#4166=CARTESIAN_POINT('Axis2P3D Location',(1200.,750.,-250.)) ;
#4171=CARTESIAN_POINT('Axis2P3D Location',(1200.,1250.,-250.)) ;
#4185=CARTESIAN_POINT('Axis2P3D Location',(1350.,750.,-250.)) ;
#4189=CARTESIAN_POINT('Vertex',(1350.,650.,-250.)) ;
#4191=CARTESIAN_POINT('Vertex',(1250.,750.,-250.)) ;
#4194=CARTESIAN_POINT('Axis2P3D Location',(1350.,600.,-250.)) ;
#4198=CARTESIAN_POINT('Vertex',(1350.,550.,-250.)) ;
#4201=CARTESIAN_POINT('Axis2P3D Location',(1350.,750.,-250.)) ;
#4205=CARTESIAN_POINT('Vertex',(1150.,750.,-250.)) ;
#4208=CARTESIAN_POINT('Axis2P3D Location',(1200.,750.,-250.)) ;
#4220=CARTESIAN_POINT('Axis2P3D Location',(1350.,600.,-250.)) ;
#4225=CARTESIAN_POINT('Axis2P3D Location',(1200.,750.,-250.)) ;
#4239=CARTESIAN_POINT('Line Origine',(1425.,650.,-250.)) ;
#4243=CARTESIAN_POINT('Vertex',(1350.,650.,-250.)) ;
#4245=CARTESIAN_POINT('Vertex',(1500.,650.,-250.)) ;
#4248=CARTESIAN_POINT('Axis2P3D Location',(1350.,600.,-250.)) ;
#4252=CARTESIAN_POINT('Vertex',(1350.,550.,-250.)) ;
#4255=CARTESIAN_POINT('Line Origine',(1425.,550.,-250.)) ;
#4259=CARTESIAN_POINT('Vertex',(1500.,550.,-250.)) ;
#4262=CARTESIAN_POINT('Axis2P3D Location',(1500.,600.,-250.)) ;
#4274=CARTESIAN_POINT('Axis2P3D Location',(1350.,600.,-250.)) ;
#4279=CARTESIAN_POINT('Axis2P3D Location',(1500.,600.,-250.)) ;
#4298=CARTESIAN_POINT('NONE',(0.,0.,0.)) ;
#4299=CARTESIAN_POINT('NONE',(0.,0.,0.)) ;
#4315=CARTESIAN_POINT('Axis2P3D Location',(0.,0.,-390.228)) ;
#4320=CARTESIAN_POINT('Line Origine',(1450.,900.,-390.228)) ;
#4324=CARTESIAN_POINT('Vertex',(1500.,900.,-390.228)) ;
#4326=CARTESIAN_POINT('Vertex',(1400.,900.,-390.228)) ;
#4329=CARTESIAN_POINT('Line Origine',(1400.,1300.,-390.228)) ;
#4333=CARTESIAN_POINT('Vertex',(1400.,1700.,-390.228)) ;
#4336=CARTESIAN_POINT('Line Origine',(750.,1700.,-390.228)) ;
#4340=CARTESIAN_POINT('Vertex',(100.,1700.,-390.228)) ;
#4343=CARTESIAN_POINT('Line Origine',(100.,850.,-390.228)) ;
#4347=CARTESIAN_POINT('Vertex',(100.,0.,-390.228)) ;
#4350=CARTESIAN_POINT('Line Origine',(800.,0.,-390.228)) ;
#4354=CARTESIAN_POINT('Vertex',(1500.,0.,-390.228)) ;
#4357=CARTESIAN_POINT('Line Origine',(1500.,450.,-390.228)) ;
#4371=CARTESIAN_POINT('Axis2P3D Location',(1500.,0.,0.)) ;
#4376=CARTESIAN_POINT('Line Origine',(1500.,1800.,804.886)) ;
#4380=CARTESIAN_POINT('Vertex',(1500.,1800.,-490.228)) ;
#4382=CARTESIAN_POINT('Vertex',(1500.,1800.,2100.)) ;
#4385=CARTESIAN_POINT('Line Origine',(1500.,900.,2100.)) ;
#4389=CARTESIAN_POINT('Vertex',(1500.,0.,2100.)) ;
#4392=CARTESIAN_POINT('Line Origine',(1500.,0.,1050.)) ;
#4396=CARTESIAN_POINT('Vertex',(1500.,0.,0.)) ;
#4399=CARTESIAN_POINT('Line Origine',(1500.,450.,0.)) ;
#4403=CARTESIAN_POINT('Vertex',(1500.,900.,0.)) ;
#4406=CARTESIAN_POINT('Line Origine',(1500.,900.,-195.114)) ;
#4411=CARTESIAN_POINT('Line Origine',(1500.,0.,-440.228)) ;
#4415=CARTESIAN_POINT('Vertex',(1500.,0.,-490.228)) ;
#4418=CARTESIAN_POINT('Line Origine',(1500.,900.,-490.228)) ;
#4434=CARTESIAN_POINT('Axis2P3D Location',(0.,0.,0.)) ;
#4439=CARTESIAN_POINT('Line Origine',(100.,0.,-195.114)) ;
#4443=CARTESIAN_POINT('Vertex',(100.,0.,0.)) ;
#4446=CARTESIAN_POINT('Line Origine',(800.,0.,0.)) ;
#4451=CARTESIAN_POINT('Line Origine',(750.,0.,2100.)) ;
#4455=CARTESIAN_POINT('Vertex',(0.,0.,2100.)) ;
#4458=CARTESIAN_POINT('Line Origine',(0.,0.,804.886)) ;
#4462=CARTESIAN_POINT('Vertex',(0.,1.13686837722E-013,-490.228)) ;
#4465=CARTESIAN_POINT('Line Origine',(750.,0.,-490.228)) ;
#4480=CARTESIAN_POINT('Line Origine',(1400.,0.,1050.)) ;
#4484=CARTESIAN_POINT('Vertex',(1400.,0.,100.)) ;
#4486=CARTESIAN_POINT('Vertex',(1400.,0.,2000.)) ;
#4489=CARTESIAN_POINT('Line Origine',(750.,0.,100.)) ;
#4493=CARTESIAN_POINT('Vertex',(100.,0.,100.)) ;
#4496=CARTESIAN_POINT('Line Origine',(100.,0.,1050.)) ;
#4500=CARTESIAN_POINT('Vertex',(100.,0.,2000.)) ;
#4503=CARTESIAN_POINT('Line Origine',(750.,0.,2000.)) ;
#4515=CARTESIAN_POINT('Axis2P3D Location',(100.,1700.,100.)) ;
#4520=CARTESIAN_POINT('Line Origine',(100.,1700.,-195.114)) ;
#4524=CARTESIAN_POINT('Vertex',(100.,1700.,0.)) ;
#4527=CARTESIAN_POINT('Line Origine',(100.,850.,0.)) ;
#4539=CARTESIAN_POINT('Axis2P3D Location',(1400.,1700.,100.)) ;
#4544=CARTESIAN_POINT('Line Origine',(1400.,1700.,-195.114)) ;
#4548=CARTESIAN_POINT('Vertex',(1400.,1700.,0.)) ;
#4551=CARTESIAN_POINT('Line Origine',(750.,1700.,0.)) ;
#4563=CARTESIAN_POINT('Axis2P3D Location',(1400.,3.2998837529E-013,100.)) ;
#4568=CARTESIAN_POINT('Line Origine',(1400.,900.,-195.114)) ;
#4572=CARTESIAN_POINT('Vertex',(1400.,900.,0.)) ;
#4575=CARTESIAN_POINT('Line Origine',(1400.,1300.,0.)) ;
#4587=CARTESIAN_POINT('Axis2P3D Location',(1500.,900.,0.)) ;
#4592=CARTESIAN_POINT('Line Origine',(1450.,900.,0.)) ;
#4604=CARTESIAN_POINT('Axis2P3D Location',(1500.,1800.,0.)) ;
#4609=CARTESIAN_POINT('Line Origine',(-2.27373675443E-013,1800.,804.886)) ;
#4613=CARTESIAN_POINT('Vertex',(0.,1800.,-490.228)) ;
#4615=CARTESIAN_POINT('Vertex',(-2.27373675443E-013,1800.,2100.)) ;
#4618=CARTESIAN_POINT('Line Origine',(750.,1800.,2100.)) ;
#4623=CARTESIAN_POINT('Line Origine',(750.,1800.,-490.228)) ;
#4635=CARTESIAN_POINT('Axis2P3D Location',(0.,0.,2100.)) ;
#4640=CARTESIAN_POINT('Line Origine',(0.,900.,2100.)) ;
#4652=CARTESIAN_POINT('Axis2P3D Location',(0.,0.,0.)) ;
#4665=CARTESIAN_POINT('Axis2P3D Location',(330.,850.,0.)) ;
#4669=CARTESIAN_POINT('Vertex',(385.,850.,0.)) ;
#4671=CARTESIAN_POINT('Vertex',(275.,850.,0.)) ;
#4674=CARTESIAN_POINT('Axis2P3D Location',(330.,850.,0.)) ;
#4684=CARTESIAN_POINT('Axis2P3D Location',(0.,0.,-490.228)) ;
#4689=CARTESIAN_POINT('Line Origine',(0.,900.,-490.228)) ;
#4701=CARTESIAN_POINT('Axis2P3D Location',(0.,1800.,0.)) ;
#4713=CARTESIAN_POINT('Line Origine',(1400.,850.,2000.)) ;
#4717=CARTESIAN_POINT('Vertex',(1400.,1700.,2000.)) ;
#4720=CARTESIAN_POINT('Line Origine',(1400.,1700.,1050.)) ;
#4724=CARTESIAN_POINT('Vertex',(1400.,1700.,100.)) ;
#4727=CARTESIAN_POINT('Line Origine',(1400.,1325.,100.)) ;
#4731=CARTESIAN_POINT('Vertex',(1400.,950.,100.)) ;
#4734=CARTESIAN_POINT('Line Origine',(1400.,950.,300.)) ;
#4738=CARTESIAN_POINT('Vertex',(1400.,950.,500.)) ;
#4741=CARTESIAN_POINT('Line Origine',(1400.,962.5,500.)) ;
#4745=CARTESIAN_POINT('Vertex',(1400.,975.,500.)) ;
#4748=CARTESIAN_POINT('Line Origine',(1400.,975.,515.)) ;
#4752=CARTESIAN_POINT('Vertex',(1400.,975.,530.)) ;
#4755=CARTESIAN_POINT('Line Origine',(1400.,775.,530.)) ;
#4759=CARTESIAN_POINT('Vertex',(1400.,575.,530.)) ;
#4762=CARTESIAN_POINT('Line Origine',(1400.,575.,515.)) ;
#4766=CARTESIAN_POINT('Vertex',(1400.,575.,500.)) ;
#4769=CARTESIAN_POINT('Line Origine',(1400.,587.5,500.)) ;
#4773=CARTESIAN_POINT('Vertex',(1400.,600.,500.)) ;
#4776=CARTESIAN_POINT('Line Origine',(1400.,600.,300.)) ;
#4780=CARTESIAN_POINT('Vertex',(1400.,600.,100.)) ;
#4783=CARTESIAN_POINT('Line Origine',(1400.,300.,100.)) ;
#4802=CARTESIAN_POINT('Line Origine',(1400.,635.,925.)) ;
#4806=CARTESIAN_POINT('Vertex',(1400.,635.,750.)) ;
#4808=CARTESIAN_POINT('Vertex',(1400.,635.,1100.)) ;
#4811=CARTESIAN_POINT('Line Origine',(1400.,775.,750.)) ;
#4815=CARTESIAN_POINT('Vertex',(1400.,915.,750.)) ;
#4818=CARTESIAN_POINT('Line Origine',(1400.,915.,925.)) ;
#4822=CARTESIAN_POINT('Vertex',(1400.,915.,1100.)) ;
#4825=CARTESIAN_POINT('Line Origine',(1400.,775.,1100.)) ;
#4837=CARTESIAN_POINT('Axis2P3D Location',(0.,0.,100.)) ;
#4842=CARTESIAN_POINT('Line Origine',(1025.,1700.,100.)) ;
#4846=CARTESIAN_POINT('Vertex',(650.,1700.,100.)) ;
#4849=CARTESIAN_POINT('Line Origine',(650.,1100.,100.)) ;
#4853=CARTESIAN_POINT('Vertex',(650.,500.,100.)) ;
#4856=CARTESIAN_POINT('Line Origine',(625.,500.,100.)) ;
#4860=CARTESIAN_POINT('Vertex',(600.,500.,100.)) ;
#4863=CARTESIAN_POINT('Line Origine',(600.,1100.,100.)) ;
#4867=CARTESIAN_POINT('Vertex',(600.,1700.,100.)) ;
#4870=CARTESIAN_POINT('Line Origine',(350.,1700.,100.)) ;
#4874=CARTESIAN_POINT('Vertex',(100.,1700.,100.)) ;
#4877=CARTESIAN_POINT('Line Origine',(100.,850.,100.)) ;
#4882=CARTESIAN_POINT('Line Origine',(1225.,600.,100.)) ;
#4886=CARTESIAN_POINT('Vertex',(1050.,600.,100.)) ;
#4889=CARTESIAN_POINT('Line Origine',(1050.,775.,100.)) ;
#4893=CARTESIAN_POINT('Vertex',(1050.,950.,100.)) ;
#4896=CARTESIAN_POINT('Line Origine',(1225.,950.,100.)) ;
#4915=CARTESIAN_POINT('Line Origine',(395.,850.,100.)) ;
#4919=CARTESIAN_POINT('Vertex',(395.,785.,100.)) ;
#4921=CARTESIAN_POINT('Vertex',(395.,915.,100.)) ;
#4924=CARTESIAN_POINT('Line Origine',(330.,785.,100.)) ;
#4928=CARTESIAN_POINT('Vertex',(265.,785.,100.)) ;
#4931=CARTESIAN_POINT('Line Origine',(265.,850.,100.)) ;
#4935=CARTESIAN_POINT('Vertex',(265.,915.,100.)) ;
#4938=CARTESIAN_POINT('Line Origine',(330.,915.,100.)) ;
#4950=CARTESIAN_POINT('Line Origine',(100.,850.,2000.)) ;
#4954=CARTESIAN_POINT('Vertex',(100.,1700.,2000.)) ;
#4957=CARTESIAN_POINT('Line Origine',(100.,1700.,1050.)) ;
#4969=CARTESIAN_POINT('Axis2P3D Location',(0.,0.,2000.)) ;
#4974=CARTESIAN_POINT('Line Origine',(750.,1700.,2000.)) ;
#4986=CARTESIAN_POINT('Axis2P3D Location',(330.,850.,-50.)) ;
#4991=CARTESIAN_POINT('Line Origine',(385.,850.,-50.)) ;
#4995=CARTESIAN_POINT('Vertex',(385.,850.,-100.)) ;
#4998=CARTESIAN_POINT('Axis2P3D Location',(330.,850.,-100.)) ;
#5002=CARTESIAN_POINT('Vertex',(330.,905.,-100.)) ;
#5005=CARTESIAN_POINT('Axis2P3D Location',(330.,850.,-100.)) ;
#5009=CARTESIAN_POINT('Vertex',(275.,850.,-100.)) ;
#5012=CARTESIAN_POINT('Line Origine',(275.,850.,-50.)) ;
#5025=CARTESIAN_POINT('Axis2P3D Location',(330.,850.,-50.)) ;
#5030=CARTESIAN_POINT('Axis2P3D Location',(330.,850.,-100.)) ;
#5034=CARTESIAN_POINT('Vertex',(330.,795.,-100.)) ;
#5037=CARTESIAN_POINT('Axis2P3D Location',(330.,850.,-100.)) ;
#5050=CARTESIAN_POINT('Axis2P3D Location',(1400.,600.,100.)) ;
#5055=CARTESIAN_POINT('Line Origine',(1050.,600.,300.)) ;
#5059=CARTESIAN_POINT('Vertex',(1050.,600.,500.)) ;
#5062=CARTESIAN_POINT('Line Origine',(1225.,600.,500.)) ;
#5074=CARTESIAN_POINT('Axis2P3D Location',(0.,0.,500.)) ;
#5079=CARTESIAN_POINT('Line Origine',(1225.,950.,500.)) ;
#5083=CARTESIAN_POINT('Vertex',(1050.,950.,500.)) ;
#5086=CARTESIAN_POINT('Line Origine',(1050.,775.,500.)) ;
#5091=CARTESIAN_POINT('Line Origine',(1207.5,575.,500.)) ;
#5095=CARTESIAN_POINT('Vertex',(1015.,575.,500.)) ;
#5098=CARTESIAN_POINT('Line Origine',(1015.,775.,500.)) ;
#5102=CARTESIAN_POINT('Vertex',(1015.,975.,500.)) ;
#5105=CARTESIAN_POINT('Line Origine',(1207.5,975.,500.)) ;
#5121=CARTESIAN_POINT('Axis2P3D Location',(1400.,575.,500.)) ;
#5126=CARTESIAN_POINT('Line Origine',(1015.,575.,515.)) ;
#5130=CARTESIAN_POINT('Vertex',(1015.,575.,530.)) ;
#5133=CARTESIAN_POINT('Line Origine',(1207.5,575.,530.)) ;
#5145=CARTESIAN_POINT('Axis2P3D Location',(0.,0.,530.)) ;
#5150=CARTESIAN_POINT('Line Origine',(1015.,775.,530.)) ;
#5154=CARTESIAN_POINT('Vertex',(1015.,975.,530.)) ;
#5157=CARTESIAN_POINT('Line Origine',(1207.5,975.,530.)) ;
#5168=CARTESIAN_POINT('Axis2P3D Location',(1215.,775.,530.)) ;
#5172=CARTESIAN_POINT('Vertex',(1350.,775.,530.)) ;
#5174=CARTESIAN_POINT('Vertex',(1080.,775.,530.)) ;
#5177=CARTESIAN_POINT('Axis2P3D Location',(1215.,775.,530.)) ;
#5187=CARTESIAN_POINT('Axis2P3D Location',(1015.,975.,500.)) ;
#5192=CARTESIAN_POINT('Line Origine',(1015.,975.,515.)) ;
#5204=CARTESIAN_POINT('Axis2P3D Location',(1050.,950.,100.)) ;
#5209=CARTESIAN_POINT('Line Origine',(1050.,950.,300.)) ;
#5221=CARTESIAN_POINT('Line Origine',(600.,1700.,850.)) ;
#5225=CARTESIAN_POINT('Vertex',(600.,1700.,1600.)) ;
#5228=CARTESIAN_POINT('Line Origine',(625.,1700.,1600.)) ;
#5232=CARTESIAN_POINT('Vertex',(650.,1700.,1600.)) ;
#5235=CARTESIAN_POINT('Line Origine',(650.,1700.,850.)) ;
#5250=CARTESIAN_POINT('Line Origine',(400.,1700.,1330.)) ;
#5254=CARTESIAN_POINT('Vertex',(400.,1700.,1300.)) ;
#5256=CARTESIAN_POINT('Vertex',(400.,1700.,1360.)) ;
#5259=CARTESIAN_POINT('Line Origine',(325.,1700.,1300.)) ;
#5263=CARTESIAN_POINT('Vertex',(250.,1700.,1300.)) ;
#5266=CARTESIAN_POINT('Line Origine',(250.,1700.,1330.)) ;
#5270=CARTESIAN_POINT('Vertex',(250.,1700.,1360.)) ;
#5273=CARTESIAN_POINT('Line Origine',(325.,1700.,1360.)) ;
#5285=CARTESIAN_POINT('Axis2P3D Location',(1400.,915.,1100.)) ;
#5290=CARTESIAN_POINT('Line Origine',(1387.5,635.,1100.)) ;
#5294=CARTESIAN_POINT('Vertex',(1375.,635.,1100.)) ;
#5297=CARTESIAN_POINT('Line Origine',(1387.5,915.,1100.)) ;
#5301=CARTESIAN_POINT('Vertex',(1375.,915.,1100.)) ;
#5304=CARTESIAN_POINT('Line Origine',(1375.,775.,1100.)) ;
#5316=CARTESIAN_POINT('Axis2P3D Location',(265.,915.,100.)) ;
#5321=CARTESIAN_POINT('Line Origine',(1387.5,915.,750.)) ;
#5325=CARTESIAN_POINT('Vertex',(1375.,915.,750.)) ;
#5328=CARTESIAN_POINT('Line Origine',(1375.,915.,925.)) ;
#5340=CARTESIAN_POINT('Axis2P3D Location',(1400.,635.,750.)) ;
#5345=CARTESIAN_POINT('Line Origine',(1387.5,635.,750.)) ;
#5349=CARTESIAN_POINT('Vertex',(1375.,635.,750.)) ;
#5352=CARTESIAN_POINT('Line Origine',(1375.,775.,750.)) ;
#5364=CARTESIAN_POINT('Axis2P3D Location',(1400.,635.,750.)) ;
#5369=CARTESIAN_POINT('Line Origine',(1375.,635.,925.)) ;
#5381=CARTESIAN_POINT('Axis2P3D Location',(650.,500.,100.)) ;
#5386=CARTESIAN_POINT('Line Origine',(650.,500.,850.)) ;
#5390=CARTESIAN_POINT('Vertex',(650.,500.,1600.)) ;
#5393=CARTESIAN_POINT('Line Origine',(650.,1100.,1600.)) ;
#5405=CARTESIAN_POINT('Axis2P3D Location',(650.,500.,100.)) ;
#5410=CARTESIAN_POINT('Line Origine',(600.,500.,850.)) ;
#5414=CARTESIAN_POINT('Vertex',(600.,500.,1600.)) ;
#5417=CARTESIAN_POINT('Line Origine',(625.,500.,1600.)) ;
#5429=CARTESIAN_POINT('Axis2P3D Location',(600.,1700.,100.)) ;
#5434=CARTESIAN_POINT('Line Origine',(600.,1100.,1600.)) ;
#5446=CARTESIAN_POINT('Axis2P3D Location',(1050.,600.,100.)) ;
#5458=CARTESIAN_POINT('Axis2P3D Location',(395.,785.,100.)) ;
#5463=CARTESIAN_POINT('Line Origine',(395.,785.,92.5)) ;
#5467=CARTESIAN_POINT('Vertex',(395.,785.,85.)) ;
#5470=CARTESIAN_POINT('Line Origine',(395.,915.,92.5)) ;
#5474=CARTESIAN_POINT('Vertex',(395.,915.,85.)) ;
#5477=CARTESIAN_POINT('Line Origine',(395.,850.,85.)) ;
#5489=CARTESIAN_POINT('Axis2P3D Location',(395.,785.,100.)) ;
#5494=CARTESIAN_POINT('Line Origine',(265.,785.,92.5)) ;
#5498=CARTESIAN_POINT('Vertex',(265.,785.,85.)) ;
#5501=CARTESIAN_POINT('Line Origine',(330.,785.,85.)) ;
#5513=CARTESIAN_POINT('Axis2P3D Location',(265.,915.,100.)) ;
#5518=CARTESIAN_POINT('Line Origine',(265.,915.,92.5)) ;
#5522=CARTESIAN_POINT('Vertex',(265.,915.,85.)) ;
#5525=CARTESIAN_POINT('Line Origine',(265.,850.,85.)) ;
#5537=CARTESIAN_POINT('Line Origine',(330.,915.,85.)) ;
#5549=CARTESIAN_POINT('Axis2P3D Location',(480.,850.,-100.)) ;
#5554=CARTESIAN_POINT('Axis2P3D Location',(480.,795.,-100.)) ;
#5558=CARTESIAN_POINT('Vertex',(480.,795.,-250.)) ;
#5562=CARTESIAN_POINT('Control Point',(480.,905.,-250.)) ;
#5563=CARTESIAN_POINT('Control Point',(480.,905.,-241.275968876)) ;
#5564=CARTESIAN_POINT('Control Point',(480.,903.270256385,-232.551937753)) ;
#5565=CARTESIAN_POINT('Control Point',(480.,899.808856171,-224.285550006)) ;
#5566=CARTESIAN_POINT('Control Point',(480.,889.803830335,-209.57821091)) ;
#5567=CARTESIAN_POINT('Control Point',(480.,874.944119186,-199.800910168)) ;
#5568=CARTESIAN_POINT('Control Point',(480.,866.625292235,-196.46723097)) ;
#5569=CARTESIAN_POINT('Control Point',(480.,849.125800794,-193.276954857)) ;
#5570=CARTESIAN_POINT('Control Point',(480.,831.732932245,-197.004981956)) ;
#5571=CARTESIAN_POINT('Control Point',(480.,823.520787147,-200.593431726)) ;
#5572=CARTESIAN_POINT('Control Point',(480.,809.252167333,-210.625225235)) ;
#5573=CARTESIAN_POINT('Control Point',(480.,799.795271819,-225.251238439)) ;
#5574=CARTESIAN_POINT('Control Point',(480.,796.597918009,-233.229980036)) ;
#5575=CARTESIAN_POINT('Control Point',(480.,795.,-241.614990018)) ;
#5576=CARTESIAN_POINT('Control Point',(480.,795.,-250.)) ;
#5577=CARTESIAN_POINT('Vertex',(480.,905.,-250.)) ;
#5580=CARTESIAN_POINT('Axis2P3D Location',(480.,905.,-100.)) ;
#5594=CARTESIAN_POINT('Control Point',(480.,795.,-250.)) ;
#5595=CARTESIAN_POINT('Control Point',(480.,795.,-258.724031125)) ;
#5596=CARTESIAN_POINT('Control Point',(480.,796.729743615,-267.448062249)) ;
#5597=CARTESIAN_POINT('Control Point',(480.,800.191143831,-275.714449998)) ;
#5598=CARTESIAN_POINT('Control Point',(480.,810.196169667,-290.421789092)) ;
#5599=CARTESIAN_POINT('Control Point',(480.,825.055880817,-300.199089833)) ;
#5600=CARTESIAN_POINT('Control Point',(480.,833.374707772,-303.532769032)) ;
#5601=CARTESIAN_POINT('Control Point',(480.,850.874199213,-306.723045142)) ;
#5602=CARTESIAN_POINT('Control Point',(480.,868.267067761,-302.995018043)) ;
#5603=CARTESIAN_POINT('Control Point',(480.,876.479212856,-299.406568272)) ;
#5604=CARTESIAN_POINT('Control Point',(480.,890.747832806,-289.374774666)) ;
#5605=CARTESIAN_POINT('Control Point',(480.,900.204728363,-274.748761279)) ;
#5606=CARTESIAN_POINT('Control Point',(480.,903.402081929,-266.770020288)) ;
#5607=CARTESIAN_POINT('Control Point',(480.,905.,-258.385010144)) ;
#5608=CARTESIAN_POINT('Control Point',(480.,905.,-250.)) ;
#5618=CARTESIAN_POINT('Axis2P3D Location',(1015.,975.,500.)) ;
#5630=CARTESIAN_POINT('Axis2P3D Location',(1215.,775.,570.)) ;
#5635=CARTESIAN_POINT('Line Origine',(1350.,775.,570.)) ;
#5639=CARTESIAN_POINT('Vertex',(1350.,775.,610.)) ;
#5642=CARTESIAN_POINT('Line Origine',(1080.,775.,570.)) ;
#5646=CARTESIAN_POINT('Vertex',(1080.,775.,610.)) ;
#5649=CARTESIAN_POINT('Axis2P3D Location',(1215.,775.,610.)) ;
#5661=CARTESIAN_POINT('Axis2P3D Location',(1215.,775.,610.)) ;
#5673=CARTESIAN_POINT('Axis2P3D Location',(0.,0.,1600.)) ;
#5685=CARTESIAN_POINT('Axis2P3D Location',(250.,1700.,1360.)) ;
#5690=CARTESIAN_POINT('Line Origine',(399.526329629,1600.,1360.)) ;
#5694=CARTESIAN_POINT('Vertex',(400.,1600.,1360.)) ;
#5696=CARTESIAN_POINT('Vertex',(399.052659257,1600.,1360.)) ;
#5699=CARTESIAN_POINT('Line Origine',(400.,1650.,1360.)) ;
#5704=CARTESIAN_POINT('Line Origine',(250.,1656.1653503,1360.)) ;
#5708=CARTESIAN_POINT('Vertex',(250.,1612.3307006,1360.)) ;
#5711=CARTESIAN_POINT('Axis2P3D Location',(319.052659257,1540.,1360.)) ;
#5715=CARTESIAN_POINT('Vertex',(219.052659257,1540.,1360.)) ;
#5718=CARTESIAN_POINT('Axis2P3D Location',(319.052659257,1540.,1360.)) ;
#5722=CARTESIAN_POINT('Vertex',(419.052659257,1540.,1360.)) ;
#5725=CARTESIAN_POINT('Axis2P3D Location',(319.052659257,1540.,1360.)) ;
#5740=CARTESIAN_POINT('Axis2P3D Location',(250.,1700.,1360.)) ;
#5745=CARTESIAN_POINT('Line Origine',(250.,1656.1653503,1300.)) ;
#5749=CARTESIAN_POINT('Vertex',(250.,1612.3307006,1300.)) ;
#5752=CARTESIAN_POINT('Line Origine',(250.,1612.3307006,1330.)) ;
#5764=CARTESIAN_POINT('Axis2P3D Location',(400.,1700.,1300.)) ;
#5769=CARTESIAN_POINT('Axis2P3D Location',(319.052659257,1540.,1300.)) ;
#5773=CARTESIAN_POINT('Vertex',(399.052659257,1600.,1300.)) ;
#5775=CARTESIAN_POINT('Vertex',(419.052659257,1540.,1300.)) ;
#5778=CARTESIAN_POINT('Axis2P3D Location',(319.052659257,1540.,1300.)) ;
#5782=CARTESIAN_POINT('Vertex',(219.052659257,1540.,1300.)) ;
#5785=CARTESIAN_POINT('Axis2P3D Location',(319.052659257,1540.,1300.)) ;
#5790=CARTESIAN_POINT('Line Origine',(400.,1650.,1300.)) ;
#5794=CARTESIAN_POINT('Vertex',(400.,1600.,1300.)) ;
#5797=CARTESIAN_POINT('Line Origine',(399.526329629,1600.,1300.)) ;
#5812=CARTESIAN_POINT('Axis2P3D Location',(400.,1700.,1300.)) ;
#5817=CARTESIAN_POINT('Line Origine',(400.,1600.,1330.)) ;
#5829=CARTESIAN_POINT('Axis2P3D Location',(1375.,0.,0.)) ;
#5841=CARTESIAN_POINT('Axis2P3D Location',(0.,0.,85.)) ;
#5852=CARTESIAN_POINT('Axis2P3D Location',(330.,850.,85.)) ;
#5856=CARTESIAN_POINT('Vertex',(280.,850.,85.)) ;
#5858=CARTESIAN_POINT('Vertex',(380.,850.,85.)) ;
#5861=CARTESIAN_POINT('Axis2P3D Location',(330.,850.,85.)) ;
#5871=CARTESIAN_POINT('Axis2P3D Location',(640.,850.,-250.)) ;
#5876=CARTESIAN_POINT('Line Origine',(640.,795.,-250.)) ;
#5880=CARTESIAN_POINT('Vertex',(675.,795.,-250.)) ;
#5884=CARTESIAN_POINT('Control Point',(675.,795.,-250.)) ;
#5885=CARTESIAN_POINT('Control Point',(675.,795.,-247.108383293)) ;
#5886=CARTESIAN_POINT('Control Point',(675.19003289,795.19003289,-244.216766749)) ;
#5887=CARTESIAN_POINT('Control Point',(675.570131093,795.570131188,-241.363770741)) ;
#5888=CARTESIAN_POINT('Control Point',(676.952678298,796.952678157,-234.448973372)) ;
#5889=CARTESIAN_POINT('Control Point',(679.308580879,799.308581089,-228.10507234)) ;
#5890=CARTESIAN_POINT('Control Point',(681.006597573,801.006597795,-224.577976288)) ;
#5891=CARTESIAN_POINT('Control Point',(686.198455285,806.198454904,-215.779954219)) ;
#5892=CARTESIAN_POINT('Control Point',(692.67931992,812.679320573,-208.984697763)) ;
#5893=CARTESIAN_POINT('Control Point',(697.069441911,817.069442255,-205.44673253)) ;
#5894=CARTESIAN_POINT('Control Point',(704.834669892,824.834669652,-200.588496817)) ;
#5895=CARTESIAN_POINT('Control Point',(712.984914817,832.984914983,-197.518747767)) ;
#5896=CARTESIAN_POINT('Control Point',(716.365739187,836.365739317,-196.546139369)) ;
#5897=CARTESIAN_POINT('Control Point',(720.574678999,840.574678969,-195.685061672)) ;
#5898=CARTESIAN_POINT('Control Point',(724.806882452,844.806882459,-195.236806839)) ;
#5899=CARTESIAN_POINT('Control Point',(725.455348308,845.455644664,-195.183568666)) ;
#5900=CARTESIAN_POINT('Control Point',(726.598375433,846.598079238,-195.097846788)) ;
#5901=CARTESIAN_POINT('Control Point',(727.742257316,847.741324609,-195.041929519)) ;
#5902=CARTESIAN_POINT('Control Point',(728.39157793,848.390662901,-195.014706571)) ;
#5903=CARTESIAN_POINT('Control Point',(729.195581508,849.195581508,-195.)) ;
#5904=CARTESIAN_POINT('Control Point',(730.,850.,-195.)) ;
#5905=CARTESIAN_POINT('Vertex',(730.,850.,-195.)) ;
#5909=CARTESIAN_POINT('Control Point',(730.,850.,-195.)) ;
#5910=CARTESIAN_POINT('Control Point',(729.048753649,850.951246351,-195.)) ;
#5911=CARTESIAN_POINT('Control Point',(728.097139186,851.902047981,-195.020565219)) ;
#5912=CARTESIAN_POINT('Control Point',(727.064809075,852.934495851,-195.062576096)) ;
#5913=CARTESIAN_POINT('Control Point',(724.920596548,855.079578373,-195.208642666)) ;
#5914=CARTESIAN_POINT('Control Point',(722.78058034,857.219976815,-195.459972271)) ;
#5915=CARTESIAN_POINT('Control Point',(721.75244655,858.247553461,-195.609254481)) ;
#5916=CARTESIAN_POINT('Control Point',(716.534898171,863.465101783,-196.469999676)) ;
#5917=CARTESIAN_POINT('Control Point',(711.371569257,868.628430952,-197.969744646)) ;
#5918=CARTESIAN_POINT('Control Point',(707.212287627,872.787712683,-199.636274091)) ;
#5919=CARTESIAN_POINT('Control Point',(699.118180587,880.881819107,-203.883243113)) ;
#5920=CARTESIAN_POINT('Control Point',(691.636725404,888.3632749,-210.136260217)) ;
#5921=CARTESIAN_POINT('Control Point',(688.114612426,891.885388094,-213.788745631)) ;
#5922=CARTESIAN_POINT('Control Point',(682.940719305,897.059280378,-220.620019868)) ;
#5923=CARTESIAN_POINT('Control Point',(678.98952955,901.010470643,-228.983922469)) ;
#5924=CARTESIAN_POINT('Control Point',(677.704501916,902.295498221,-232.374778113)) ;
#5925=CARTESIAN_POINT('Control Point',(676.13811171,903.861888216,-237.900036156)) ;
#5926=CARTESIAN_POINT('Control Point',(675.298941201,904.70105884,-243.732721397)) ;
#5927=CARTESIAN_POINT('Control Point',(675.099645603,904.900354397,-245.812205185)) ;
#5928=CARTESIAN_POINT('Control Point',(675.,905.,-247.90610255)) ;
#5929=CARTESIAN_POINT('Control Point',(675.,905.,-250.)) ;
#5930=CARTESIAN_POINT('Vertex',(675.,905.,-250.)) ;
#5933=CARTESIAN_POINT('Line Origine',(640.,905.,-250.)) ;
#5947=CARTESIAN_POINT('Control Point',(675.,905.,-250.)) ;
#5948=CARTESIAN_POINT('Control Point',(675.,905.,-252.891616707)) ;
#5949=CARTESIAN_POINT('Control Point',(675.19003289,904.80996711,-255.783233251)) ;
#5950=CARTESIAN_POINT('Control Point',(675.570131093,904.429868812,-258.63622926)) ;
#5951=CARTESIAN_POINT('Control Point',(676.952678299,903.047321843,-265.551026628)) ;
#5952=CARTESIAN_POINT('Control Point',(679.308580879,900.691418911,-271.89492766)) ;
#5953=CARTESIAN_POINT('Control Point',(681.006597574,898.993402204,-275.422023713)) ;
#5954=CARTESIAN_POINT('Control Point',(686.198455285,893.801545095,-284.220045782)) ;
#5955=CARTESIAN_POINT('Control Point',(692.679319921,887.320679427,-291.015302238)) ;
#5956=CARTESIAN_POINT('Control Point',(697.069441911,882.930557744,-294.55326747)) ;
#5957=CARTESIAN_POINT('Control Point',(704.834669891,875.165330348,-299.411503183)) ;
#5958=CARTESIAN_POINT('Control Point',(712.984914816,867.015085018,-302.481252232)) ;
#5959=CARTESIAN_POINT('Control Point',(716.36573919,863.63426068,-303.453860632)) ;
#5960=CARTESIAN_POINT('Control Point',(720.574695877,859.425304154,-304.31494178)) ;
#5961=CARTESIAN_POINT('Control Point',(724.80691639,855.193083602,-304.763196756)) ;
#5962=CARTESIAN_POINT('Control Point',(725.455378005,854.544325562,-304.816433568)) ;
#5963=CARTESIAN_POINT('Control Point',(726.598375409,853.401920707,-304.902152827)) ;
#5964=CARTESIAN_POINT('Control Point',(727.742227562,852.258705144,-304.958069025)) ;
#5965=CARTESIAN_POINT('Control Point',(728.391543926,851.609371141,-304.985292807)) ;
#5966=CARTESIAN_POINT('Control Point',(729.195564498,850.804435502,-305.)) ;
#5967=CARTESIAN_POINT('Control Point',(730.,850.,-305.)) ;
#5968=CARTESIAN_POINT('Vertex',(730.,850.,-305.)) ;
#5972=CARTESIAN_POINT('Control Point',(675.,795.,-250.)) ;
#5973=CARTESIAN_POINT('Control Point',(675.,795.,-252.891616707)) ;
#5974=CARTESIAN_POINT('Control Point',(675.19003289,795.19003289,-255.783233252)) ;
#5975=CARTESIAN_POINT('Control Point',(675.570131093,795.570131188,-258.636229259)) ;
#5976=CARTESIAN_POINT('Control Point',(676.952678298,796.952678157,-265.551026629)) ;
#5977=CARTESIAN_POINT('Control Point',(679.30858088,799.308581089,-271.894927661)) ;
#5978=CARTESIAN_POINT('Control Point',(681.006597573,801.006597795,-275.422023712)) ;
#5979=CARTESIAN_POINT('Control Point',(686.198455285,806.198454905,-284.220045782)) ;
#5980=CARTESIAN_POINT('Control Point',(692.679319922,812.679320574,-291.015302238)) ;
#5981=CARTESIAN_POINT('Control Point',(697.06944191,817.069442256,-294.55326747)) ;
#5982=CARTESIAN_POINT('Control Point',(704.834669893,824.834669653,-299.411503184)) ;
#5983=CARTESIAN_POINT('Control Point',(712.984914819,832.984914985,-302.481252234)) ;
#5984=CARTESIAN_POINT('Control Point',(716.365739187,836.365739318,-303.453860631)) ;
#5985=CARTESIAN_POINT('Control Point',(720.574679005,840.574678974,-304.314938329)) ;
#5986=CARTESIAN_POINT('Control Point',(724.806882462,844.806882469,-304.763193162)) ;
#5987=CARTESIAN_POINT('Control Point',(725.455348317,845.455644673,-304.816431335)) ;
#5988=CARTESIAN_POINT('Control Point',(726.598375434,846.598079239,-304.902153212)) ;
#5989=CARTESIAN_POINT('Control Point',(727.742257309,847.741324601,-304.95807048)) ;
#5990=CARTESIAN_POINT('Control Point',(728.391577921,848.390662892,-304.985293429)) ;
#5991=CARTESIAN_POINT('Control Point',(729.195581504,849.195581504,-305.)) ;
#5992=CARTESIAN_POINT('Control Point',(730.,850.,-305.)) ;
#6002=CARTESIAN_POINT('Axis2P3D Location',(0.,0.,610.)) ;
#6011=CARTESIAN_POINT('Axis2P3D Location',(1215.,775.,610.)) ;
#6015=CARTESIAN_POINT('Vertex',(1095.,775.,610.)) ;
#6017=CARTESIAN_POINT('Vertex',(1335.,775.,610.)) ;
#6020=CARTESIAN_POINT('Axis2P3D Location',(1215.,775.,610.)) ;
#6030=CARTESIAN_POINT('Axis2P3D Location',(319.052659257,1540.,1330.)) ;
#6035=CARTESIAN_POINT('Line Origine',(419.052659257,1540.,1330.)) ;
#6040=CARTESIAN_POINT('Line Origine',(399.052659257,1600.,1330.)) ;
#6052=CARTESIAN_POINT('Line Origine',(219.052659257,1540.,1330.)) ;
#6071=CARTESIAN_POINT('Axis2P3D Location',(0.,1600.,0.)) ;
#6083=CARTESIAN_POINT('Axis2P3D Location',(330.,850.,49.3399999885)) ;
#6088=CARTESIAN_POINT('Line Origine',(380.,850.,49.3399999885)) ;
#6092=CARTESIAN_POINT('Vertex',(380.,850.,-100.)) ;
#6095=CARTESIAN_POINT('Axis2P3D Location',(330.,850.,-100.)) ;
#6099=CARTESIAN_POINT('Vertex',(330.,800.,-100.)) ;
#6102=CARTESIAN_POINT('Axis2P3D Location',(330.,850.,-100.)) ;
#6106=CARTESIAN_POINT('Vertex',(280.,850.,-100.)) ;
#6109=CARTESIAN_POINT('Line Origine',(280.,850.,49.3399999885)) ;
#6113=CARTESIAN_POINT('Vertex',(280.,850.,7.1054273576E-015)) ;
#6116=CARTESIAN_POINT('Line Origine',(280.,850.,49.3399999885)) ;
#6130=CARTESIAN_POINT('Axis2P3D Location',(330.,850.,-100.)) ;
#6134=CARTESIAN_POINT('Vertex',(330.,900.,-100.)) ;
#6137=CARTESIAN_POINT('Axis2P3D Location',(330.,850.,-100.)) ;
#6151=CARTESIAN_POINT('Axis2P3D Location',(730.,850.,-250.)) ;
#6156=CARTESIAN_POINT('Line Origine',(675.,850.,-250.)) ;
#6160=CARTESIAN_POINT('Vertex',(675.,1050.,-250.)) ;
#6163=CARTESIAN_POINT('Line Origine',(675.,850.,-250.)) ;
#6167=CARTESIAN_POINT('Vertex',(675.,650.,-250.)) ;
#6170=CARTESIAN_POINT('Line Origine',(675.,850.,-250.)) ;
#6174=CARTESIAN_POINT('Vertex',(675.,250.,-250.)) ;
#6177=CARTESIAN_POINT('Axis2P3D Location',(730.,250.,-250.)) ;
#6181=CARTESIAN_POINT('Vertex',(785.,250.,-250.)) ;
#6184=CARTESIAN_POINT('Line Origine',(785.,850.,-250.)) ;
#6188=CARTESIAN_POINT('Vertex',(785.,1250.,-250.)) ;
#6191=CARTESIAN_POINT('Axis2P3D Location',(730.,1250.,-250.)) ;
#6195=CARTESIAN_POINT('Vertex',(675.,1250.,-250.)) ;
#6198=CARTESIAN_POINT('Line Origine',(675.,850.,-250.)) ;
#6215=CARTESIAN_POINT('Axis2P3D Location',(730.,250.,-250.)) ;
#6220=CARTESIAN_POINT('Axis2P3D Location',(730.,1250.,-250.)) ;
#6237=CARTESIAN_POINT('Axis2P3D Location',(1215.,775.,570.)) ;
#6242=CARTESIAN_POINT('Line Origine',(1335.,775.,570.)) ;
#6246=CARTESIAN_POINT('Vertex',(1335.,775.,530.)) ;
#6249=CARTESIAN_POINT('Axis2P3D Location',(1215.,775.,530.)) ;
#6253=CARTESIAN_POINT('Vertex',(1095.,775.,530.)) ;
#6256=CARTESIAN_POINT('Line Origine',(1095.,775.,570.)) ;
#6268=CARTESIAN_POINT('Axis2P3D Location',(1215.,775.,530.)) ;
#6280=CARTESIAN_POINT('Axis2P3D Location',(480.,850.,-100.)) ;
#6285=CARTESIAN_POINT('Axis2P3D Location',(480.,800.,-100.)) ;
#6289=CARTESIAN_POINT('Vertex',(480.,800.,-250.)) ;
#6293=CARTESIAN_POINT('Control Point',(480.,800.,-250.)) ;
#6294=CARTESIAN_POINT('Control Point',(480.,800.,-258.318096206)) ;
#6295=CARTESIAN_POINT('Control Point',(480.,801.729768112,-266.636192412)) ;
#6296=CARTESIAN_POINT('Control Point',(480.,805.191552335,-274.474092471)) ;
#6297=CARTESIAN_POINT('Control Point',(480.,815.158204343,-288.236372417)) ;
#6298=CARTESIAN_POINT('Control Point',(480.,829.78515125,-296.884331256)) ;
#6299=CARTESIAN_POINT('Control Point',(480.,837.910315232,-299.604638387)) ;
#6300=CARTESIAN_POINT('Control Point',(480.,854.795779827,-301.5070227)) ;
#6301=CARTESIAN_POINT('Control Point',(480.,871.03977505,-296.519979505)) ;
#6302=CARTESIAN_POINT('Control Point',(480.,878.523052816,-292.3463822)) ;
#6303=CARTESIAN_POINT('Control Point',(480.,889.875715416,-282.39670243)) ;
#6304=CARTESIAN_POINT('Control Point',(480.,896.868352372,-269.15905048)) ;
#6305=CARTESIAN_POINT('Control Point',(480.,898.956294207,-262.922574315)) ;
#6306=CARTESIAN_POINT('Control Point',(480.,900.,-256.461287158)) ;
#6307=CARTESIAN_POINT('Control Point',(480.,900.,-250.)) ;
#6308=CARTESIAN_POINT('Vertex',(480.,900.,-250.)) ;
#6311=CARTESIAN_POINT('Axis2P3D Location',(480.,900.,-100.)) ;
#6325=CARTESIAN_POINT('Control Point',(480.,900.,-250.)) ;
#6326=CARTESIAN_POINT('Control Point',(480.,900.,-241.681903795)) ;
#6327=CARTESIAN_POINT('Control Point',(480.,898.270231888,-233.363807591)) ;
#6328=CARTESIAN_POINT('Control Point',(480.,894.808447664,-225.525907528)) ;
#6329=CARTESIAN_POINT('Control Point',(480.,884.841795657,-211.763627583)) ;
#6330=CARTESIAN_POINT('Control Point',(480.,870.21484875,-203.115668744)) ;
#6331=CARTESIAN_POINT('Control Point',(480.,862.08968477,-200.395361613)) ;
#6332=CARTESIAN_POINT('Control Point',(480.,845.204220175,-198.4929773)) ;
#6333=CARTESIAN_POINT('Control Point',(480.,828.96022495,-203.480020495)) ;
#6334=CARTESIAN_POINT('Control Point',(480.,821.476947186,-207.653617799)) ;
#6335=CARTESIAN_POINT('Control Point',(480.,810.124284633,-217.603297527)) ;
#6336=CARTESIAN_POINT('Control Point',(480.,803.131647688,-230.840949407)) ;
#6337=CARTESIAN_POINT('Control Point',(480.,801.043705773,-237.077425811)) ;
#6338=CARTESIAN_POINT('Control Point',(480.,800.,-243.538712905)) ;
#6339=CARTESIAN_POINT('Control Point',(480.,800.,-250.)) ;
#6349=CARTESIAN_POINT('Axis2P3D Location',(880.,250.,-250.)) ;
#6354=CARTESIAN_POINT('Axis2P3D Location',(880.,250.,-250.)) ;
#6358=CARTESIAN_POINT('Vertex',(880.,45.,-250.)) ;
#6362=CARTESIAN_POINT('Control Point',(880.,45.,-250.)) ;
#6363=CARTESIAN_POINT('Control Point',(880.,45.,-241.275968874)) ;
#6364=CARTESIAN_POINT('Control Point',(880.,46.7297436156,-232.551937748)) ;
#6365=CARTESIAN_POINT('Control Point',(880.,50.1911438303,-224.285550003)) ;
#6366=CARTESIAN_POINT('Control Point',(880.,60.1961696674,-209.578210907)) ;
#6367=CARTESIAN_POINT('Control Point',(880.,75.0558808192,-199.800910166)) ;
#6368=CARTESIAN_POINT('Control Point',(880.,83.3747077733,-196.467230968)) ;
#6369=CARTESIAN_POINT('Control Point',(880.,100.874199214,-193.276954858)) ;
#6370=CARTESIAN_POINT('Control Point',(880.,118.267067761,-197.004981958)) ;
#6371=CARTESIAN_POINT('Control Point',(880.,126.47921286,-200.59343173)) ;
#6372=CARTESIAN_POINT('Control Point',(880.,140.747832671,-210.62522524)) ;
#6373=CARTESIAN_POINT('Control Point',(880.,150.204728183,-225.251238443)) ;
#6374=CARTESIAN_POINT('Control Point',(880.,153.402081992,-233.22998004)) ;
#6375=CARTESIAN_POINT('Control Point',(880.,155.,-241.61499002)) ;
#6376=CARTESIAN_POINT('Control Point',(880.,155.,-250.)) ;
#6377=CARTESIAN_POINT('Vertex',(880.,155.,-250.)) ;
#6380=CARTESIAN_POINT('Axis2P3D Location',(880.,250.,-250.)) ;
#6392=CARTESIAN_POINT('Axis2P3D Location',(880.,1250.,-250.)) ;
#6398=CARTESIAN_POINT('Control Point',(880.,1345.,-250.)) ;
#6399=CARTESIAN_POINT('Control Point',(880.,1345.,-241.275968877)) ;
#6400=CARTESIAN_POINT('Control Point',(880.,1346.72974361,-232.551937754)) ;
#6401=CARTESIAN_POINT('Control Point',(880.,1350.19114383,-224.285550004)) ;
#6402=CARTESIAN_POINT('Control Point',(880.,1360.19616967,-209.578210909)) ;
#6403=CARTESIAN_POINT('Control Point',(880.,1375.05588082,-199.800910168)) ;
#6404=CARTESIAN_POINT('Control Point',(880.,1383.37470777,-196.46723097)) ;
#6405=CARTESIAN_POINT('Control Point',(880.,1400.87419921,-193.276954857)) ;
#6406=CARTESIAN_POINT('Control Point',(880.,1418.26706776,-197.004981956)) ;
#6407=CARTESIAN_POINT('Control Point',(880.,1426.47921285,-200.593431726)) ;
#6408=CARTESIAN_POINT('Control Point',(880.,1440.7478328,-210.625225331)) ;
#6409=CARTESIAN_POINT('Control Point',(880.,1450.20472836,-225.251238718)) ;
#6410=CARTESIAN_POINT('Control Point',(880.,1453.40208193,-233.229979711)) ;
#6411=CARTESIAN_POINT('Control Point',(880.,1455.,-241.614989855)) ;
#6412=CARTESIAN_POINT('Control Point',(880.,1455.,-250.)) ;
#6413=CARTESIAN_POINT('Vertex',(880.,1345.,-250.)) ;
#6415=CARTESIAN_POINT('Vertex',(880.,1455.,-250.)) ;
#6418=CARTESIAN_POINT('Axis2P3D Location',(880.,1250.,-250.)) ;
#6423=CARTESIAN_POINT('Axis2P3D Location',(880.,1250.,-250.)) ;
#6436=CARTESIAN_POINT('Control Point',(880.,155.,-250.)) ;
#6437=CARTESIAN_POINT('Control Point',(880.,155.,-258.724031126)) ;
#6438=CARTESIAN_POINT('Control Point',(880.,153.270256385,-267.448062251)) ;
#6439=CARTESIAN_POINT('Control Point',(880.,149.808856168,-275.714450001)) ;
#6440=CARTESIAN_POINT('Control Point',(880.,139.80383033,-290.421789095)) ;
#6441=CARTESIAN_POINT('Control Point',(880.,124.944119177,-300.199089836)) ;
#6442=CARTESIAN_POINT('Control Point',(880.,116.625292224,-303.532769033)) ;
#6443=CARTESIAN_POINT('Control Point',(880.,99.1258007824,-306.723045142)) ;
#6444=CARTESIAN_POINT('Control Point',(880.,81.7329322348,-302.995018041)) ;
#6445=CARTESIAN_POINT('Control Point',(880.,73.5207871383,-299.406568269)) ;
#6446=CARTESIAN_POINT('Control Point',(880.,59.2521671908,-289.374774663)) ;
#6447=CARTESIAN_POINT('Control Point',(880.,49.7952716359,-274.748761276)) ;
#6448=CARTESIAN_POINT('Control Point',(880.,46.5979180704,-266.770020286)) ;
#6449=CARTESIAN_POINT('Control Point',(880.,45.,-258.385010143)) ;
#6450=CARTESIAN_POINT('Control Point',(880.,45.,-250.)) ;
#6460=CARTESIAN_POINT('Control Point',(880.,1455.,-250.)) ;
#6461=CARTESIAN_POINT('Control Point',(880.,1455.,-258.724031124)) ;
#6462=CARTESIAN_POINT('Control Point',(880.,1453.27025639,-267.448062247)) ;
#6463=CARTESIAN_POINT('Control Point',(880.,1449.80885617,-275.714449996)) ;
#6464=CARTESIAN_POINT('Control Point',(880.,1439.80383033,-290.42178909)) ;
#6465=CARTESIAN_POINT('Control Point',(880.,1424.94411919,-300.199089832)) ;
#6466=CARTESIAN_POINT('Control Point',(880.,1416.62529223,-303.53276903)) ;
#6467=CARTESIAN_POINT('Control Point',(880.,1399.12580079,-306.723045142)) ;
#6468=CARTESIAN_POINT('Control Point',(880.,1381.73293224,-302.995018044)) ;
#6469=CARTESIAN_POINT('Control Point',(880.,1373.52078715,-299.406568273)) ;
#6470=CARTESIAN_POINT('Control Point',(880.,1359.25216733,-289.374774763)) ;
#6471=CARTESIAN_POINT('Control Point',(880.,1349.79527182,-274.748761559)) ;
#6472=CARTESIAN_POINT('Control Point',(880.,1346.59791801,-266.770019965)) ;
#6473=CARTESIAN_POINT('Control Point',(880.,1345.,-258.385009982)) ;
#6474=CARTESIAN_POINT('Control Point',(880.,1345.,-250.)) ;
#6488=CARTESIAN_POINT('Axis2P3D Location',(640.,850.,-250.)) ;
#6493=CARTESIAN_POINT('Line Origine',(640.,800.,-250.)) ;
#6497=CARTESIAN_POINT('Vertex',(680.,800.,-250.)) ;
#6501=CARTESIAN_POINT('Control Point',(730.,850.,-300.)) ;
#6502=CARTESIAN_POINT('Control Point',(729.581870051,849.581870051,-300.)) ;
#6503=CARTESIAN_POINT('Control Point',(729.163894047,849.163586911,-299.995629184)) ;
#6504=CARTESIAN_POINT('Control Point',(728.83216467,848.831781919,-299.98760104)) ;
#6505=CARTESIAN_POINT('Control Point',(728.254926601,848.25465549,-299.971613194)) ;
#6506=CARTESIAN_POINT('Control Point',(727.677764304,847.677743578,-299.947293826)) ;
#6507=CARTESIAN_POINT('Control Point',(727.346110699,847.346110697,-299.932149202)) ;
#6508=CARTESIAN_POINT('Control Point',(726.230794689,846.230794693,-299.865851677)) ;
#6509=CARTESIAN_POINT('Control Point',(725.116570962,845.116570956,-299.768326734)) ;
#6510=CARTESIAN_POINT('Control Point',(724.420279617,844.420279611,-299.695097732)) ;
#6511=CARTESIAN_POINT('Control Point',(719.431419539,839.431419577,-299.081915564)) ;
#6512=CARTESIAN_POINT('Control Point',(714.487110481,834.487110243,-297.835794083)) ;
#6513=CARTESIAN_POINT('Control Point',(710.304233155,830.304232818,-296.287103763)) ;
#6514=CARTESIAN_POINT('Control Point',(702.382521967,822.382522285,-292.300724288)) ;
#6515=CARTESIAN_POINT('Control Point',(695.136469242,815.136468943,-286.281011801)) ;
#6516=CARTESIAN_POINT('Control Point',(691.829667183,811.829666722,-282.844313438)) ;
#6517=CARTESIAN_POINT('Control Point',(686.985561998,806.985562285,-276.377970996)) ;
#6518=CARTESIAN_POINT('Control Point',(683.380308101,803.380307922,-268.529806281)) ;
#6519=CARTESIAN_POINT('Control Point',(682.2147354,802.214735294,-265.317745025)) ;
#6520=CARTESIAN_POINT('Control Point',(680.891337424,800.891337475,-260.330371675)) ;
#6521=CARTESIAN_POINT('Control Point',(680.219120572,800.219120548,-255.119290728)) ;
#6522=CARTESIAN_POINT('Control Point',(680.073039726,800.073039726,-253.418531243)) ;
#6523=CARTESIAN_POINT('Control Point',(680.,800.,-251.709265647)) ;
#6524=CARTESIAN_POINT('Control Point',(680.,800.,-250.)) ;
#6525=CARTESIAN_POINT('Vertex',(730.,850.,-300.)) ;
#6529=CARTESIAN_POINT('Control Point',(730.,850.,-300.)) ;
#6530=CARTESIAN_POINT('Control Point',(729.563558561,850.436441439,-300.)) ;
#6531=CARTESIAN_POINT('Control Point',(729.127292259,850.873057084,-299.995237972)) ;
#6532=CARTESIAN_POINT('Control Point',(728.781224913,851.219210342,-299.986492766)) ;
#6533=CARTESIAN_POINT('Control Point',(728.179259549,851.821048621,-299.969094217)) ;
#6534=CARTESIAN_POINT('Control Point',(727.577380023,852.422643405,-299.942634933)) ;
#6535=CARTESIAN_POINT('Control Point',(727.231398514,852.768601488,-299.926155929)) ;
#6536=CARTESIAN_POINT('Control Point',(726.067618772,853.932381224,-299.853973236)) ;
#6537=CARTESIAN_POINT('Control Point',(724.905080565,855.094919441,-299.74777783)) ;
#6538=CARTESIAN_POINT('Control Point',(724.178758995,855.821241012,-299.668046896)) ;
#6539=CARTESIAN_POINT('Control Point',(718.639713403,861.360286552,-298.957331194)) ;
#6540=CARTESIAN_POINT('Control Point',(713.158098099,866.841902201,-297.465189378)) ;
#6541=CARTESIAN_POINT('Control Point',(708.493923521,871.506076935,-295.567913967)) ;
#6542=CARTESIAN_POINT('Control Point',(700.385284304,879.614715334,-291.007988683)) ;
#6543=CARTESIAN_POINT('Control Point',(693.129726935,886.870273352,-284.206444954)) ;
#6544=CARTESIAN_POINT('Control Point',(690.133885044,889.866115369,-280.722384493)) ;
#6545=CARTESIAN_POINT('Control Point',(685.114647061,894.885352575,-273.242899763)) ;
#6546=CARTESIAN_POINT('Control Point',(681.715136992,898.284863328,-264.147938971)) ;
#6547=CARTESIAN_POINT('Control Point',(680.57103367,899.42896633,-259.558523915)) ;
#6548=CARTESIAN_POINT('Control Point',(680.,900.,-254.779262159)) ;
#6549=CARTESIAN_POINT('Control Point',(680.,900.,-250.)) ;
#6550=CARTESIAN_POINT('Vertex',(680.,900.,-250.)) ;
#6553=CARTESIAN_POINT('Line Origine',(640.,900.,-250.)) ;
#6567=CARTESIAN_POINT('Control Point',(730.,850.,-200.)) ;
#6568=CARTESIAN_POINT('Control Point',(729.563611302,850.436388698,-200.)) ;
#6569=CARTESIAN_POINT('Control Point',(729.127397701,850.872951558,-200.004760877)) ;
#6570=CARTESIAN_POINT('Control Point',(728.781317161,851.219118031,-200.013504565)) ;
#6571=CARTESIAN_POINT('Control Point',(728.179259545,851.821048643,-200.030905088)) ;
#6572=CARTESIAN_POINT('Control Point',(727.577287798,852.422735689,-200.057369126)) ;
#6573=CARTESIAN_POINT('Control Point',(727.231293129,852.768706874,-200.073850608)) ;
#6574=CARTESIAN_POINT('Control Point',(726.067566135,853.932433861,-200.146031573)) ;
#6575=CARTESIAN_POINT('Control Point',(724.905080565,855.094919441,-200.25222217)) ;
#6576=CARTESIAN_POINT('Control Point',(724.178758995,855.821241012,-200.331953104)) ;
#6577=CARTESIAN_POINT('Control Point',(718.639713403,861.360286552,-201.042668806)) ;
#6578=CARTESIAN_POINT('Control Point',(713.158098098,866.841902202,-202.534810622)) ;
#6579=CARTESIAN_POINT('Control Point',(708.493923523,871.506076934,-204.432086033)) ;
#6580=CARTESIAN_POINT('Control Point',(700.385284304,879.614715333,-208.992011317)) ;
#6581=CARTESIAN_POINT('Control Point',(693.129726936,886.870273352,-215.793555046)) ;
#6582=CARTESIAN_POINT('Control Point',(690.133885044,889.866115369,-219.277615507)) ;
#6583=CARTESIAN_POINT('Control Point',(685.114647061,894.885352575,-226.757100238)) ;
#6584=CARTESIAN_POINT('Control Point',(681.715136992,898.284863328,-235.852061029)) ;
#6585=CARTESIAN_POINT('Control Point',(680.57103367,899.42896633,-240.441476085)) ;
#6586=CARTESIAN_POINT('Control Point',(680.,900.,-245.220737841)) ;
#6587=CARTESIAN_POINT('Control Point',(680.,900.,-250.)) ;
#6588=CARTESIAN_POINT('Vertex',(730.,850.,-200.)) ;
#6592=CARTESIAN_POINT('Control Point',(730.,850.,-200.)) ;
#6593=CARTESIAN_POINT('Control Point',(729.563558561,849.563558561,-200.)) ;
#6594=CARTESIAN_POINT('Control Point',(729.127292259,849.126942916,-200.004762028)) ;
#6595=CARTESIAN_POINT('Control Point',(728.781224913,848.780789658,-200.013507234)) ;
#6596=CARTESIAN_POINT('Control Point',(728.179259549,848.178951379,-200.030905783)) ;
#6597=CARTESIAN_POINT('Control Point',(727.577380023,847.577356595,-200.057365067)) ;
#6598=CARTESIAN_POINT('Control Point',(727.231398514,847.231398512,-200.073844071)) ;
#6599=CARTESIAN_POINT('Control Point',(726.067618772,846.067618776,-200.146026764)) ;
#6600=CARTESIAN_POINT('Control Point',(724.905080565,844.905080559,-200.25222217)) ;
#6601=CARTESIAN_POINT('Control Point',(724.178758995,844.178758988,-200.331953104)) ;
#6602=CARTESIAN_POINT('Control Point',(718.639713403,838.639713448,-201.042668806)) ;
#6603=CARTESIAN_POINT('Control Point',(713.158098098,833.158097798,-202.534810622)) ;
#6604=CARTESIAN_POINT('Control Point',(708.493923522,828.493923066,-204.432086033)) ;
#6605=CARTESIAN_POINT('Control Point',(700.385284305,820.385284666,-208.992011317)) ;
#6606=CARTESIAN_POINT('Control Point',(693.129726935,813.129726648,-215.793555046)) ;
#6607=CARTESIAN_POINT('Control Point',(690.133885044,810.133884631,-219.277615507)) ;
#6608=CARTESIAN_POINT('Control Point',(685.114647061,805.114647425,-226.757100238)) ;
#6609=CARTESIAN_POINT('Control Point',(681.715136992,801.715136672,-235.852061029)) ;
#6610=CARTESIAN_POINT('Control Point',(680.57103367,800.57103367,-240.441476085)) ;
#6611=CARTESIAN_POINT('Control Point',(680.,800.,-245.220737841)) ;
#6612=CARTESIAN_POINT('Control Point',(680.,800.,-250.)) ;
#6622=CARTESIAN_POINT('Axis2P3D Location',(1015.,100.,-250.)) ;
#6627=CARTESIAN_POINT('Line Origine',(1015.,45.,-250.)) ;
#6631=CARTESIAN_POINT('Vertex',(1150.,45.,-250.)) ;
#6634=CARTESIAN_POINT('Axis2P3D Location',(1150.,100.,-250.)) ;
#6638=CARTESIAN_POINT('Vertex',(1150.,155.,-250.)) ;
#6641=CARTESIAN_POINT('Line Origine',(1015.,155.,-250.)) ;
#6653=CARTESIAN_POINT('Axis2P3D Location',(1015.,1400.,-250.)) ;
#6658=CARTESIAN_POINT('Axis2P3D Location',(1150.,1400.,-250.)) ;
#6662=CARTESIAN_POINT('Vertex',(1150.,1345.,-250.)) ;
#6664=CARTESIAN_POINT('Vertex',(1150.,1455.,-250.)) ;
#6667=CARTESIAN_POINT('Line Origine',(1015.,1455.,-250.)) ;
#6672=CARTESIAN_POINT('Line Origine',(1015.,1345.,-250.)) ;
#6684=CARTESIAN_POINT('Axis2P3D Location',(1150.,100.,-250.)) ;
#6696=CARTESIAN_POINT('Axis2P3D Location',(1150.,1400.,-250.)) ;
#6708=CARTESIAN_POINT('Axis2P3D Location',(730.,850.,-250.)) ;
#6713=CARTESIAN_POINT('Axis2P3D Location',(730.,1250.,-250.)) ;
#6717=CARTESIAN_POINT('Vertex',(680.,1250.,-250.)) ;
#6719=CARTESIAN_POINT('Vertex',(780.,1250.,-250.)) ;
#6722=CARTESIAN_POINT('Line Origine',(680.,850.,-250.)) ;
#6726=CARTESIAN_POINT('Vertex',(680.,1050.,-250.)) ;
#6729=CARTESIAN_POINT('Line Origine',(680.,850.,-250.)) ;
#6734=CARTESIAN_POINT('Line Origine',(680.,850.,-250.)) ;
#6738=CARTESIAN_POINT('Vertex',(680.,650.,-250.)) ;
#6741=CARTESIAN_POINT('Line Origine',(680.,850.,-250.)) ;
#6745=CARTESIAN_POINT('Vertex',(680.,250.,-250.)) ;
#6748=CARTESIAN_POINT('Axis2P3D Location',(730.,250.,-250.)) ;
#6752=CARTESIAN_POINT('Vertex',(780.,250.,-250.)) ;
#6755=CARTESIAN_POINT('Line Origine',(780.,850.,-250.)) ;
#6772=CARTESIAN_POINT('Axis2P3D Location',(730.,1250.,-250.)) ;
#6777=CARTESIAN_POINT('Axis2P3D Location',(730.,250.,-250.)) ;
#6794=CARTESIAN_POINT('Axis2P3D Location',(1150.,250.,-250.)) ;
#6799=CARTESIAN_POINT('Axis2P3D Location',(1150.,250.,-250.)) ;
#6803=CARTESIAN_POINT('Vertex',(1244.99987502,249.845901972,-250.)) ;
#6806=CARTESIAN_POINT('Axis2P3D Location',(1150.,250.,-250.)) ;
#6810=CARTESIAN_POINT('Vertex',(1354.99993983,249.842939638,-250.)) ;
#6814=CARTESIAN_POINT('Control Point',(1354.99993983,249.842939638,-250.)) ;
#6815=CARTESIAN_POINT('Control Point',(1354.99993983,249.842939638,-244.431890677)) ;
#6816=CARTESIAN_POINT('Control Point',(1354.29530687,249.842948768,-238.863781354)) ;
#6817=CARTESIAN_POINT('Control Point',(1352.88527138,249.842965816,-233.373602133)) ;
#6818=CARTESIAN_POINT('Control Point',(1348.64140813,249.84302069,-222.781880229)) ;
#6819=CARTESIAN_POINT('Control Point',(1341.73265811,249.84311817,-213.4800726)) ;
#6820=CARTESIAN_POINT('Control Point',(1337.65538913,249.843178088,-209.278897977)) ;
#6821=CARTESIAN_POINT('Control Point',(1328.45085635,249.843321964,-202.037625134)) ;
#6822=CARTESIAN_POINT('Control Point',(1317.68315844,249.843517003,-197.431523305)) ;
#6823=CARTESIAN_POINT('Control Point',(1312.04153471,249.843628124,-195.867525128)) ;
#6824=CARTESIAN_POINT('Control Point',(1300.56619718,249.843876217,-194.264033122)) ;
#6825=CARTESIAN_POINT('Control Point',(1289.23646079,249.844167646,-195.61761707)) ;
#6826=CARTESIAN_POINT('Control Point',(1283.7423616,249.844321574,-197.012318163)) ;
#6827=CARTESIAN_POINT('Control Point',(1278.51805852,249.844484246,-199.063430669)) ;
#6828=CARTESIAN_POINT('Control Point',(1273.63157294,249.844650974,-201.732918032)) ;
#6829=CARTESIAN_POINT('Vertex',(1273.63157294,249.844650974,-201.732918032)) ;
#6833=CARTESIAN_POINT('Control Point',(1273.63157294,249.844650974,-201.732918032)) ;
#6834=CARTESIAN_POINT('Control Point',(1271.06371827,249.844738589,-203.135737192)) ;
#6835=CARTESIAN_POINT('Control Point',(1268.58915246,249.844827325,-204.709321587)) ;
#6836=CARTESIAN_POINT('Control Point',(1266.21547745,249.844913666,-206.449644976)) ;
#6837=CARTESIAN_POINT('Control Point',(1261.70043529,249.845088047,-210.251009988)) ;
#6838=CARTESIAN_POINT('Control Point',(1257.71244036,249.845261985,-214.644950649)) ;
#6839=CARTESIAN_POINT('Control Point',(1255.86588666,249.845348353,-216.978087326)) ;
#6840=CARTESIAN_POINT('Control Point',(1251.62730363,249.845555364,-223.150538575)) ;
#6841=CARTESIAN_POINT('Control Point',(1248.48781087,249.84571915,-229.951290224)) ;
#6842=CARTESIAN_POINT('Control Point',(1247.03294729,249.845789551,-234.211243831)) ;
#6843=CARTESIAN_POINT('Control Point',(1245.69834966,249.84586298,-239.93967019)) ;
#6844=CARTESIAN_POINT('Control Point',(1245.13569959,249.845894373,-245.767693136)) ;
#6845=CARTESIAN_POINT('Control Point',(1245.04514986,249.84589944,-247.177171151)) ;
#6846=CARTESIAN_POINT('Control Point',(1244.99987502,249.845901972,-248.588585576)) ;
#6847=CARTESIAN_POINT('Control Point',(1244.99987502,249.845901972,-250.)) ;
#6857=CARTESIAN_POINT('Axis2P3D Location',(1150.,1250.,-250.)) ;
#6862=CARTESIAN_POINT('Axis2P3D Location',(1150.,1250.,-250.)) ;
#6866=CARTESIAN_POINT('Vertex',(1354.99993983,1250.15706036,-250.)) ;
#6869=CARTESIAN_POINT('Axis2P3D Location',(1150.,1250.,-250.)) ;
#6873=CARTESIAN_POINT('Vertex',(1244.99987502,1250.15409803,-250.)) ;
#6877=CARTESIAN_POINT('Control Point',(1273.63157294,1250.15534903,-201.732918032)) ;
#6878=CARTESIAN_POINT('Control Point',(1271.06372164,1250.15526141,-203.135735351)) ;
#6879=CARTESIAN_POINT('Control Point',(1268.58915896,1250.15517267,-204.709317457)) ;
#6880=CARTESIAN_POINT('Control Point',(1266.21548521,1250.15508633,-206.449639017)) ;
#6881=CARTESIAN_POINT('Control Point',(1261.70044224,1250.15491196,-210.251002989)) ;
#6882=CARTESIAN_POINT('Control Point',(1257.7124423,1250.15473803,-214.644947846)) ;
#6883=CARTESIAN_POINT('Control Point',(1255.86588567,1250.15465167,-216.978087978)) ;
#6884=CARTESIAN_POINT('Control Point',(1251.62729764,1250.15444466,-223.150547864)) ;
#6885=CARTESIAN_POINT('Control Point',(1248.48780444,1250.15428087,-229.951305952)) ;
#6886=CARTESIAN_POINT('Control Point',(1247.03294379,1250.15421046,-234.211258866)) ;
#6887=CARTESIAN_POINT('Control Point',(1245.69834892,1250.15413702,-239.939677838)) ;
#6888=CARTESIAN_POINT('Control Point',(1245.13569959,1250.15410563,-245.767693136)) ;
#6889=CARTESIAN_POINT('Control Point',(1245.04514986,1250.15410056,-247.177171151)) ;
#6890=CARTESIAN_POINT('Control Point',(1244.99987502,1250.15409803,-248.588585576)) ;
#6891=CARTESIAN_POINT('Control Point',(1244.99987502,1250.15409803,-250.)) ;
#6892=CARTESIAN_POINT('Vertex',(1273.63157294,1250.15534903,-201.732918032)) ;
#6896=CARTESIAN_POINT('Control Point',(1354.99993983,1250.15706036,-250.)) ;
#6897=CARTESIAN_POINT('Control Point',(1354.99993983,1250.15706036,-244.431885453)) ;
#6898=CARTESIAN_POINT('Control Point',(1354.29530555,1250.15705122,-238.863770907)) ;
#6899=CARTESIAN_POINT('Control Point',(1352.88526744,1250.15703417,-233.373588485)) ;
#6900=CARTESIAN_POINT('Control Point',(1348.64139959,1250.15697927,-222.781865129)) ;
#6901=CARTESIAN_POINT('Control Point',(1341.73264919,1250.15688178,-213.480063052)) ;
#6902=CARTESIAN_POINT('Control Point',(1337.65538188,1250.15682187,-209.278892276)) ;
#6903=CARTESIAN_POINT('Control Point',(1328.45085573,1250.156678,-202.03762617)) ;
#6904=CARTESIAN_POINT('Control Point',(1317.68316691,1250.15648298,-197.431526931)) ;
#6905=CARTESIAN_POINT('Control Point',(1312.04154737,1250.15637186,-195.867528378)) ;
#6906=CARTESIAN_POINT('Control Point',(1300.56621452,1250.15612378,-194.264033373)) ;
#6907=CARTESIAN_POINT('Control Point',(1289.23647466,1250.15583236,-195.617613988)) ;
#6908=CARTESIAN_POINT('Control Point',(1283.7423714,1250.15567843,-197.012314314)) ;
#6909=CARTESIAN_POINT('Control Point',(1278.5180631,1250.15551575,-199.063428165)) ;
#6910=CARTESIAN_POINT('Control Point',(1273.63157294,1250.15534903,-201.732918032)) ;
#6921=CARTESIAN_POINT('Control Point',(1326.36838864,249.843368775,-298.267011641)) ;
#6922=CARTESIAN_POINT('Control Point',(1320.30291792,249.843473866,-301.580600882)) ;
#6923=CARTESIAN_POINT('Control Point',(1313.71694448,249.843596672,-303.94141968)) ;
#6924=CARTESIAN_POINT('Control Point',(1306.80991098,249.843744375,-305.239998458)) ;
#6925=CARTESIAN_POINT('Control Point',(1292.82255007,249.844060726,-305.62453247)) ;
#6926=CARTESIAN_POINT('Control Point',(1279.39092839,249.844442222,-301.702063892)) ;
#6927=CARTESIAN_POINT('Control Point',(1273.0397494,249.844656242,-298.692746744)) ;
#6928=CARTESIAN_POINT('Control Point',(1259.79101896,249.845148961,-289.612464287)) ;
#6929=CARTESIAN_POINT('Control Point',(1250.47036627,249.84559505,-276.371473613)) ;
#6930=CARTESIAN_POINT('Control Point',(1246.82268204,249.845800008,-267.911271368)) ;
#6931=CARTESIAN_POINT('Control Point',(1244.99987502,249.845901972,-258.955635684)) ;
#6932=CARTESIAN_POINT('Control Point',(1244.99987502,249.845901972,-250.)) ;
#6933=CARTESIAN_POINT('Vertex',(1326.36838864,249.843368775,-298.267011641)) ;
#6937=CARTESIAN_POINT('Control Point',(1354.99993983,249.842939638,-250.)) ;
#6938=CARTESIAN_POINT('Control Point',(1354.99993983,249.842939638,-261.778747242)) ;
#6939=CARTESIAN_POINT('Control Point',(1351.84908345,249.842984614,-273.558664983)) ;
#6940=CARTESIAN_POINT('Control Point',(1345.53245285,249.843067125,-284.207228686)) ;
#6941=CARTESIAN_POINT('Control Point',(1336.70520967,249.843189677,-292.619967818)) ;
#6942=CARTESIAN_POINT('Control Point',(1326.36838864,249.843368775,-298.267011641)) ;
#6953=CARTESIAN_POINT('Control Point',(1354.99993983,1250.15706036,-250.)) ;
#6954=CARTESIAN_POINT('Control Point',(1354.99993983,1250.15706036,-261.778747243)) ;
#6955=CARTESIAN_POINT('Control Point',(1351.84908345,1250.15701536,-273.558664983)) ;
#6956=CARTESIAN_POINT('Control Point',(1345.53245285,1250.15693288,-284.207228686)) ;
#6957=CARTESIAN_POINT('Control Point',(1336.70520967,1250.15681032,-292.619967818)) ;
#6958=CARTESIAN_POINT('Control Point',(1326.36838864,1250.15663123,-298.267011641)) ;
#6959=CARTESIAN_POINT('Vertex',(1326.36838864,1250.15663123,-298.267011641)) ;
#6963=CARTESIAN_POINT('Control Point',(1326.36838864,1250.15663123,-298.267011641)) ;
#6964=CARTESIAN_POINT('Control Point',(1320.30291792,1250.15652613,-301.580600882)) ;
#6965=CARTESIAN_POINT('Control Point',(1313.71694448,1250.15640333,-303.94141968)) ;
#6966=CARTESIAN_POINT('Control Point',(1306.80991098,1250.15625563,-305.239998458)) ;
#6967=CARTESIAN_POINT('Control Point',(1292.82255007,1250.15593927,-305.62453247)) ;
#6968=CARTESIAN_POINT('Control Point',(1279.39092839,1250.15555777,-301.702063892)) ;
#6969=CARTESIAN_POINT('Control Point',(1273.0397494,1250.15534375,-298.692746744)) ;
#6970=CARTESIAN_POINT('Control Point',(1259.79101896,1250.15485105,-289.612464288)) ;
#6971=CARTESIAN_POINT('Control Point',(1250.47036627,1250.15440494,-276.371473613)) ;
#6972=CARTESIAN_POINT('Control Point',(1246.82268204,1250.15420002,-267.911271368)) ;
#6973=CARTESIAN_POINT('Control Point',(1244.99987502,1250.15409803,-258.955635684)) ;
#6974=CARTESIAN_POINT('Control Point',(1244.99987502,1250.15409803,-250.)) ;
#6984=CARTESIAN_POINT('Axis2P3D Location',(880.,250.,-250.)) ;
#6989=CARTESIAN_POINT('Axis2P3D Location',(880.,250.,-250.)) ;
#6993=CARTESIAN_POINT('Vertex',(880.,50.,-250.)) ;
#6997=CARTESIAN_POINT('Control Point',(880.,150.,-250.)) ;
#6998=CARTESIAN_POINT('Control Point',(880.,150.,-258.318096206)) ;
#6999=CARTESIAN_POINT('Control Point',(880.,148.270231888,-266.636192412)) ;
#7000=CARTESIAN_POINT('Control Point',(880.,144.808447664,-274.474092473)) ;
#7001=CARTESIAN_POINT('Control Point',(880.,134.841795655,-288.236372419)) ;
#7002=CARTESIAN_POINT('Control Point',(880.,120.214848747,-296.884331257)) ;
#7003=CARTESIAN_POINT('Control Point',(880.,112.089684767,-299.604638387)) ;
#7004=CARTESIAN_POINT('Control Point',(880.,95.2042201728,-301.5070227)) ;
#7005=CARTESIAN_POINT('Control Point',(880.,78.960224948,-296.519979504)) ;
#7006=CARTESIAN_POINT('Control Point',(880.,71.476947182,-292.346382198)) ;
#7007=CARTESIAN_POINT('Control Point',(880.,60.1242845833,-282.396702429)) ;
#7008=CARTESIAN_POINT('Control Point',(880.,53.1316476282,-269.15905048)) ;
#7009=CARTESIAN_POINT('Control Point',(880.,51.0437057929,-262.922574312)) ;
#7010=CARTESIAN_POINT('Control Point',(880.,50.,-256.461287156)) ;
#7011=CARTESIAN_POINT('Control Point',(880.,50.,-250.)) ;
#7012=CARTESIAN_POINT('Vertex',(880.,150.,-250.)) ;
#7015=CARTESIAN_POINT('Axis2P3D Location',(880.,250.,-250.)) ;
#7027=CARTESIAN_POINT('Axis2P3D Location',(880.,1250.,-250.)) ;
#7033=CARTESIAN_POINT('Control Point',(880.,1450.,-250.)) ;
#7034=CARTESIAN_POINT('Control Point',(880.,1450.,-258.318096205)) ;
#7035=CARTESIAN_POINT('Control Point',(880.,1448.27023189,-266.636192409)) ;
#7036=CARTESIAN_POINT('Control Point',(880.,1444.80844766,-274.474092473)) ;
#7037=CARTESIAN_POINT('Control Point',(880.,1434.84179566,-288.236372418)) ;
#7038=CARTESIAN_POINT('Control Point',(880.,1420.21484875,-296.884331256)) ;
#7039=CARTESIAN_POINT('Control Point',(880.,1412.08968477,-299.604638387)) ;
#7040=CARTESIAN_POINT('Control Point',(880.,1395.20422017,-301.5070227)) ;
#7041=CARTESIAN_POINT('Control Point',(880.,1378.96022495,-296.519979505)) ;
#7042=CARTESIAN_POINT('Control Point',(880.,1371.47694718,-292.346382199)) ;
#7043=CARTESIAN_POINT('Control Point',(880.,1360.12428463,-282.396702472)) ;
#7044=CARTESIAN_POINT('Control Point',(880.,1353.13164769,-269.159050593)) ;
#7045=CARTESIAN_POINT('Control Point',(880.,1351.04370577,-262.922574189)) ;
#7046=CARTESIAN_POINT('Control Point',(880.,1350.,-256.461287094)) ;
#7047=CARTESIAN_POINT('Control Point',(880.,1350.,-250.)) ;
#7048=CARTESIAN_POINT('Vertex',(880.,1450.,-250.)) ;
#7050=CARTESIAN_POINT('Vertex',(880.,1350.,-250.)) ;
#7053=CARTESIAN_POINT('Axis2P3D Location',(880.,1250.,-250.)) ;
#7058=CARTESIAN_POINT('Axis2P3D Location',(880.,1250.,-250.)) ;
#7071=CARTESIAN_POINT('Control Point',(880.,50.,-250.)) ;
#7072=CARTESIAN_POINT('Control Point',(880.,50.,-241.681903794)) ;
#7073=CARTESIAN_POINT('Control Point',(880.,51.7297681123,-233.363807588)) ;
#7074=CARTESIAN_POINT('Control Point',(880.,55.1915523354,-225.525907528)) ;
#7075=CARTESIAN_POINT('Control Point',(880.,65.158204344,-211.763627581)) ;
#7076=CARTESIAN_POINT('Control Point',(880.,79.785151253,-203.115668743)) ;
#7077=CARTESIAN_POINT('Control Point',(880.,87.9103152313,-200.395361613)) ;
#7078=CARTESIAN_POINT('Control Point',(880.,104.795779827,-198.4929773)) ;
#7079=CARTESIAN_POINT('Control Point',(880.,121.039775051,-203.480020495)) ;
#7080=CARTESIAN_POINT('Control Point',(880.,128.523052817,-207.653617802)) ;
#7081=CARTESIAN_POINT('Control Point',(880.,139.875715369,-217.603297529)) ;
#7082=CARTESIAN_POINT('Control Point',(880.,146.868352313,-230.840949408)) ;
#7083=CARTESIAN_POINT('Control Point',(880.,148.956294227,-237.077425811)) ;
#7084=CARTESIAN_POINT('Control Point',(880.,150.,-243.538712906)) ;
#7085=CARTESIAN_POINT('Control Point',(880.,150.,-250.)) ;
#7095=CARTESIAN_POINT('Control Point',(880.,1350.,-250.)) ;
#7096=CARTESIAN_POINT('Control Point',(880.,1350.,-241.681903795)) ;
#7097=CARTESIAN_POINT('Control Point',(880.,1351.72976811,-233.363807589)) ;
#7098=CARTESIAN_POINT('Control Point',(880.,1355.19155234,-225.525907525)) ;
#7099=CARTESIAN_POINT('Control Point',(880.,1365.15820435,-211.76362758)) ;
#7100=CARTESIAN_POINT('Control Point',(880.,1379.78515125,-203.115668743)) ;
#7101=CARTESIAN_POINT('Control Point',(880.,1387.91031523,-200.395361612)) ;
#7102=CARTESIAN_POINT('Control Point',(880.,1404.79577983,-198.4929773)) ;
#7103=CARTESIAN_POINT('Control Point',(880.,1421.03977505,-203.480020496)) ;
#7104=CARTESIAN_POINT('Control Point',(880.,1428.52305282,-207.653617803)) ;
#7105=CARTESIAN_POINT('Control Point',(880.,1439.87571542,-217.603297572)) ;
#7106=CARTESIAN_POINT('Control Point',(880.,1446.86835237,-230.84094952)) ;
#7107=CARTESIAN_POINT('Control Point',(880.,1448.95629421,-237.077425688)) ;
#7108=CARTESIAN_POINT('Control Point',(880.,1450.,-243.538712844)) ;
#7109=CARTESIAN_POINT('Control Point',(880.,1450.,-250.)) ;
#7118=CARTESIAN_POINT('Axis2P3D Location',(1300.,249.688108468,-250.)) ;
#7123=CARTESIAN_POINT('Line Origine',(1332.35655564,449.688108519,-309.228277809)) ;
#7127=CARTESIAN_POINT('Vertex',(1338.34937487,649.68810851,-320.198059832)) ;
#7131=CARTESIAN_POINT('Control Point',(1261.65062513,649.688108569,-179.801940165)) ;
#7132=CARTESIAN_POINT('Control Point',(1264.46940867,649.688108569,-178.262031697)) ;
#7133=CARTESIAN_POINT('Control Point',(1267.36548546,649.688108569,-176.863607565)) ;
#7134=CARTESIAN_POINT('Control Point',(1270.66024032,649.688108588,-175.431779623)) ;
#7135=CARTESIAN_POINT('Control Point',(1278.31683633,649.688108659,-172.677944217)) ;
#7136=CARTESIAN_POINT('Control Point',(1287.93386301,649.688108763,-170.685599594)) ;
#7137=CARTESIAN_POINT('Control Point',(1293.19438458,649.688108814,-170.018016283)) ;
#7138=CARTESIAN_POINT('Control Point',(1304.15493669,649.688108884,-169.650636538)) ;
#7139=CARTESIAN_POINT('Control Point',(1315.01913408,649.688108855,-171.146593395)) ;
#7140=CARTESIAN_POINT('Control Point',(1320.18273879,649.688108806,-172.353217514)) ;
#7141=CARTESIAN_POINT('Control Point',(1329.54296836,649.688108636,-175.326892925)) ;
#7142=CARTESIAN_POINT('Control Point',(1336.87467907,649.688108396,-178.855787086)) ;
#7143=CARTESIAN_POINT('Control Point',(1340.00417331,649.688108276,-180.619818725)) ;
#7144=CARTESIAN_POINT('Control Point',(1350.25932441,649.688107972,-186.952240861)) ;
#7145=CARTESIAN_POINT('Control Point',(1359.2296948,649.688109233,-195.149267785)) ;
#7146=CARTESIAN_POINT('Control Point',(1364.93133605,649.688108186,-202.034583858)) ;
#7147=CARTESIAN_POINT('Control Point',(1374.28799036,649.688108918,-217.198405078)) ;
#7148=CARTESIAN_POINT('Control Point',(1379.19074476,649.688108251,-234.328831537)) ;
#7149=CARTESIAN_POINT('Control Point',(1380.43793097,649.688109367,-243.180995717)) ;
#7150=CARTESIAN_POINT('Control Point',(1380.45749147,649.688107719,-259.6394309)) ;
#7151=CARTESIAN_POINT('Control Point',(1376.36132173,649.688108375,-275.535225791)) ;
#7152=CARTESIAN_POINT('Control Point',(1373.63484278,649.688108266,-282.573135262)) ;
#7153=CARTESIAN_POINT('Control Point',(1366.58774673,649.688107853,-295.881368392)) ;
#7154=CARTESIAN_POINT('Control Point',(1356.66188829,649.688109128,-307.206027726)) ;
#7155=CARTESIAN_POINT('Control Point',(1351.05645853,649.68810767,-312.260237935)) ;
#7156=CARTESIAN_POINT('Control Point',(1344.91242415,649.688108301,-316.612649655)) ;
#7157=CARTESIAN_POINT('Control Point',(1338.34937487,649.68810851,-320.198059832)) ;
#7158=CARTESIAN_POINT('Vertex',(1261.65062513,649.688108569,-179.801940165)) ;
#7161=CARTESIAN_POINT('Line Origine',(1267.64344436,449.688108519,-190.771722191)) ;
#7175=CARTESIAN_POINT('Control Point',(1338.34937487,649.68810851,-320.198059832)) ;
#7176=CARTESIAN_POINT('Control Point',(1329.52793865,649.688108791,-325.017232424)) ;
#7177=CARTESIAN_POINT('Control Point',(1319.94950094,649.688108309,-328.450723242)) ;
#7178=CARTESIAN_POINT('Control Point',(1309.90412575,649.6881095,-330.339323314)) ;
#7179=CARTESIAN_POINT('Control Point',(1292.1041956,649.688107427,-330.828646113)) ;
#7180=CARTESIAN_POINT('Control Point',(1274.92309211,649.688108703,-326.52211471)) ;
#7181=CARTESIAN_POINT('Control Point',(1267.81183189,649.68810876,-323.813326573)) ;
#7182=CARTESIAN_POINT('Control Point',(1254.36141243,649.688108348,-316.771557406)) ;
#7183=CARTESIAN_POINT('Control Point',(1242.91573105,649.688107903,-306.796756626)) ;
#7184=CARTESIAN_POINT('Control Point',(1237.809343,649.688107928,-301.154740735)) ;
#7185=CARTESIAN_POINT('Control Point',(1230.91018758,649.688108795,-291.434507014)) ;
#7186=CARTESIAN_POINT('Control Point',(1225.93286289,649.688108496,-280.664410389)) ;
#7187=CARTESIAN_POINT('Control Point',(1224.09172607,649.688108341,-276.090390567)) ;
#7188=CARTESIAN_POINT('Control Point',(1221.62141323,649.68810812,-267.859306318)) ;
#7189=CARTESIAN_POINT('Control Point',(1220.28318692,649.688107972,-257.827634337)) ;
#7190=CARTESIAN_POINT('Control Point',(1220.00084768,649.688107933,-254.29719981)) ;
#7191=CARTESIAN_POINT('Control Point',(1219.8444897,649.688107881,-246.935643582)) ;
#7192=CARTESIAN_POINT('Control Point',(1220.59958144,649.688107877,-239.174020652)) ;
#7193=CARTESIAN_POINT('Control Point',(1221.22913528,649.688107887,-235.243194192)) ;
#7194=CARTESIAN_POINT('Control Point',(1223.00456165,649.688107928,-227.408266962)) ;
#7195=CARTESIAN_POINT('Control Point',(1225.74393959,649.688108003,-219.856179067)) ;
#7196=CARTESIAN_POINT('Control Point',(1227.33808012,649.688108047,-216.208378301)) ;
#7197=CARTESIAN_POINT('Control Point',(1230.89642392,649.688108144,-209.269275895)) ;
#7198=CARTESIAN_POINT('Control Point',(1235.0055562,649.688108246,-203.15928506)) ;
#7199=CARTESIAN_POINT('Control Point',(1237.15068256,649.688108297,-200.34110909)) ;
#7200=CARTESIAN_POINT('Control Point',(1243.69701758,649.688108438,-192.6228978)) ;
#7201=CARTESIAN_POINT('Control Point',(1250.22307545,649.688108536,-187.031497461)) ;
#7202=CARTESIAN_POINT('Control Point',(1254.24373675,649.688108569,-184.177426093)) ;
#7203=CARTESIAN_POINT('Control Point',(1257.8779522,649.688108569,-181.862960778)) ;
#7204=CARTESIAN_POINT('Control Point',(1261.65062513,649.688108569,-179.801940165)) ;
#7214=CARTESIAN_POINT('Axis2P3D Location',(1015.,100.,-250.)) ;
#7219=CARTESIAN_POINT('Line Origine',(1015.,50.,-250.)) ;
#7223=CARTESIAN_POINT('Vertex',(1150.,50.,-250.)) ;
#7226=CARTESIAN_POINT('Axis2P3D Location',(1150.,100.,-250.)) ;
#7230=CARTESIAN_POINT('Vertex',(1150.,150.,-250.)) ;
#7233=CARTESIAN_POINT('Line Origine',(1015.,150.,-250.)) ;
#7245=CARTESIAN_POINT('Axis2P3D Location',(1015.,1400.,-250.)) ;
#7250=CARTESIAN_POINT('Axis2P3D Location',(1150.,1400.,-250.)) ;
#7254=CARTESIAN_POINT('Vertex',(1150.,1450.,-250.)) ;
#7256=CARTESIAN_POINT('Vertex',(1150.,1350.,-250.)) ;
#7259=CARTESIAN_POINT('Line Origine',(1015.,1450.,-250.)) ;
#7264=CARTESIAN_POINT('Line Origine',(1015.,1350.,-250.)) ;
#7276=CARTESIAN_POINT('Axis2P3D Location',(1150.,100.,-250.)) ;
#7288=CARTESIAN_POINT('Axis2P3D Location',(1150.,1400.,-250.)) ;
#7301=CARTESIAN_POINT('Control Point',(1335.95691128,650.00000048,-315.818684612)) ;
#7302=CARTESIAN_POINT('Control Point',(1338.3493785,649.688108036,-320.198066487)) ;
#7303=CARTESIAN_POINT('Control Point',(1340.17681815,650.00000048,-313.513336526)) ;
#7304=CARTESIAN_POINT('Control Point',(1342.85006557,649.688108036,-317.739327312)) ;
#7305=CARTESIAN_POINT('Control Point',(1344.21196666,650.00000048,-310.869791325)) ;
#7306=CARTESIAN_POINT('Control Point',(1347.15370101,649.688108036,-314.919888381)) ;
#7307=CARTESIAN_POINT('Control Point',(1348.02622116,650.00000048,-307.907795747)) ;
#7308=CARTESIAN_POINT('Control Point',(1351.2217448,649.688108036,-311.760810322)) ;
#7309=CARTESIAN_POINT('Control Point',(1355.85911599,650.00000048,-300.747054029)) ;
#7310=CARTESIAN_POINT('Control Point',(1359.57581743,649.688108036,-304.12361389)) ;
#7311=CARTESIAN_POINT('Control Point',(1362.32755552,650.00000048,-292.314615376)) ;
#7312=CARTESIAN_POINT('Control Point',(1366.47464792,649.688108036,-295.130105547)) ;
#7313=CARTESIAN_POINT('Control Point',(1365.4012976,650.00000048,-287.388783386)) ;
#7314=CARTESIAN_POINT('Control Point',(1369.75290777,649.688108036,-289.87652317)) ;
#7315=CARTESIAN_POINT('Control Point',(1370.56305572,650.00000048,-277.007444418)) ;
#7316=CARTESIAN_POINT('Control Point',(1375.2581141,649.688108036,-278.804440412)) ;
#7317=CARTESIAN_POINT('Control Point',(1373.65173463,650.00000048,-265.832650991)) ;
#7318=CARTESIAN_POINT('Control Point',(1378.55230464,649.688108036,-266.886109066)) ;
#7319=CARTESIAN_POINT('Control Point',(1374.65233546,650.00000048,-260.11334079)) ;
#7320=CARTESIAN_POINT('Control Point',(1379.6194825,649.688108036,-260.786252769)) ;
#7321=CARTESIAN_POINT('Control Point',(1375.54108157,650.00000048,-248.553666231)) ;
#7322=CARTESIAN_POINT('Control Point',(1380.56736317,649.688108036,-248.457431432)) ;
#7323=CARTESIAN_POINT('Control Point',(1374.21049855,650.00000048,-237.036483659)) ;
#7324=CARTESIAN_POINT('Control Point',(1379.14824707,649.688108036,-236.173929373)) ;
#7325=CARTESIAN_POINT('Control Point',(1372.99170382,650.00000048,-231.359666716)) ;
#7326=CARTESIAN_POINT('Control Point',(1377.84835731,649.688108036,-230.119393712)) ;
#7327=CARTESIAN_POINT('Control Point',(1369.47753303,650.00000048,-220.311293567)) ;
#7328=CARTESIAN_POINT('Control Point',(1374.10036393,649.688108036,-218.335894277)) ;
#7329=CARTESIAN_POINT('Control Point',(1363.92217473,650.00000048,-210.135147947)) ;
#7330=CARTESIAN_POINT('Control Point',(1368.17536841,649.688108036,-207.482657829)) ;
#7331=CARTESIAN_POINT('Control Point',(1360.66213138,650.00000048,-205.330584643)) ;
#7332=CARTESIAN_POINT('Control Point',(1364.69841135,649.688108036,-202.358413001)) ;
#7333=CARTESIAN_POINT('Control Point',(1353.25869769,650.00000048,-196.408414775)) ;
#7334=CARTESIAN_POINT('Control Point',(1356.80237494,649.688108036,-192.842588167)) ;
#7335=CARTESIAN_POINT('Control Point',(1344.29057129,650.00000048,-189.060717547)) ;
#7336=CARTESIAN_POINT('Control Point',(1347.23753576,649.688108036,-185.005996755)) ;
#7337=CARTESIAN_POINT('Control Point',(1339.4657884,650.00000048,-185.830674014)) ;
#7338=CARTESIAN_POINT('Control Point',(1342.09172599,649.688108036,-181.561035617)) ;
#7339=CARTESIAN_POINT('Control Point',(1329.25522568,650.00000048,-180.338829638)) ;
#7340=CARTESIAN_POINT('Control Point',(1331.20178244,649.688108036,-175.703780053)) ;
#7341=CARTESIAN_POINT('Control Point',(1318.18517072,650.00000048,-176.89356788)) ;
#7342=CARTESIAN_POINT('Control Point',(1319.39515854,649.688108036,-172.029280701)) ;
#7343=CARTESIAN_POINT('Control Point',(1312.50086984,650.00000048,-175.710168229)) ;
#7344=CARTESIAN_POINT('Control Point',(1313.33264099,649.688108036,-170.767141114)) ;
#7345=CARTESIAN_POINT('Control Point',(1300.97562017,650.00000048,-174.451372936)) ;
#7346=CARTESIAN_POINT('Control Point',(1301.04053507,649.688108036,-169.424589281)) ;
#7347=CARTESIAN_POINT('Control Point',(1289.42170765,650.00000048,-175.41212845)) ;
#7348=CARTESIAN_POINT('Control Point',(1288.71785916,649.688108036,-170.449270644)) ;
#7349=CARTESIAN_POINT('Control Point',(1283.70874307,650.00000048,-176.448346048)) ;
#7350=CARTESIAN_POINT('Control Point',(1282.62477071,649.688108036,-171.554435116)) ;
#7351=CARTESIAN_POINT('Control Point',(1276.27185548,650.00000048,-178.553844363)) ;
#7352=CARTESIAN_POINT('Control Point',(1274.69305447,649.688108036,-173.800027103)) ;
#7353=CARTESIAN_POINT('Control Point',(1269.19334838,650.00000048,-181.578496037)) ;
#7354=CARTESIAN_POINT('Control Point',(1267.1435643,649.688108036,-177.025930211)) ;
#7355=CARTESIAN_POINT('Control Point',(1267.44857585,650.00000048,-182.391148697)) ;
#7356=CARTESIAN_POINT('Control Point',(1265.28269974,649.688108036,-177.892654392)) ;
#7357=CARTESIAN_POINT('Control Point',(1265.73105154,650.00000048,-183.259176072)) ;
#7358=CARTESIAN_POINT('Control Point',(1263.45089641,649.688108036,-178.818437758)) ;
#7359=CARTESIAN_POINT('Control Point',(1264.04308829,650.00000048,-184.1813146)) ;
#7360=CARTESIAN_POINT('Control Point',(1261.65062104,649.688108036,-179.801932674)) ;
#7362=CARTESIAN_POINT('Control Point',(1335.95691539,649.999999944,-315.818692139)) ;
#7363=CARTESIAN_POINT('Control Point',(1338.34937487,649.68810851,-320.198059832)) ;
#7364=CARTESIAN_POINT('Vertex',(1335.9569154,650.,-315.818692142)) ;
#7368=CARTESIAN_POINT('Control Point',(1374.99999895,650.000000063,-250.)) ;
#7369=CARTESIAN_POINT('Control Point',(1375.00000455,649.999999643,-266.061944773)) ;
#7370=CARTESIAN_POINT('Control Point',(1370.70337539,649.999998927,-282.125490362)) ;
#7371=CARTESIAN_POINT('Control Point',(1362.08976554,650.000000653,-296.646264033)) ;
#7372=CARTESIAN_POINT('Control Point',(1350.05259786,649.999999495,-308.11818568)) ;
#7373=CARTESIAN_POINT('Control Point',(1335.95691539,649.999999944,-315.818692139)) ;
#7374=CARTESIAN_POINT('Vertex',(1375.,650.,-250.)) ;
#7378=CARTESIAN_POINT('Control Point',(1264.0430846,650.,-184.181307858)) ;
#7379=CARTESIAN_POINT('Control Point',(1266.67501835,650.,-182.743475898)) ;
#7380=CARTESIAN_POINT('Control Point',(1269.37882148,650.,-181.43719994)) ;
#7381=CARTESIAN_POINT('Control Point',(1272.4593566,650.000000017,-180.096543218)) ;
#7382=CARTESIAN_POINT('Control Point',(1279.629801,650.000000083,-177.512789501)) ;
#7383=CARTESIAN_POINT('Control Point',(1288.65581449,650.000000179,-175.637815433)) ;
#7384=CARTESIAN_POINT('Control Point',(1293.59696166,650.000000227,-175.008507399)) ;
#7385=CARTESIAN_POINT('Control Point',(1303.89582543,650.000000291,-174.661431467)) ;
#7386=CARTESIAN_POINT('Control Point',(1314.1039553,650.000000263,-176.068947674)) ;
#7387=CARTESIAN_POINT('Control Point',(1318.95383971,650.000000218,-177.20454937)) ;
#7388=CARTESIAN_POINT('Control Point',(1327.73831416,650.00000006,-180.00051909)) ;
#7389=CARTESIAN_POINT('Control Point',(1334.60400811,649.999999836,-183.310099533)) ;
#7390=CARTESIAN_POINT('Control Point',(1337.52982837,649.999999724,-184.961349127)) ;
#7391=CARTESIAN_POINT('Control Point',(1347.13319079,649.999999441,-190.894064201)) ;
#7392=CARTESIAN_POINT('Control Point',(1355.5345982,650.000000622,-198.571178948)) ;
#7393=CARTESIAN_POINT('Control Point',(1360.88053755,649.999999641,-205.026948522)) ;
#7394=CARTESIAN_POINT('Control Point',(1368.57317685,650.000000243,-217.493991039)) ;
#7395=CARTESIAN_POINT('Control Point',(1373.05492278,649.999999836,-231.378793242)) ;
#7396=CARTESIAN_POINT('Control Point',(1374.35165197,650.000000197,-237.525948677)) ;
#7397=CARTESIAN_POINT('Control Point',(1374.99999678,650.000000226,-243.762974415)) ;
#7398=CARTESIAN_POINT('Control Point',(1374.99999895,650.000000063,-250.)) ;
#7399=CARTESIAN_POINT('Vertex',(1264.0430846,650.,-184.181307858)) ;
#7403=CARTESIAN_POINT('Control Point',(1264.0430846,650.,-184.181307858)) ;
#7404=CARTESIAN_POINT('Control Point',(1261.65062513,649.688108569,-179.801940165)) ;
#7415=CARTESIAN_POINT('Control Point',(1264.0430874,650.000000365,-184.181312982)) ;
#7416=CARTESIAN_POINT('Control Point',(1261.65061869,649.68810773,-179.801928376)) ;
#7417=CARTESIAN_POINT('Control Point',(1258.97919752,650.000000365,-186.947728634)) ;
#7418=CARTESIAN_POINT('Control Point',(1256.24979225,649.68810773,-182.752413305)) ;
#7419=CARTESIAN_POINT('Control Point',(1254.18135716,650.000000365,-190.201144672)) ;
#7420=CARTESIAN_POINT('Control Point',(1251.13271751,649.68810773,-186.222302213)) ;
#7421=CARTESIAN_POINT('Control Point',(1249.71203432,650.000000365,-193.907472531)) ;
#7422=CARTESIAN_POINT('Control Point',(1246.36601888,649.68810773,-190.175238382)) ;
#7423=CARTESIAN_POINT('Control Point',(1241.54199269,650.000000365,-202.133429741)) ;
#7424=CARTESIAN_POINT('Control Point',(1237.65236637,649.68810773,-198.948526935)) ;
#7425=CARTESIAN_POINT('Control Point',(1235.08939482,650.000000365,-211.765663793)) ;
#7426=CARTESIAN_POINT('Control Point',(1230.77043134,649.68810773,-209.221661914)) ;
#7427=CARTESIAN_POINT('Control Point',(1232.33756714,650.000000365,-216.87831059)) ;
#7428=CARTESIAN_POINT('Control Point',(1227.83550503,649.68810773,-214.674489406)) ;
#7429=CARTESIAN_POINT('Control Point',(1227.85154897,650.000000365,-227.569035224)) ;
#7430=CARTESIAN_POINT('Control Point',(1223.05100022,649.68810773,-226.076543861)) ;
#7431=CARTESIAN_POINT('Control Point',(1225.48518749,650.000000365,-238.918761455)) ;
#7432=CARTESIAN_POINT('Control Point',(1220.52718791,649.68810773,-238.18144797)) ;
#7433=CARTESIAN_POINT('Control Point',(1224.85307995,650.000000365,-244.690429578)) ;
#7434=CARTESIAN_POINT('Control Point',(1219.85302177,649.68810773,-244.337146156)) ;
#7435=CARTESIAN_POINT('Control Point',(1224.70679076,650.000000365,-256.28329599)) ;
#7436=CARTESIAN_POINT('Control Point',(1219.69699891,649.68810773,-256.701368288)) ;
#7437=CARTESIAN_POINT('Control Point',(1226.77254842,650.000000365,-267.691564809)) ;
#7438=CARTESIAN_POINT('Control Point',(1221.9002061,649.68810773,-268.868710238)) ;
#7439=CARTESIAN_POINT('Control Point',(1228.35255396,650.000000365,-273.278629813)) ;
#7440=CARTESIAN_POINT('Control Point',(1223.58534062,649.68810773,-274.827522349)) ;
#7441=CARTESIAN_POINT('Control Point',(1232.5673763,650.000000365,-284.079149465)) ;
#7442=CARTESIAN_POINT('Control Point',(1228.08060503,649.68810773,-286.346677265)) ;
#7443=CARTESIAN_POINT('Control Point',(1238.76330857,650.000000365,-293.878454315)) ;
#7444=CARTESIAN_POINT('Control Point',(1234.68879667,649.68810773,-296.797999448)) ;
#7445=CARTESIAN_POINT('Control Point',(1242.32448333,650.000000365,-298.464274545)) ;
#7446=CARTESIAN_POINT('Control Point',(1238.48692167,649.68810773,-301.688946861)) ;
#7447=CARTESIAN_POINT('Control Point',(1250.28435145,650.000000365,-306.893773441)) ;
#7448=CARTESIAN_POINT('Control Point',(1246.97641634,649.68810773,-310.679320173)) ;
#7449=CARTESIAN_POINT('Control Point',(1259.70482068,650.000000365,-313.651784373)) ;
#7450=CARTESIAN_POINT('Control Point',(1257.02369627,649.68810773,-317.886989559)) ;
#7451=CARTESIAN_POINT('Control Point',(1264.72664026,650.000000365,-316.566066605)) ;
#7452=CARTESIAN_POINT('Control Point',(1262.37965317,649.68810773,-320.995179681)) ;
#7453=CARTESIAN_POINT('Control Point',(1275.26808821,650.000000365,-321.392434517)) ;
#7454=CARTESIAN_POINT('Control Point',(1273.62249851,649.68810773,-326.142680121)) ;
#7455=CARTESIAN_POINT('Control Point',(1286.53613752,650.000000365,-324.121356825)) ;
#7456=CARTESIAN_POINT('Control Point',(1285.64029115,649.68810773,-329.053177008)) ;
#7457=CARTESIAN_POINT('Control Point',(1292.28458021,650.000000365,-324.938130667)) ;
#7458=CARTESIAN_POINT('Control Point',(1291.77121855,649.68810773,-329.924296614)) ;
#7459=CARTESIAN_POINT('Control Point',(1303.8668016,650.000000365,-325.455914362)) ;
#7460=CARTESIAN_POINT('Control Point',(1304.12408736,649.68810773,-330.476532134)) ;
#7461=CARTESIAN_POINT('Control Point',(1315.33541982,650.000000365,-323.756871064)) ;
#7462=CARTESIAN_POINT('Control Point',(1316.3557942,649.68810773,-328.664439422)) ;
#7463=CARTESIAN_POINT('Control Point',(1320.97025596,650.000000365,-322.356751555)) ;
#7464=CARTESIAN_POINT('Control Point',(1322.36555599,649.68810773,-327.171160019)) ;
#7465=CARTESIAN_POINT('Control Point',(1327.34612561,650.000000365,-320.101303046)) ;
#7466=CARTESIAN_POINT('Control Point',(1329.16565752,649.68810773,-324.765640506)) ;
#7467=CARTESIAN_POINT('Control Point',(1333.403086,650.000000365,-317.16115352)) ;
#7468=CARTESIAN_POINT('Control Point',(1335.6256305,649.68810773,-321.629861955)) ;
#7469=CARTESIAN_POINT('Control Point',(1334.261559,650.000000365,-316.727297625)) ;
#7470=CARTESIAN_POINT('Control Point',(1336.5412238,649.68810773,-321.167138547)) ;
#7471=CARTESIAN_POINT('Control Point',(1335.11293075,650.000000365,-316.279755871)) ;
#7472=CARTESIAN_POINT('Control Point',(1337.44924336,649.68810773,-320.689818661)) ;
#7473=CARTESIAN_POINT('Control Point',(1335.95691217,650.000000365,-315.818686231)) ;
#7474=CARTESIAN_POINT('Control Point',(1338.34938085,649.68810773,-320.198070784)) ;
#7476=CARTESIAN_POINT('Control Point',(1224.99999117,649.999999346,-250.)) ;
#7477=CARTESIAN_POINT('Control Point',(1224.99999325,649.999999317,-245.544694454)) ;
#7478=CARTESIAN_POINT('Control Point',(1225.33082641,649.999999308,-240.902847957)) ;
#7479=CARTESIAN_POINT('Control Point',(1226.04922055,649.999999319,-236.161878124)) ;
#7480=CARTESIAN_POINT('Control Point',(1228.29331295,649.999999378,-226.738230063)) ;
#7481=CARTESIAN_POINT('Control Point',(1231.97974579,649.999999488,-217.864293239)) ;
#7482=CARTESIAN_POINT('Control Point',(1234.14277034,649.999999552,-213.673947521)) ;
#7483=CARTESIAN_POINT('Control Point',(1238.91499845,649.999999684,-205.950939021)) ;
#7484=CARTESIAN_POINT('Control Point',(1244.19908896,649.999999808,-199.644752466)) ;
#7485=CARTESIAN_POINT('Control Point',(1246.87403171,649.999999862,-196.87294168)) ;
#7486=CARTESIAN_POINT('Control Point',(1252.11503942,649.99999995,-192.039167213)) ;
#7487=CARTESIAN_POINT('Control Point',(1257.04164714,649.999999991,-188.414946125)) ;
#7488=CARTESIAN_POINT('Control Point',(1259.40141288,650.,-186.853185666)) ;
#7489=CARTESIAN_POINT('Control Point',(1261.69361328,650.,-185.464829894)) ;
#7490=CARTESIAN_POINT('Control Point',(1264.0430846,650.,-184.181307858)) ;
#7491=CARTESIAN_POINT('Vertex',(1225.,650.,-250.)) ;
#7495=CARTESIAN_POINT('Control Point',(1335.95691539,649.999999944,-315.818692139)) ;
#7496=CARTESIAN_POINT('Control Point',(1327.68581223,650.000000208,-320.337216411)) ;
#7497=CARTESIAN_POINT('Control Point',(1318.70493378,649.999999756,-323.556505884)) ;
#7498=CARTESIAN_POINT('Control Point',(1309.28624816,650.000000873,-325.327283979)) ;
#7499=CARTESIAN_POINT('Control Point',(1292.5967823,649.999998929,-325.786079946)) ;
#7500=CARTESIAN_POINT('Control Point',(1276.48753706,650.000000126,-321.748215291)) ;
#7501=CARTESIAN_POINT('Control Point',(1269.81992709,650.000000179,-319.208406969)) ;
#7502=CARTESIAN_POINT('Control Point',(1257.20861958,649.999999792,-312.605955161)) ;
#7503=CARTESIAN_POINT('Control Point',(1246.47697393,649.999999376,-303.25345625)) ;
#7504=CARTESIAN_POINT('Control Point',(1241.68916183,649.999999399,-297.96340725)) ;
#7505=CARTESIAN_POINT('Control Point',(1235.87292264,650.00000013,-289.768896342)) ;
#7506=CARTESIAN_POINT('Control Point',(1231.51342884,649.999999977,-280.778590608)) ;
#7507=CARTESIAN_POINT('Control Point',(1230.2782384,649.999999894,-277.927389768)) ;
#7508=CARTESIAN_POINT('Control Point',(1227.9279962,649.9999997,-271.560801605)) ;
#7509=CARTESIAN_POINT('Control Point',(1226.10231331,649.999999511,-263.757801628)) ;
#7510=CARTESIAN_POINT('Control Point',(1225.39115961,649.999999433,-259.468652719)) ;
#7511=CARTESIAN_POINT('Control Point',(1224.99998899,649.999999378,-254.844609443)) ;
#7512=CARTESIAN_POINT('Control Point',(1224.99999117,649.999999346,-250.000001182)) ;
#7522=CARTESIAN_POINT('Axis2P3D Location',(1150.,250.,-250.)) ;
#7528=CARTESIAN_POINT('Control Point',(1323.97127693,250.,-293.879128095)) ;
#7529=CARTESIAN_POINT('Control Point',(1333.36835711,250.,-288.745479797)) ;
#7530=CARTESIAN_POINT('Control Point',(1341.39326179,250.,-281.097488652)) ;
#7531=CARTESIAN_POINT('Control Point',(1347.1355791,250.,-271.41692736)) ;
#7532=CARTESIAN_POINT('Control Point',(1350.,250.,-260.707915026)) ;
#7533=CARTESIAN_POINT('Control Point',(1350.,250.,-250.)) ;
#7534=CARTESIAN_POINT('Vertex',(1323.97127693,250.,-293.879128095)) ;
#7536=CARTESIAN_POINT('Vertex',(1350.,250.,-250.)) ;
#7540=CARTESIAN_POINT('Control Point',(1250.,250.,-250.)) ;
#7541=CARTESIAN_POINT('Control Point',(1250.,250.,-258.318096204)) ;
#7542=CARTESIAN_POINT('Control Point',(1251.72976811,250.,-266.636192408)) ;
#7543=CARTESIAN_POINT('Control Point',(1255.19155233,250.,-274.47409247)) ;
#7544=CARTESIAN_POINT('Control Point',(1262.66652748,250.,-284.795783287)) ;
#7545=CARTESIAN_POINT('Control Point',(1272.76290878,250.,-292.240679152)) ;
#7546=CARTESIAN_POINT('Control Point',(1276.37547418,250.,-294.362325159)) ;
#7547=CARTESIAN_POINT('Control Point',(1287.71524805,250.,-299.517421717)) ;
#7548=CARTESIAN_POINT('Control Point',(1300.27339604,250.,-301.033410984)) ;
#7549=CARTESIAN_POINT('Control Point',(1308.71314158,250.,-300.284847203)) ;
#7550=CARTESIAN_POINT('Control Point',(1316.74819692,250.,-297.825114686)) ;
#7551=CARTESIAN_POINT('Control Point',(1323.97127693,250.,-293.879128094)) ;
#7552=CARTESIAN_POINT('Vertex',(1250.,250.,-250.)) ;
#7555=CARTESIAN_POINT('Axis2P3D Location',(1150.,250.,-250.)) ;
#7560=CARTESIAN_POINT('Axis2P3D Location',(1150.,250.,-250.)) ;
#7573=CARTESIAN_POINT('Axis2P3D Location',(1150.,1250.,-250.)) ;
#7579=CARTESIAN_POINT('Control Point',(1323.97127693,1250.,-293.879128094)) ;
#7580=CARTESIAN_POINT('Control Point',(1318.76857812,1250.,-296.721375409)) ;
#7581=CARTESIAN_POINT('Control Point',(1313.14464964,1250.,-298.79251253)) ;
#7582=CARTESIAN_POINT('Control Point',(1307.251749,1250.,-300.009026685)) ;
#7583=CARTESIAN_POINT('Control Point',(1297.06911004,1250.,-300.562456501)) ;
#7584=CARTESIAN_POINT('Control Point',(1287.1223144,1250.,-298.582911883)) ;
#7585=CARTESIAN_POINT('Control Point',(1283.12090933,1250.,-297.341635078)) ;
#7586=CARTESIAN_POINT('Control Point',(1275.43491434,1250.,-294.045303338)) ;
#7587=CARTESIAN_POINT('Control Point',(1268.59148888,1250.,-289.238240824)) ;
#7588=CARTESIAN_POINT('Control Point',(1265.43271615,1250.,-286.486120658)) ;
#7589=CARTESIAN_POINT('Control Point',(1258.15648569,1250.,-278.671492994)) ;
#7590=CARTESIAN_POINT('Control Point',(1253.13164769,1250.,-269.159050593)) ;
#7591=CARTESIAN_POINT('Control Point',(1251.04370577,1250.,-262.922574189)) ;
#7592=CARTESIAN_POINT('Control Point',(1250.,1250.,-256.461287094)) ;
#7593=CARTESIAN_POINT('Control Point',(1250.,1250.,-250.)) ;
#7594=CARTESIAN_POINT('Vertex',(1323.97127693,1250.,-293.879128095)) ;
#7596=CARTESIAN_POINT('Vertex',(1250.,1250.,-250.)) ;
#7600=CARTESIAN_POINT('Control Point',(1350.,1250.,-250.)) ;
#7601=CARTESIAN_POINT('Control Point',(1350.,1250.,-260.707901289)) ;
#7602=CARTESIAN_POINT('Control Point',(1347.13560312,1250.,-271.417070415)) ;
#7603=CARTESIAN_POINT('Control Point',(1341.39313257,1250.,-281.097482973)) ;
#7604=CARTESIAN_POINT('Control Point',(1333.36843955,1250.,-288.745434751)) ;
#7605=CARTESIAN_POINT('Control Point',(1323.97127695,1250.,-293.879128082)) ;
#7606=CARTESIAN_POINT('Vertex',(1350.,1250.,-250.)) ;
#7609=CARTESIAN_POINT('Axis2P3D Location',(1150.,1250.,-250.)) ;
#7614=CARTESIAN_POINT('Axis2P3D Location',(1150.,1250.,-250.)) ;
#7628=CARTESIAN_POINT('Control Point',(1276.02872307,250.,-206.120871905)) ;
#7629=CARTESIAN_POINT('Control Point',(1266.63164301,250.,-211.254520142)) ;
#7630=CARTESIAN_POINT('Control Point',(1258.60673844,250.,-218.902510785)) ;
#7631=CARTESIAN_POINT('Control Point',(1252.86442102,250.,-228.583072987)) ;
#7632=CARTESIAN_POINT('Control Point',(1250.00000021,250.,-239.292084139)) ;
#7633=CARTESIAN_POINT('Control Point',(1250.,250.,-249.999999036)) ;
#7634=CARTESIAN_POINT('Vertex',(1276.02872307,250.,-206.120871905)) ;
#7638=CARTESIAN_POINT('Control Point',(1350.,250.,-249.999999266)) ;
#7639=CARTESIAN_POINT('Control Point',(1349.99999988,250.,-241.681903206)) ;
#7640=CARTESIAN_POINT('Control Point',(1348.2702317,250.,-233.363807172)) ;
#7641=CARTESIAN_POINT('Control Point',(1344.80844749,250.,-225.525907285)) ;
#7642=CARTESIAN_POINT('Control Point',(1337.3334724,250.,-215.204216621)) ;
#7643=CARTESIAN_POINT('Control Point',(1327.23709122,250.,-207.759320843)) ;
#7644=CARTESIAN_POINT('Control Point',(1323.62452581,250.,-205.637674838)) ;
#7645=CARTESIAN_POINT('Control Point',(1312.28475194,250.,-200.482578282)) ;
#7646=CARTESIAN_POINT('Control Point',(1299.72660396,250.,-198.966589016)) ;
#7647=CARTESIAN_POINT('Control Point',(1291.28685842,250.,-199.715152798)) ;
#7648=CARTESIAN_POINT('Control Point',(1283.25180307,250.,-202.174885315)) ;
#7649=CARTESIAN_POINT('Control Point',(1276.02872307,250.,-206.120871905)) ;
#7660=CARTESIAN_POINT('Control Point',(1276.02872307,1250.,-206.120871905)) ;
#7661=CARTESIAN_POINT('Control Point',(1281.23142188,1250.,-203.27862459)) ;
#7662=CARTESIAN_POINT('Control Point',(1286.85535036,1250.,-201.20748747)) ;
#7663=CARTESIAN_POINT('Control Point',(1292.748251,1250.,-199.990973315)) ;
#7664=CARTESIAN_POINT('Control Point',(1302.93088997,1250.,-199.437543499)) ;
#7665=CARTESIAN_POINT('Control Point',(1312.8776856,1250.,-201.417088117)) ;
#7666=CARTESIAN_POINT('Control Point',(1316.87909067,1250.,-202.658364924)) ;
#7667=CARTESIAN_POINT('Control Point',(1324.56508566,1250.,-205.954696664)) ;
#7668=CARTESIAN_POINT('Control Point',(1331.40851112,1250.,-210.761759178)) ;
#7669=CARTESIAN_POINT('Control Point',(1334.56728385,1250.,-213.513879345)) ;
#7670=CARTESIAN_POINT('Control Point',(1341.84351436,1250.,-221.328507055)) ;
#7671=CARTESIAN_POINT('Control Point',(1346.86835237,1250.,-230.84094952)) ;
#7672=CARTESIAN_POINT('Control Point',(1348.95629421,1250.,-237.077425688)) ;
#7673=CARTESIAN_POINT('Control Point',(1350.,1250.,-243.538712844)) ;
#7674=CARTESIAN_POINT('Control Point',(1350.,1250.,-250.)) ;
#7675=CARTESIAN_POINT('Vertex',(1276.02872307,1250.,-206.120871905)) ;
#7679=CARTESIAN_POINT('Control Point',(1250.,1250.,-250.)) ;
#7680=CARTESIAN_POINT('Control Point',(1250.,1250.,-239.292098711)) ;
#7681=CARTESIAN_POINT('Control Point',(1252.86439688,1250.,-228.582929582)) ;
#7682=CARTESIAN_POINT('Control Point',(1258.60686743,1250.,-218.902517028)) ;
#7683=CARTESIAN_POINT('Control Point',(1266.63156045,1250.,-211.254565249)) ;
#7684=CARTESIAN_POINT('Control Point',(1276.02872305,1250.,-206.120871918)) ;
#7694=CARTESIAN_POINT('Axis2P3D Location',(1300.,250.,-250.)) ;
#7699=CARTESIAN_POINT('Line Origine',(1270.03590384,450.,-195.151089882)) ;
#7704=CARTESIAN_POINT('Line Origine',(1329.96409616,450.,-304.848910118)) ;
#7728=CARTESIAN_POINT('Control Point',(1332.27435244,849.999999624,-317.700555917)) ;
#7729=CARTESIAN_POINT('Control Point',(1334.42179515,850.311892386,-322.205156469)) ;
#7730=CARTESIAN_POINT('Control Point',(1337.3616184,849.999999624,-315.275343602)) ;
#7731=CARTESIAN_POINT('Control Point',(1339.84755318,850.311892386,-319.618577493)) ;
#7732=CARTESIAN_POINT('Control Point',(1342.22108417,849.999999624,-312.372285096)) ;
#7733=CARTESIAN_POINT('Control Point',(1345.03035386,850.311892386,-316.522357812)) ;
#7734=CARTESIAN_POINT('Control Point',(1346.79289162,849.999999624,-309.019890831)) ;
#7735=CARTESIAN_POINT('Control Point',(1349.90635624,850.311892386,-312.94690486)) ;
#7736=CARTESIAN_POINT('Control Point',(1355.35331708,849.999999624,-301.406430375)) ;
#7737=CARTESIAN_POINT('Control Point',(1359.03636782,850.311892386,-304.826866612)) ;
#7738=CARTESIAN_POINT('Control Point',(1362.3275569,849.999999624,-292.314616314)) ;
#7739=CARTESIAN_POINT('Control Point',(1366.47465353,850.311892386,-295.130109355)) ;
#7740=CARTESIAN_POINT('Control Point',(1365.40129905,849.999999624,-287.388784215)) ;
#7741=CARTESIAN_POINT('Control Point',(1369.75291366,850.311892386,-289.876526535)) ;
#7742=CARTESIAN_POINT('Control Point',(1370.56305728,849.999999624,-277.007445017)) ;
#7743=CARTESIAN_POINT('Control Point',(1375.25812045,850.311892386,-278.804442843)) ;
#7744=CARTESIAN_POINT('Control Point',(1373.65173626,849.999999624,-265.832651343)) ;
#7745=CARTESIAN_POINT('Control Point',(1378.55231126,850.311892386,-266.886110491)) ;
#7746=CARTESIAN_POINT('Control Point',(1374.65233711,849.999999624,-260.113341014)) ;
#7747=CARTESIAN_POINT('Control Point',(1379.61948922,850.311892386,-260.786253679)) ;
#7748=CARTESIAN_POINT('Control Point',(1375.54108324,849.999999624,-248.553666199)) ;
#7749=CARTESIAN_POINT('Control Point',(1380.56736997,850.311892386,-248.457431301)) ;
#7750=CARTESIAN_POINT('Control Point',(1374.2105002,849.999999624,-237.036483371)) ;
#7751=CARTESIAN_POINT('Control Point',(1379.14825375,850.311892386,-236.173928206)) ;
#7752=CARTESIAN_POINT('Control Point',(1372.99170544,849.999999624,-231.359666303)) ;
#7753=CARTESIAN_POINT('Control Point',(1377.84836388,850.311892386,-230.119392034)) ;
#7754=CARTESIAN_POINT('Control Point',(1369.47753457,849.999999624,-220.311292908)) ;
#7755=CARTESIAN_POINT('Control Point',(1374.10037018,850.311892386,-218.335891605)) ;
#7756=CARTESIAN_POINT('Control Point',(1363.92217615,849.999999624,-210.135147062)) ;
#7757=CARTESIAN_POINT('Control Point',(1368.17537416,850.311892386,-207.482654241)) ;
#7758=CARTESIAN_POINT('Control Point',(1360.66213272,849.999999624,-205.330583653)) ;
#7759=CARTESIAN_POINT('Control Point',(1364.69841681,850.311892386,-202.358408981)) ;
#7760=CARTESIAN_POINT('Control Point',(1353.25869887,849.999999624,-196.408413587)) ;
#7761=CARTESIAN_POINT('Control Point',(1356.80237973,850.311892386,-192.842583343)) ;
#7762=CARTESIAN_POINT('Control Point',(1344.29057227,849.999999624,-189.060716195)) ;
#7763=CARTESIAN_POINT('Control Point',(1347.23753975,850.311892386,-185.00599127)) ;
#7764=CARTESIAN_POINT('Control Point',(1339.46578927,849.999999624,-185.830672591)) ;
#7765=CARTESIAN_POINT('Control Point',(1342.09172954,850.311892386,-181.561029841)) ;
#7766=CARTESIAN_POINT('Control Point',(1329.25522633,849.999999624,-180.338828093)) ;
#7767=CARTESIAN_POINT('Control Point',(1331.20178507,850.311892386,-175.703773783)) ;
#7768=CARTESIAN_POINT('Control Point',(1318.18517112,849.999999624,-176.893566258)) ;
#7769=CARTESIAN_POINT('Control Point',(1319.39516018,850.311892386,-172.029274121)) ;
#7770=CARTESIAN_POINT('Control Point',(1312.50087012,849.999999624,-175.710166581)) ;
#7771=CARTESIAN_POINT('Control Point',(1313.33264211,850.311892386,-170.767134428)) ;
#7772=CARTESIAN_POINT('Control Point',(1300.97562019,849.999999624,-174.45137126)) ;
#7773=CARTESIAN_POINT('Control Point',(1301.04053516,850.311892386,-169.424582481)) ;
#7774=CARTESIAN_POINT('Control Point',(1289.42170742,849.999999624,-175.412126795)) ;
#7775=CARTESIAN_POINT('Control Point',(1288.71785821,850.311892386,-170.449263931)) ;
#7776=CARTESIAN_POINT('Control Point',(1283.70874271,849.999999624,-176.448344416)) ;
#7777=CARTESIAN_POINT('Control Point',(1282.62476924,850.311892386,-171.554428496)) ;
#7778=CARTESIAN_POINT('Control Point',(1276.27185495,849.999999624,-178.553842778)) ;
#7779=CARTESIAN_POINT('Control Point',(1274.69305233,850.311892386,-173.800020672)) ;
#7780=CARTESIAN_POINT('Control Point',(1269.1933477,849.999999624,-181.578494519)) ;
#7781=CARTESIAN_POINT('Control Point',(1267.14356153,850.311892386,-177.025924053)) ;
#7782=CARTESIAN_POINT('Control Point',(1267.44857513,849.999999624,-182.391147197)) ;
#7783=CARTESIAN_POINT('Control Point',(1265.28269681,850.311892386,-177.892648306)) ;
#7784=CARTESIAN_POINT('Control Point',(1265.73105078,849.999999624,-183.259174592)) ;
#7785=CARTESIAN_POINT('Control Point',(1263.45089332,850.311892386,-178.818431751)) ;
#7786=CARTESIAN_POINT('Control Point',(1264.04308749,849.999999624,-184.18131314)) ;
#7787=CARTESIAN_POINT('Control Point',(1261.6506178,850.311892386,-179.80192675)) ;
#7789=CARTESIAN_POINT('Control Point',(1338.34937487,850.31189149,-320.198059832)) ;
#7790=CARTESIAN_POINT('Control Point',(1347.17081109,850.311891771,-315.37888724)) ;
#7791=CARTESIAN_POINT('Control Point',(1355.23524583,850.311892815,-309.174032874)) ;
#7792=CARTESIAN_POINT('Control Point',(1362.25198784,850.311892772,-301.74155557)) ;
#7793=CARTESIAN_POINT('Control Point',(1372.28108207,850.311891172,-287.027812885)) ;
#7794=CARTESIAN_POINT('Control Point',(1377.94025007,850.311891343,-270.243585409)) ;
#7795=CARTESIAN_POINT('Control Point',(1379.50310973,850.311891366,-262.796101943)) ;
#7796=CARTESIAN_POINT('Control Point',(1380.84496311,850.311891272,-247.673279951)) ;
#7797=CARTESIAN_POINT('Control Point',(1378.63557692,850.311891139,-232.652665526)) ;
#7798=CARTESIAN_POINT('Control Point',(1376.64698549,850.311891121,-225.307390939)) ;
#7799=CARTESIAN_POINT('Control Point',(1373.20595963,850.311891325,-216.76037155)) ;
#7800=CARTESIAN_POINT('Control Point',(1368.6166776,850.311891707,-208.840670091)) ;
#7801=CARTESIAN_POINT('Control Point',(1367.71603533,850.311891774,-207.361879128)) ;
#7802=CARTESIAN_POINT('Control Point',(1365.62011039,850.311891903,-204.128735618)) ;
#7803=CARTESIAN_POINT('Control Point',(1362.74407444,850.311892008,-200.293668648)) ;
#7804=CARTESIAN_POINT('Control Point',(1361.06351845,850.311892052,-198.212744764)) ;
#7805=CARTESIAN_POINT('Control Point',(1357.13398329,850.311892122,-193.783902485)) ;
#7806=CARTESIAN_POINT('Control Point',(1351.98566499,850.311892152,-189.048369245)) ;
#7807=CARTESIAN_POINT('Control Point',(1349.08614496,850.311892157,-186.660203761)) ;
#7808=CARTESIAN_POINT('Control Point',(1342.64310903,850.311892148,-182.008833026)) ;
#7809=CARTESIAN_POINT('Control Point',(1335.06457062,850.311892105,-177.906920846)) ;
#7810=CARTESIAN_POINT('Control Point',(1331.0285553,850.311892076,-176.068457371)) ;
#7811=CARTESIAN_POINT('Control Point',(1322.60810887,850.311892005,-172.94427846)) ;
#7812=CARTESIAN_POINT('Control Point',(1313.83451294,850.311891918,-171.023748486)) ;
#7813=CARTESIAN_POINT('Control Point',(1309.44498988,850.311891872,-170.390153288)) ;
#7814=CARTESIAN_POINT('Control Point',(1300.85158717,850.311891778,-169.747220423)) ;
#7815=CARTESIAN_POINT('Control Point',(1292.91682048,850.311891687,-170.180155139)) ;
#7816=CARTESIAN_POINT('Control Point',(1289.18663565,850.311891644,-170.623179959)) ;
#7817=CARTESIAN_POINT('Control Point',(1282.29587576,850.311891567,-171.826454934)) ;
#7818=CARTESIAN_POINT('Control Point',(1276.59639654,850.311891508,-173.430143105)) ;
#7819=CARTESIAN_POINT('Control Point',(1274.05794138,850.311891484,-174.273207396)) ;
#7820=CARTESIAN_POINT('Control Point',(1269.56577028,850.311891449,-175.946443074)) ;
#7821=CARTESIAN_POINT('Control Point',(1266.05526006,850.311891434,-177.534660549)) ;
#7822=CARTESIAN_POINT('Control Point',(1264.49841345,850.311891431,-178.292425509)) ;
#7823=CARTESIAN_POINT('Control Point',(1263.06479206,850.311891431,-179.029377251)) ;
#7824=CARTESIAN_POINT('Control Point',(1261.65062513,850.311891431,-179.801940165)) ;
#7825=CARTESIAN_POINT('Vertex',(1338.34937487,850.31189149,-320.198059832)) ;
#7827=CARTESIAN_POINT('Vertex',(1261.65062513,850.311891431,-179.801940165)) ;
#7831=CARTESIAN_POINT('Control Point',(1264.0430846,850.,-184.181307858)) ;
#7832=CARTESIAN_POINT('Control Point',(1261.65062513,850.311891431,-179.801940165)) ;
#7833=CARTESIAN_POINT('Vertex',(1264.0430846,850.,-184.181307858)) ;
#7837=CARTESIAN_POINT('Control Point',(1374.99999769,849.999999858,-250.)) ;
#7838=CARTESIAN_POINT('Control Point',(1374.99999737,849.999999805,-242.499765379)) ;
#7839=CARTESIAN_POINT('Control Point',(1374.06243191,849.999999731,-234.999530025)) ;
#7840=CARTESIAN_POINT('Control Point',(1372.18716492,849.999999691,-227.655593168)) ;
#7841=CARTESIAN_POINT('Control Point',(1368.83014017,849.999999884,-219.143551171)) ;
#7842=CARTESIAN_POINT('Control Point',(1364.26738061,850.000000265,-211.290228959)) ;
#7843=CARTESIAN_POINT('Control Point',(1363.38665416,850.000000331,-209.85194809)) ;
#7844=CARTESIAN_POINT('Control Point',(1361.35151236,850.000000458,-206.736297482)) ;
#7845=CARTESIAN_POINT('Control Point',(1358.59725679,850.000000562,-203.100376102)) ;
#7846=CARTESIAN_POINT('Control Point',(1356.99755881,850.000000606,-201.141635455)) ;
#7847=CARTESIAN_POINT('Control Point',(1353.27882678,850.000000676,-196.997653088)) ;
#7848=CARTESIAN_POINT('Control Point',(1348.45087408,850.000000707,-192.605090572)) ;
#7849=CARTESIAN_POINT('Control Point',(1345.74176891,850.000000712,-190.397303347)) ;
#7850=CARTESIAN_POINT('Control Point',(1339.74138604,850.000000704,-186.106467771)) ;
#7851=CARTESIAN_POINT('Control Point',(1332.71570932,850.000000662,-182.331154778)) ;
#7852=CARTESIAN_POINT('Control Point',(1328.98044895,850.000000634,-180.639115393)) ;
#7853=CARTESIAN_POINT('Control Point',(1321.19534315,850.000000565,-177.759439458)) ;
#7854=CARTESIAN_POINT('Control Point',(1313.08847583,850.000000479,-175.976432006)) ;
#7855=CARTESIAN_POINT('Control Point',(1309.03114294,850.000000434,-175.382119881)) ;
#7856=CARTESIAN_POINT('Control Point',(1301.07942011,850.000000341,-174.763065486)) ;
#7857=CARTESIAN_POINT('Control Point',(1293.71192992,850.000000252,-175.131777839)) ;
#7858=CARTESIAN_POINT('Control Point',(1290.23943172,850.00000021,-175.525896378)) ;
#7859=CARTESIAN_POINT('Control Point',(1283.80355607,850.000000134,-176.613658498)) ;
#7860=CARTESIAN_POINT('Control Point',(1278.43537041,850.000000076,-178.091538639)) ;
#7861=CARTESIAN_POINT('Control Point',(1276.03096986,850.000000053,-178.875474757)) ;
#7862=CARTESIAN_POINT('Control Point',(1271.74887061,850.000000018,-180.446930058)) ;
#7863=CARTESIAN_POINT('Control Point',(1268.35298822,850.000000003,-181.969119965)) ;
#7864=CARTESIAN_POINT('Control Point',(1266.83478752,850.,-182.70355679)) ;
#7865=CARTESIAN_POINT('Control Point',(1265.42897238,850.,-183.424193918)) ;
#7866=CARTESIAN_POINT('Control Point',(1264.0430846,850.,-184.181307858)) ;
#7867=CARTESIAN_POINT('Vertex',(1375.,850.,-250.)) ;
#7871=CARTESIAN_POINT('Control Point',(1335.95691539,850.000000056,-315.818692139)) ;
#7872=CARTESIAN_POINT('Control Point',(1337.09547853,850.000000092,-315.196692259)) ;
#7873=CARTESIAN_POINT('Control Point',(1338.2205921,850.000000142,-314.550073119)) ;
#7874=CARTESIAN_POINT('Control Point',(1339.6222302,850.000000197,-313.721065761)) ;
#7875=CARTESIAN_POINT('Control Point',(1343.06823111,850.000000303,-311.52109589)) ;
#7876=CARTESIAN_POINT('Control Point',(1347.50538084,850.000000386,-308.143989924)) ;
#7877=CARTESIAN_POINT('Control Point',(1349.89872587,850.000000417,-306.136569846)) ;
#7878=CARTESIAN_POINT('Control Point',(1354.66691759,850.000000452,-301.609124924)) ;
#7879=CARTESIAN_POINT('Control Point',(1358.91271772,850.000000434,-296.588507909)) ;
#7880=CARTESIAN_POINT('Control Point',(1360.77920784,850.000000411,-294.083702598)) ;
#7881=CARTESIAN_POINT('Control Point',(1363.89560479,850.000000341,-289.459720303)) ;
#7882=CARTESIAN_POINT('Control Point',(1365.89380101,850.000000238,-285.892928736)) ;
#7883=CARTESIAN_POINT('Control Point',(1366.64084732,850.000000182,-284.445944145)) ;
#7884=CARTESIAN_POINT('Control Point',(1370.19322336,849.999999854,-277.349065047)) ;
#7885=CARTESIAN_POINT('Control Point',(1372.79738655,849.99999991,-269.802919723)) ;
#7886=CARTESIAN_POINT('Control Point',(1374.26581434,849.999999935,-263.274144293)) ;
#7887=CARTESIAN_POINT('Control Point',(1374.99999797,849.999999904,-256.637072434)) ;
#7888=CARTESIAN_POINT('Control Point',(1374.99999769,849.999999858,-250.)) ;
#7889=CARTESIAN_POINT('Vertex',(1335.9569154,850.,-315.818692142)) ;
#7893=CARTESIAN_POINT('Control Point',(1335.95691539,850.000000056,-315.818692139)) ;
#7894=CARTESIAN_POINT('Control Point',(1338.34937487,850.31189149,-320.198059832)) ;
#7905=CARTESIAN_POINT('Control Point',(1264.04308721,849.999999661,-184.181312619)) ;
#7906=CARTESIAN_POINT('Control Point',(1261.65061755,850.311892419,-179.801926289)) ;
#7907=CARTESIAN_POINT('Control Point',(1258.97919729,849.999999661,-186.947728286)) ;
#7908=CARTESIAN_POINT('Control Point',(1256.24979095,850.311892419,-182.752411305)) ;
#7909=CARTESIAN_POINT('Control Point',(1254.18135691,849.999999661,-190.201144342)) ;
#7910=CARTESIAN_POINT('Control Point',(1251.13271605,850.311892419,-186.222300316)) ;
#7911=CARTESIAN_POINT('Control Point',(1249.71203404,849.999999661,-193.907472221)) ;
#7912=CARTESIAN_POINT('Control Point',(1246.36601729,850.311892419,-190.175236603)) ;
#7913=CARTESIAN_POINT('Control Point',(1241.54199237,849.999999661,-202.133429477)) ;
#7914=CARTESIAN_POINT('Control Point',(1237.65236452,850.311892419,-198.948525417)) ;
#7915=CARTESIAN_POINT('Control Point',(1235.08939446,849.999999661,-211.765663582)) ;
#7916=CARTESIAN_POINT('Control Point',(1230.77042929,850.311892419,-209.221660702)) ;
#7917=CARTESIAN_POINT('Control Point',(1232.33756676,849.999999661,-216.878310407)) ;
#7918=CARTESIAN_POINT('Control Point',(1227.83550288,850.311892419,-214.674488356)) ;
#7919=CARTESIAN_POINT('Control Point',(1227.85154857,849.999999661,-227.5690351)) ;
#7920=CARTESIAN_POINT('Control Point',(1223.05099793,850.311892419,-226.07654315)) ;
#7921=CARTESIAN_POINT('Control Point',(1225.48518708,849.999999661,-238.918761394)) ;
#7922=CARTESIAN_POINT('Control Point',(1220.52718555,850.311892419,-238.181447619)) ;
#7923=CARTESIAN_POINT('Control Point',(1224.85307954,849.999999661,-244.690429549)) ;
#7924=CARTESIAN_POINT('Control Point',(1219.85301938,850.311892419,-244.337145988)) ;
#7925=CARTESIAN_POINT('Control Point',(1224.70679034,849.999999661,-256.283296024)) ;
#7926=CARTESIAN_POINT('Control Point',(1219.69699652,850.311892419,-256.701368487)) ;
#7927=CARTESIAN_POINT('Control Point',(1226.77254802,849.999999661,-267.691564906)) ;
#7928=CARTESIAN_POINT('Control Point',(1221.90020378,850.311892419,-268.868710799)) ;
#7929=CARTESIAN_POINT('Control Point',(1228.35255356,849.999999661,-273.278629941)) ;
#7930=CARTESIAN_POINT('Control Point',(1223.58533835,850.311892419,-274.827523087)) ;
#7931=CARTESIAN_POINT('Control Point',(1232.56737593,849.999999661,-284.079149653)) ;
#7932=CARTESIAN_POINT('Control Point',(1228.08060289,850.311892419,-286.346678345)) ;
#7933=CARTESIAN_POINT('Control Point',(1238.76330823,849.999999661,-293.878454557)) ;
#7934=CARTESIAN_POINT('Control Point',(1234.68879472,850.311892419,-296.79800084)) ;
#7935=CARTESIAN_POINT('Control Point',(1242.32448301,849.999999661,-298.464274813)) ;
#7936=CARTESIAN_POINT('Control Point',(1238.48691984,850.311892419,-301.688948398)) ;
#7937=CARTESIAN_POINT('Control Point',(1250.28435118,849.999999661,-306.893773754)) ;
#7938=CARTESIAN_POINT('Control Point',(1246.97641476,850.311892419,-310.679321977)) ;
#7939=CARTESIAN_POINT('Control Point',(1259.70482046,849.999999661,-313.651784724)) ;
#7940=CARTESIAN_POINT('Control Point',(1257.023695,850.311892419,-317.886991578)) ;
#7941=CARTESIAN_POINT('Control Point',(1264.72664007,849.999999661,-316.566066972)) ;
#7942=CARTESIAN_POINT('Control Point',(1262.37965205,850.311892419,-320.995181792)) ;
#7943=CARTESIAN_POINT('Control Point',(1275.26808808,849.999999661,-321.39243491)) ;
#7944=CARTESIAN_POINT('Control Point',(1273.62249773,850.311892419,-326.142682385)) ;
#7945=CARTESIAN_POINT('Control Point',(1286.53613745,849.999999661,-324.121357234)) ;
#7946=CARTESIAN_POINT('Control Point',(1285.64029072,850.311892419,-329.053179359)) ;
#7947=CARTESIAN_POINT('Control Point',(1292.28458017,849.999999661,-324.938131081)) ;
#7948=CARTESIAN_POINT('Control Point',(1291.7712183,850.311892419,-329.92429899)) ;
#7949=CARTESIAN_POINT('Control Point',(1303.86680162,849.999999661,-325.455914778)) ;
#7950=CARTESIAN_POINT('Control Point',(1304.12408749,850.311892419,-330.476534527)) ;
#7951=CARTESIAN_POINT('Control Point',(1315.33541991,849.999999661,-323.756871471)) ;
#7952=CARTESIAN_POINT('Control Point',(1316.35579468,850.311892419,-328.664441761)) ;
#7953=CARTESIAN_POINT('Control Point',(1320.97025607,849.999999661,-322.356751954)) ;
#7954=CARTESIAN_POINT('Control Point',(1322.36555665,850.311892419,-327.171162314)) ;
#7955=CARTESIAN_POINT('Control Point',(1327.34612576,849.999999661,-320.101303433)) ;
#7956=CARTESIAN_POINT('Control Point',(1329.16565839,850.311892419,-324.765642729)) ;
#7957=CARTESIAN_POINT('Control Point',(1333.40308619,849.999999661,-317.161153891)) ;
#7958=CARTESIAN_POINT('Control Point',(1335.62563156,850.311892419,-321.629864085)) ;
#7959=CARTESIAN_POINT('Control Point',(1334.26155919,849.999999661,-316.727297993)) ;
#7960=CARTESIAN_POINT('Control Point',(1336.54122489,850.311892419,-321.167140663)) ;
#7961=CARTESIAN_POINT('Control Point',(1335.11293095,849.999999661,-316.279756236)) ;
#7962=CARTESIAN_POINT('Control Point',(1337.44924447,850.311892419,-320.689820763)) ;
#7963=CARTESIAN_POINT('Control Point',(1335.95691236,849.999999661,-315.818686594)) ;
#7964=CARTESIAN_POINT('Control Point',(1338.34938199,850.311892419,-320.198072872)) ;
#7966=CARTESIAN_POINT('Control Point',(1225.00000003,850.0000001,-250.)) ;
#7967=CARTESIAN_POINT('Control Point',(1224.99999999,850.00000005,-251.480843168)) ;
#7968=CARTESIAN_POINT('Control Point',(1225.03654825,850.00000001,-252.912785215)) ;
#7969=CARTESIAN_POINT('Control Point',(1225.10425907,849.999999994,-254.336964587)) ;
#7970=CARTESIAN_POINT('Control Point',(1225.31515824,849.999999993,-257.309747639)) ;
#7971=CARTESIAN_POINT('Control Point',(1225.72788378,850.000000043,-260.629634662)) ;
#7972=CARTESIAN_POINT('Control Point',(1225.99722431,850.000000078,-262.40562032)) ;
#7973=CARTESIAN_POINT('Control Point',(1226.69877743,850.00000016,-266.205279466)) ;
#7974=CARTESIAN_POINT('Control Point',(1227.79442366,850.00000026,-270.466542185)) ;
#7975=CARTESIAN_POINT('Control Point',(1228.45783776,850.000000311,-272.704254369)) ;
#7976=CARTESIAN_POINT('Control Point',(1230.04630948,850.000000414,-277.344282321)) ;
#7977=CARTESIAN_POINT('Control Point',(1232.17782179,850.000000508,-282.18508168)) ;
#7978=CARTESIAN_POINT('Control Point',(1233.38451034,850.000000552,-284.623646462)) ;
#7979=CARTESIAN_POINT('Control Point',(1236.06822511,850.000000628,-289.459232498)) ;
#7980=CARTESIAN_POINT('Control Point',(1239.22142385,850.000000679,-294.076318369)) ;
#7981=CARTESIAN_POINT('Control Point',(1240.8979225,850.000000697,-296.296219694)) ;
#7982=CARTESIAN_POINT('Control Point',(1244.39217279,850.000000719,-300.502179841)) ;
#7983=CARTESIAN_POINT('Control Point',(1248.04191998,850.000000708,-304.17766546)) ;
#7984=CARTESIAN_POINT('Control Point',(1249.87402434,850.000000694,-305.866809248)) ;
#7985=CARTESIAN_POINT('Control Point',(1255.29182419,850.000000629,-310.477856183)) ;
#7986=CARTESIAN_POINT('Control Point',(1260.27043269,850.000000498,-313.779785394)) ;
#7987=CARTESIAN_POINT('Control Point',(1263.20995441,850.000000387,-315.452788426)) ;
#7988=CARTESIAN_POINT('Control Point',(1271.99167502,849.99999997,-320.059474119)) ;
#7989=CARTESIAN_POINT('Control Point',(1281.46238641,849.999999663,-323.183198833)) ;
#7990=CARTESIAN_POINT('Control Point',(1288.39634576,849.999999711,-324.597434797)) ;
#7991=CARTESIAN_POINT('Control Point',(1302.46623079,849.999999962,-325.779352331)) ;
#7992=CARTESIAN_POINT('Control Point',(1316.42949773,850.000000112,-323.685106812)) ;
#7993=CARTESIAN_POINT('Control Point',(1323.2568257,850.00000006,-321.823003103)) ;
#7994=CARTESIAN_POINT('Control Point',(1329.80330769,849.99999986,-319.180423363)) ;
#7995=CARTESIAN_POINT('Control Point',(1335.95691539,850.000000056,-315.818692139)) ;
#7996=CARTESIAN_POINT('Vertex',(1225.,850.,-250.)) ;
#8000=CARTESIAN_POINT('Control Point',(1264.0430846,850.,-184.181307858)) ;
#8001=CARTESIAN_POINT('Control Point',(1261.67537671,850.,-185.474792579)) ;
#8002=CARTESIAN_POINT('Control Point',(1259.36583226,850.,-186.874744788)) ;
#8003=CARTESIAN_POINT('Control Point',(1256.80320679,850.000000023,-188.551459242)) ;
#8004=CARTESIAN_POINT('Control Point',(1251.13150097,850.000000119,-192.762154597)) ;
#8005=CARTESIAN_POINT('Control Point',(1244.83916503,850.000000285,-198.88482843)) ;
#8006=CARTESIAN_POINT('Control Point',(1241.65461605,850.000000379,-202.477855746)) ;
#8007=CARTESIAN_POINT('Control Point',(1235.69928763,850.000000556,-210.572950292)) ;
#8008=CARTESIAN_POINT('Control Point',(1231.09561321,850.000000659,-219.723198038)) ;
#8009=CARTESIAN_POINT('Control Point',(1229.27080957,850.000000679,-224.376973529)) ;
#8010=CARTESIAN_POINT('Control Point',(1226.5730105,850.000000636,-233.299317353)) ;
#8011=CARTESIAN_POINT('Control Point',(1225.41144851,850.000000451,-240.938374986)) ;
#8012=CARTESIAN_POINT('Control Point',(1225.12713495,850.000000327,-244.306098911)) ;
#8013=CARTESIAN_POINT('Control Point',(1225.0000001,850.000000195,-247.238101751)) ;
#8014=CARTESIAN_POINT('Control Point',(1225.00000003,850.0000001,-250.)) ;
#8017=CARTESIAN_POINT('Control Point',(1261.65062513,850.311891431,-179.801940165)) ;
#8018=CARTESIAN_POINT('Control Point',(1258.96580512,850.311891431,-181.268664022)) ;
#8019=CARTESIAN_POINT('Control Point',(1256.35110616,850.311891431,-182.863743609)) ;
#8020=CARTESIAN_POINT('Control Point',(1253.44250165,850.31189146,-184.786324269)) ;
#8021=CARTESIAN_POINT('Control Point',(1248.63084839,850.311891548,-188.428924309)) ;
#8022=CARTESIAN_POINT('Control Point',(1243.48879999,850.311891681,-193.311697043)) ;
#8023=CARTESIAN_POINT('Control Point',(1241.75681679,850.311891729,-195.082803739)) ;
#8024=CARTESIAN_POINT('Control Point',(1238.31259851,850.311891829,-198.905836216)) ;
#8025=CARTESIAN_POINT('Control Point',(1235.01590416,850.311891928,-203.236683728)) ;
#8026=CARTESIAN_POINT('Control Point',(1233.43151927,850.311891975,-205.515810641)) ;
#8027=CARTESIAN_POINT('Control Point',(1230.44215682,850.31189206,-210.254013002)) ;
#8028=CARTESIAN_POINT('Control Point',(1227.87783613,850.311892119,-215.235088435)) ;
#8029=CARTESIAN_POINT('Control Point',(1226.7187332,850.311892139,-217.757225747)) ;
#8030=CARTESIAN_POINT('Control Point',(1224.66139087,850.311892161,-222.796251007)) ;
#8031=CARTESIAN_POINT('Control Point',(1223.11644694,850.311892139,-227.704547202)) ;
#8032=CARTESIAN_POINT('Control Point',(1222.46995231,850.311892117,-230.095913325)) ;
#8033=CARTESIAN_POINT('Control Point',(1220.87403582,850.311892016,-237.004979189)) ;
#8034=CARTESIAN_POINT('Control Point',(1220.17881816,850.311891826,-242.999745703)) ;
#8035=CARTESIAN_POINT('Control Point',(1219.99922214,850.311891673,-246.481705761)) ;
#8036=CARTESIAN_POINT('Control Point',(1219.90794112,850.311891389,-252.471534744)) ;
#8037=CARTESIAN_POINT('Control Point',(1220.37587823,850.311891416,-258.443164172)) ;
#8038=CARTESIAN_POINT('Control Point',(1220.75287599,850.311891477,-261.81519161)) ;
#8039=CARTESIAN_POINT('Control Point',(1221.79045494,850.31189161,-267.699557515)) ;
#8040=CARTESIAN_POINT('Control Point',(1223.81110533,850.311891765,-274.54521825)) ;
#8041=CARTESIAN_POINT('Control Point',(1224.60897876,850.311891816,-276.918756871)) ;
#8042=CARTESIAN_POINT('Control Point',(1226.47582936,850.311891917,-281.791990772)) ;
#8043=CARTESIAN_POINT('Control Point',(1228.88733858,850.311892006,-286.785523362)) ;
#8044=CARTESIAN_POINT('Control Point',(1230.23010966,850.311892047,-289.279398118)) ;
#8045=CARTESIAN_POINT('Control Point',(1233.16931165,850.311892116,-294.187476641)) ;
#8046=CARTESIAN_POINT('Control Point',(1236.53428371,850.311892159,-298.814042354)) ;
#8047=CARTESIAN_POINT('Control Point',(1238.30308988,850.311892173,-301.026228888)) ;
#8048=CARTESIAN_POINT('Control Point',(1241.95334034,850.311892187,-305.200724804)) ;
#8049=CARTESIAN_POINT('Control Point',(1245.70620367,850.311892169,-308.826956984)) ;
#8050=CARTESIAN_POINT('Control Point',(1247.57768285,850.311892152,-310.490644359)) ;
#8051=CARTESIAN_POINT('Control Point',(1253.08519593,850.311892079,-315.030843136)) ;
#8052=CARTESIAN_POINT('Control Point',(1258.09320452,850.311891943,-318.290013754)) ;
#8053=CARTESIAN_POINT('Control Point',(1261.04824493,850.31189183,-319.957476817)) ;
#8054=CARTESIAN_POINT('Control Point',(1270.28231579,850.311891394,-324.771878452)) ;
#8055=CARTESIAN_POINT('Control Point',(1280.2289522,850.311891072,-328.052577518)) ;
#8056=CARTESIAN_POINT('Control Point',(1287.62427529,850.311891122,-329.560912273)) ;
#8057=CARTESIAN_POINT('Control Point',(1302.63032599,850.31189139,-330.821470864)) ;
#8058=CARTESIAN_POINT('Control Point',(1317.52266457,850.311891551,-328.587880869)) ;
#8059=CARTESIAN_POINT('Control Point',(1324.80426136,850.311891495,-326.601878666)) ;
#8060=CARTESIAN_POINT('Control Point',(1331.78632556,850.311891281,-323.783470024)) ;
#8061=CARTESIAN_POINT('Control Point',(1338.34937487,850.31189149,-320.198059832)) ;
#8071=CARTESIAN_POINT('Axis2P3D Location',(1300.,1250.31189153,-250.)) ;
#8076=CARTESIAN_POINT('Line Origine',(1267.64344436,1050.31189148,-190.771722191)) ;
#8081=CARTESIAN_POINT('Line Origine',(1332.35655564,1050.31189148,-309.228277809)) ;
#8102=CARTESIAN_POINT('Axis2P3D Location',(1300.,1250.,-250.)) ;
#8107=CARTESIAN_POINT('Line Origine',(1329.96409616,1050.,-304.848910118)) ;
#8112=CARTESIAN_POINT('Line Origine',(1270.03590384,1050.,-195.151089882)) ;
#8139=CARTESIAN_POINT('Axis2P3D Location',(1300.,750.,-250.)) ;
#8144=CARTESIAN_POINT('Axis2P3D Location',(1300.,650.,-250.)) ;
#8148=CARTESIAN_POINT('Vertex',(1220.,650.,-250.)) ;
#8150=CARTESIAN_POINT('Vertex',(1380.,650.,-250.)) ;
#8153=CARTESIAN_POINT('Line Origine',(1220.,750.,-250.)) ;
#8157=CARTESIAN_POINT('Vertex',(1220.,850.,-250.)) ;
#8160=CARTESIAN_POINT('Axis2P3D Location',(1300.,850.,-250.)) ;
#8164=CARTESIAN_POINT('Vertex',(1380.,850.,-250.)) ;
#8167=CARTESIAN_POINT('Line Origine',(1380.,750.,-250.)) ;
#8179=CARTESIAN_POINT('Axis2P3D Location',(1300.,850.,-250.)) ;
#8184=CARTESIAN_POINT('Axis2P3D Location',(1300.,650.,-250.)) ;
#8196=CARTESIAN_POINT('Axis2P3D Location',(1275.,650.,-250.)) ;
#8201=CARTESIAN_POINT('Line Origine',(1377.5,650.,-250.)) ;
#8205=CARTESIAN_POINT('Vertex',(1375.,650.,-250.)) ;
#8208=CARTESIAN_POINT('Line Origine',(1222.5,650.,-250.)) ;
#8212=CARTESIAN_POINT('Vertex',(1225.,650.,-250.)) ;
#8215=CARTESIAN_POINT('Axis2P3D Location',(1300.,650.,-250.)) ;
#8219=CARTESIAN_POINT('Vertex',(1264.0430846,650.,-184.181307858)) ;
#8222=CARTESIAN_POINT('Axis2P3D Location',(1300.,650.,-250.)) ;
#8235=CARTESIAN_POINT('Axis2P3D Location',(1300.,650.,-250.)) ;
#8239=CARTESIAN_POINT('Vertex',(1335.9569154,650.,-315.818692142)) ;
#8242=CARTESIAN_POINT('Axis2P3D Location',(1300.,650.,-250.)) ;
#8255=CARTESIAN_POINT('Axis2P3D Location',(1275.,850.,-250.)) ;
#8260=CARTESIAN_POINT('Axis2P3D Location',(1300.,850.,-250.)) ;
#8264=CARTESIAN_POINT('Vertex',(1375.,850.,-250.)) ;
#8266=CARTESIAN_POINT('Vertex',(1264.0430846,850.,-184.181307858)) ;
#8269=CARTESIAN_POINT('Axis2P3D Location',(1300.,850.,-250.)) ;
#8273=CARTESIAN_POINT('Vertex',(1225.,850.,-250.)) ;
#8276=CARTESIAN_POINT('Line Origine',(1222.5,850.,-250.)) ;
#8281=CARTESIAN_POINT('Line Origine',(1377.5,850.,-250.)) ;
#8294=CARTESIAN_POINT('Axis2P3D Location',(1300.,750.,-250.)) ;
#8299=CARTESIAN_POINT('Line Origine',(1225.,750.,-250.)) ;
#8304=CARTESIAN_POINT('Line Origine',(1375.,750.,-250.)) ;
#8318=CARTESIAN_POINT('Axis2P3D Location',(1300.,850.,-250.)) ;
#8322=CARTESIAN_POINT('Vertex',(1335.9569154,850.,-315.818692142)) ;
#8325=CARTESIAN_POINT('Axis2P3D Location',(1300.,850.,-250.)) ;
#8350=CARTESIAN_POINT('Line Origine',(680.,850.,-250.)) ;
#8354=CARTESIAN_POINT('Vertex',(680.,650.,-250.)) ;
#8356=CARTESIAN_POINT('Vertex',(680.,800.,-250.)) ;
#8359=CARTESIAN_POINT('Axis2P3D Location',(730.,650.,-250.)) ;
#8363=CARTESIAN_POINT('Vertex',(780.,650.,-250.)) ;
#8366=CARTESIAN_POINT('Line Origine',(780.,850.,-250.)) ;
#8370=CARTESIAN_POINT('Vertex',(780.,1050.,-250.)) ;
#8373=CARTESIAN_POINT('Axis2P3D Location',(730.,1050.,-250.)) ;
#8377=CARTESIAN_POINT('Vertex',(680.,1050.,-250.)) ;
#8380=CARTESIAN_POINT('Line Origine',(680.,850.,-250.)) ;
#8384=CARTESIAN_POINT('Vertex',(680.,900.,-250.)) ;
#8388=CARTESIAN_POINT('Control Point',(730.,850.,-200.)) ;
#8389=CARTESIAN_POINT('Control Point',(729.563611302,850.436388698,-200.)) ;
#8390=CARTESIAN_POINT('Control Point',(729.127048442,850.872602299,-200.004760877)) ;
#8391=CARTESIAN_POINT('Control Point',(728.780881969,851.218682839,-200.013504565)) ;
#8392=CARTESIAN_POINT('Control Point',(728.178951357,851.820740455,-200.030905088)) ;
#8393=CARTESIAN_POINT('Control Point',(727.577264311,852.422712202,-200.057369126)) ;
#8394=CARTESIAN_POINT('Control Point',(727.231293126,852.768706871,-200.073850608)) ;
#8395=CARTESIAN_POINT('Control Point',(726.067566139,853.932433865,-200.146031573)) ;
#8396=CARTESIAN_POINT('Control Point',(724.905080559,855.094919435,-200.25222217)) ;
#8397=CARTESIAN_POINT('Control Point',(724.178758988,855.821241005,-200.331953104)) ;
#8398=CARTESIAN_POINT('Control Point',(718.639713448,861.360286597,-201.042668806)) ;
#8399=CARTESIAN_POINT('Control Point',(713.158097798,866.841901902,-202.534810622)) ;
#8400=CARTESIAN_POINT('Control Point',(708.493923066,871.506076477,-204.432086033)) ;
#8401=CARTESIAN_POINT('Control Point',(700.385284667,879.614715695,-208.992011317)) ;
#8402=CARTESIAN_POINT('Control Point',(693.129726648,886.870273064,-215.793555046)) ;
#8403=CARTESIAN_POINT('Control Point',(690.133884631,889.866114956,-219.277615507)) ;
#8404=CARTESIAN_POINT('Control Point',(685.114647425,894.885352939,-226.757100238)) ;
#8405=CARTESIAN_POINT('Control Point',(681.715136672,898.284863008,-235.852061029)) ;
#8406=CARTESIAN_POINT('Control Point',(680.57103367,899.42896633,-240.441476085)) ;
#8407=CARTESIAN_POINT('Control Point',(680.,900.,-245.220737841)) ;
#8408=CARTESIAN_POINT('Control Point',(680.,900.,-250.)) ;
#8411=CARTESIAN_POINT('Control Point',(730.,850.,-200.)) ;
#8412=CARTESIAN_POINT('Control Point',(729.563558561,849.563558561,-200.)) ;
#8413=CARTESIAN_POINT('Control Point',(729.126942916,849.127292259,-200.004762028)) ;
#8414=CARTESIAN_POINT('Control Point',(728.780789658,848.781224913,-200.013507234)) ;
#8415=CARTESIAN_POINT('Control Point',(728.178951379,848.179259549,-200.030905783)) ;
#8416=CARTESIAN_POINT('Control Point',(727.577356595,847.577380023,-200.057365067)) ;
#8417=CARTESIAN_POINT('Control Point',(727.231398512,847.231398514,-200.073844071)) ;
#8418=CARTESIAN_POINT('Control Point',(726.067618776,846.067618772,-200.146026764)) ;
#8419=CARTESIAN_POINT('Control Point',(724.905080559,844.905080565,-200.25222217)) ;
#8420=CARTESIAN_POINT('Control Point',(724.178758988,844.178758995,-200.331953104)) ;
#8421=CARTESIAN_POINT('Control Point',(718.639713448,838.639713403,-201.042668806)) ;
#8422=CARTESIAN_POINT('Control Point',(713.158097798,833.158098098,-202.534810622)) ;
#8423=CARTESIAN_POINT('Control Point',(708.493923066,828.493923522,-204.432086033)) ;
#8424=CARTESIAN_POINT('Control Point',(700.385284667,820.385284304,-208.992011317)) ;
#8425=CARTESIAN_POINT('Control Point',(693.129726648,813.129726936,-215.793555046)) ;
#8426=CARTESIAN_POINT('Control Point',(690.133884631,810.133885044,-219.277615507)) ;
#8427=CARTESIAN_POINT('Control Point',(685.114647425,805.114647061,-226.757100238)) ;
#8428=CARTESIAN_POINT('Control Point',(681.715136672,801.715136992,-235.852061029)) ;
#8429=CARTESIAN_POINT('Control Point',(680.57103367,800.57103367,-240.441476085)) ;
#8430=CARTESIAN_POINT('Control Point',(680.,800.,-245.220737841)) ;
#8431=CARTESIAN_POINT('Control Point',(680.,800.,-250.)) ;
#8443=CARTESIAN_POINT('Axis2P3D Location',(730.,1050.,-250.)) ;
#8448=CARTESIAN_POINT('Axis2P3D Location',(730.,650.,-250.)) ;
#8454=CARTESIAN_POINT('Control Point',(730.,850.,-300.)) ;
#8455=CARTESIAN_POINT('Control Point',(729.581870051,849.581870051,-300.)) ;
#8456=CARTESIAN_POINT('Control Point',(729.163586911,849.163894047,-299.995629184)) ;
#8457=CARTESIAN_POINT('Control Point',(728.831781919,848.83216467,-299.98760104)) ;
#8458=CARTESIAN_POINT('Control Point',(728.25465549,848.254926601,-299.971613194)) ;
#8459=CARTESIAN_POINT('Control Point',(727.677743578,847.677764304,-299.947293826)) ;
#8460=CARTESIAN_POINT('Control Point',(727.346110697,847.346110699,-299.932149202)) ;
#8461=CARTESIAN_POINT('Control Point',(726.230794693,846.230794689,-299.865851677)) ;
#8462=CARTESIAN_POINT('Control Point',(725.116570956,845.116570962,-299.768326734)) ;
#8463=CARTESIAN_POINT('Control Point',(724.420279611,844.420279617,-299.695097732)) ;
#8464=CARTESIAN_POINT('Control Point',(719.431419577,839.431419539,-299.081915564)) ;
#8465=CARTESIAN_POINT('Control Point',(714.487110243,834.487110481,-297.835794083)) ;
#8466=CARTESIAN_POINT('Control Point',(710.304232817,830.304233156,-296.287103762)) ;
#8467=CARTESIAN_POINT('Control Point',(702.382522285,822.382521966,-292.300724288)) ;
#8468=CARTESIAN_POINT('Control Point',(695.136468942,815.136469243,-286.2810118)) ;
#8469=CARTESIAN_POINT('Control Point',(691.829666722,811.829667182,-282.844313438)) ;
#8470=CARTESIAN_POINT('Control Point',(686.985562285,806.985561998,-276.377970996)) ;
#8471=CARTESIAN_POINT('Control Point',(683.380307922,803.380308101,-268.529806281)) ;
#8472=CARTESIAN_POINT('Control Point',(682.214735294,802.2147354,-265.317745025)) ;
#8473=CARTESIAN_POINT('Control Point',(680.891337475,800.891337424,-260.330371675)) ;
#8474=CARTESIAN_POINT('Control Point',(680.219120548,800.219120572,-255.119290728)) ;
#8475=CARTESIAN_POINT('Control Point',(680.073039726,800.073039726,-253.418531243)) ;
#8476=CARTESIAN_POINT('Control Point',(680.,800.,-251.709265647)) ;
#8477=CARTESIAN_POINT('Control Point',(680.,800.,-250.)) ;
#8480=CARTESIAN_POINT('Control Point',(730.,850.,-300.)) ;
#8481=CARTESIAN_POINT('Control Point',(729.563558561,850.436441439,-300.)) ;
#8482=CARTESIAN_POINT('Control Point',(729.126942916,850.872707741,-299.995237972)) ;
#8483=CARTESIAN_POINT('Control Point',(728.780789658,851.218775087,-299.986492766)) ;
#8484=CARTESIAN_POINT('Control Point',(728.178951379,851.820740451,-299.969094217)) ;
#8485=CARTESIAN_POINT('Control Point',(727.577356595,852.422619977,-299.942634933)) ;
#8486=CARTESIAN_POINT('Control Point',(727.231398512,852.768601486,-299.926155929)) ;
#8487=CARTESIAN_POINT('Control Point',(726.067618776,853.932381228,-299.853973236)) ;
#8488=CARTESIAN_POINT('Control Point',(724.905080559,855.094919435,-299.74777783)) ;
#8489=CARTESIAN_POINT('Control Point',(724.178758988,855.821241005,-299.668046896)) ;
#8490=CARTESIAN_POINT('Control Point',(718.639713448,861.360286597,-298.957331194)) ;
#8491=CARTESIAN_POINT('Control Point',(713.158097799,866.841901901,-297.465189378)) ;
#8492=CARTESIAN_POINT('Control Point',(708.493923065,871.506076478,-295.567913967)) ;
#8493=CARTESIAN_POINT('Control Point',(700.385284666,879.614715696,-291.007988683)) ;
#8494=CARTESIAN_POINT('Control Point',(693.129726648,886.870273065,-284.206444954)) ;
#8495=CARTESIAN_POINT('Control Point',(690.133884631,889.866114956,-280.722384493)) ;
#8496=CARTESIAN_POINT('Control Point',(685.114647425,894.885352939,-273.242899763)) ;
#8497=CARTESIAN_POINT('Control Point',(681.715136672,898.284863008,-264.147938971)) ;
#8498=CARTESIAN_POINT('Control Point',(680.57103367,899.42896633,-259.558523915)) ;
#8499=CARTESIAN_POINT('Control Point',(680.,900.,-254.779262159)) ;
#8500=CARTESIAN_POINT('Control Point',(680.,900.,-250.)) ;
#8512=CARTESIAN_POINT('Line Origine',(640.,900.,-250.)) ;
#8516=CARTESIAN_POINT('Vertex',(550.,900.,-250.)) ;
#8519=CARTESIAN_POINT('Axis2P3D Location',(550.,850.,-250.)) ;
#8523=CARTESIAN_POINT('Vertex',(550.,800.,-250.)) ;
#8526=CARTESIAN_POINT('Line Origine',(640.,800.,-250.)) ;
#8539=CARTESIAN_POINT('Axis2P3D Location',(550.,850.,-250.)) ;
#8556=CARTESIAN_POINT('Axis2P3D Location',(330.,850.,-50.)) ;
#8561=CARTESIAN_POINT('Line Origine',(380.,850.,-50.)) ;
#8565=CARTESIAN_POINT('Vertex',(380.,850.,0.)) ;
#8567=CARTESIAN_POINT('Vertex',(380.,850.,-100.)) ;
#8570=CARTESIAN_POINT('Axis2P3D Location',(330.,850.,0.)) ;
#8574=CARTESIAN_POINT('Vertex',(280.,850.,0.)) ;
#8577=CARTESIAN_POINT('Line Origine',(280.,850.,-50.)) ;
#8581=CARTESIAN_POINT('Vertex',(280.,850.,-100.)) ;
#8584=CARTESIAN_POINT('Axis2P3D Location',(330.,850.,-100.)) ;
#8596=CARTESIAN_POINT('Axis2P3D Location',(330.,850.,-50.)) ;
#8601=CARTESIAN_POINT('Axis2P3D Location',(330.,850.,0.)) ;
#8606=CARTESIAN_POINT('Axis2P3D Location',(330.,850.,-100.)) ;
#8620=CARTESIAN_POINT('Axis2P3D Location',(480.,900.,-100.)) ;
#8624=CARTESIAN_POINT('Vertex',(480.,900.,-250.)) ;
#8626=CARTESIAN_POINT('Vertex',(330.,900.,-100.)) ;
#8629=CARTESIAN_POINT('Axis2P3D Location',(480.,850.,-250.)) ;
#8633=CARTESIAN_POINT('Vertex',(480.,800.,-250.)) ;
#8636=CARTESIAN_POINT('Axis2P3D Location',(480.,800.,-100.)) ;
#8640=CARTESIAN_POINT('Vertex',(330.,800.,-100.)) ;
#8643=CARTESIAN_POINT('Axis2P3D Location',(330.,850.,-100.)) ;
#8655=CARTESIAN_POINT('Axis2P3D Location',(480.,850.,-250.)) ;
#8660=CARTESIAN_POINT('Axis2P3D Location',(330.,850.,-100.)) ;
#8674=CARTESIAN_POINT('Axis2P3D Location',(515.,850.,-250.)) ;
#8679=CARTESIAN_POINT('Line Origine',(515.,900.,-250.)) ;
#8683=CARTESIAN_POINT('Vertex',(550.,900.,-250.)) ;
#8685=CARTESIAN_POINT('Vertex',(480.,900.,-250.)) ;
#8688=CARTESIAN_POINT('Axis2P3D Location',(550.,850.,-250.)) ;
#8692=CARTESIAN_POINT('Vertex',(550.,800.,-250.)) ;
#8695=CARTESIAN_POINT('Line Origine',(515.,800.,-250.)) ;
#8699=CARTESIAN_POINT('Vertex',(480.,800.,-250.)) ;
#8702=CARTESIAN_POINT('Axis2P3D Location',(480.,850.,-250.)) ;
#8714=CARTESIAN_POINT('Axis2P3D Location',(550.,850.,-250.)) ;
#8719=CARTESIAN_POINT('Axis2P3D Location',(480.,850.,-250.)) ;
#8733=CARTESIAN_POINT('Axis2P3D Location',(730.,450.,-250.)) ;
#8738=CARTESIAN_POINT('Line Origine',(680.,450.,-250.)) ;
#8742=CARTESIAN_POINT('Vertex',(680.,650.,-250.)) ;
#8744=CARTESIAN_POINT('Vertex',(680.,250.,-250.)) ;
#8747=CARTESIAN_POINT('Axis2P3D Location',(730.,650.,-250.)) ;
#8751=CARTESIAN_POINT('Vertex',(780.,650.,-250.)) ;
#8754=CARTESIAN_POINT('Line Origine',(780.,450.,-250.)) ;
#8758=CARTESIAN_POINT('Vertex',(780.,250.,-250.)) ;
#8761=CARTESIAN_POINT('Axis2P3D Location',(730.,250.,-250.)) ;
#8773=CARTESIAN_POINT('Axis2P3D Location',(730.,650.,-250.)) ;
#8778=CARTESIAN_POINT('Axis2P3D Location',(730.,250.,-250.)) ;
#8792=CARTESIAN_POINT('Axis2P3D Location',(880.,250.,-250.)) ;
#8796=CARTESIAN_POINT('Vertex',(880.,50.,-250.)) ;
#8798=CARTESIAN_POINT('Vertex',(680.,250.,-250.)) ;
#8801=CARTESIAN_POINT('Axis2P3D Location',(880.,100.,-250.)) ;
#8805=CARTESIAN_POINT('Vertex',(880.,150.,-250.)) ;
#8808=CARTESIAN_POINT('Axis2P3D Location',(880.,250.,-250.)) ;
#8812=CARTESIAN_POINT('Vertex',(780.,250.,-250.)) ;
#8815=CARTESIAN_POINT('Axis2P3D Location',(730.,250.,-250.)) ;
#8827=CARTESIAN_POINT('Axis2P3D Location',(880.,100.,-250.)) ;
#8832=CARTESIAN_POINT('Axis2P3D Location',(730.,250.,-250.)) ;
#8846=CARTESIAN_POINT('Axis2P3D Location',(1150.,1250.,-250.)) ;
#8850=CARTESIAN_POINT('Vertex',(1150.,1450.,-250.)) ;
#8852=CARTESIAN_POINT('Vertex',(1350.,1250.,-250.)) ;
#8855=CARTESIAN_POINT('Axis2P3D Location',(1150.,1400.,-250.)) ;
#8859=CARTESIAN_POINT('Vertex',(1150.,1350.,-250.)) ;
#8862=CARTESIAN_POINT('Axis2P3D Location',(1150.,1250.,-250.)) ;
#8866=CARTESIAN_POINT('Vertex',(1250.,1250.,-250.)) ;
#8869=CARTESIAN_POINT('Axis2P3D Location',(1300.,1250.,-250.)) ;
#8881=CARTESIAN_POINT('Axis2P3D Location',(1150.,1400.,-250.)) ;
#8886=CARTESIAN_POINT('Axis2P3D Location',(1300.,1250.,-250.)) ;
#8900=CARTESIAN_POINT('Line Origine',(1015.,1450.,-250.)) ;
#8904=CARTESIAN_POINT('Vertex',(880.,1450.,-250.)) ;
#8906=CARTESIAN_POINT('Vertex',(1150.,1450.,-250.)) ;
#8909=CARTESIAN_POINT('Axis2P3D Location',(880.,1400.,-250.)) ;
#8913=CARTESIAN_POINT('Vertex',(880.,1350.,-250.)) ;
#8916=CARTESIAN_POINT('Line Origine',(1015.,1350.,-250.)) ;
#8920=CARTESIAN_POINT('Vertex',(1150.,1350.,-250.)) ;
#8923=CARTESIAN_POINT('Axis2P3D Location',(1150.,1400.,-250.)) ;
#8935=CARTESIAN_POINT('Axis2P3D Location',(880.,1400.,-250.)) ;
#8940=CARTESIAN_POINT('Axis2P3D Location',(1150.,1400.,-250.)) ;
#8954=CARTESIAN_POINT('Axis2P3D Location',(880.,1250.,-250.)) ;
#8958=CARTESIAN_POINT('Vertex',(680.,1250.,-250.)) ;
#8960=CARTESIAN_POINT('Vertex',(880.,1450.,-250.)) ;
#8963=CARTESIAN_POINT('Axis2P3D Location',(730.,1250.,-250.)) ;
#8967=CARTESIAN_POINT('Vertex',(780.,1250.,-250.)) ;
#8970=CARTESIAN_POINT('Axis2P3D Location',(880.,1250.,-250.)) ;
#8974=CARTESIAN_POINT('Vertex',(880.,1350.,-250.)) ;
#8977=CARTESIAN_POINT('Axis2P3D Location',(880.,1400.,-250.)) ;
#8989=CARTESIAN_POINT('Axis2P3D Location',(730.,1250.,-250.)) ;
#8994=CARTESIAN_POINT('Axis2P3D Location',(880.,1400.,-250.)) ;
#9008=CARTESIAN_POINT('Axis2P3D Location',(730.,1150.,-250.)) ;
#9013=CARTESIAN_POINT('Line Origine',(680.,1150.,-250.)) ;
#9017=CARTESIAN_POINT('Vertex',(680.,1050.,-250.)) ;
#9019=CARTESIAN_POINT('Vertex',(680.,1250.,-250.)) ;
#9022=CARTESIAN_POINT('Axis2P3D Location',(730.,1050.,-250.)) ;
#9026=CARTESIAN_POINT('Vertex',(780.,1050.,-250.)) ;
#9029=CARTESIAN_POINT('Line Origine',(780.,1150.,-250.)) ;
#9033=CARTESIAN_POINT('Vertex',(780.,1250.,-250.)) ;
#9036=CARTESIAN_POINT('Axis2P3D Location',(730.,1250.,-250.)) ;
#9048=CARTESIAN_POINT('Axis2P3D Location',(730.,1050.,-250.)) ;
#9053=CARTESIAN_POINT('Axis2P3D Location',(730.,1250.,-250.)) ;
#9067=CARTESIAN_POINT('Axis2P3D Location',(1150.,250.,-250.)) ;
#9071=CARTESIAN_POINT('Vertex',(1150.,150.,-250.)) ;
#9073=CARTESIAN_POINT('Vertex',(1250.,250.,-250.)) ;
#9076=CARTESIAN_POINT('Axis2P3D Location',(1150.,100.,-250.)) ;
#9080=CARTESIAN_POINT('Vertex',(1150.,50.,-250.)) ;
#9083=CARTESIAN_POINT('Axis2P3D Location',(1150.,250.,-250.)) ;
#9087=CARTESIAN_POINT('Vertex',(1350.,250.,-250.)) ;
#9090=CARTESIAN_POINT('Axis2P3D Location',(1300.,250.,-250.)) ;
#9102=CARTESIAN_POINT('Axis2P3D Location',(1150.,100.,-250.)) ;
#9107=CARTESIAN_POINT('Axis2P3D Location',(1300.,250.,-250.)) ;
#9121=CARTESIAN_POINT('Line Origine',(1015.,150.,-250.)) ;
#9125=CARTESIAN_POINT('Vertex',(1150.,150.,-250.)) ;
#9127=CARTESIAN_POINT('Vertex',(880.,150.,-250.)) ;
#9130=CARTESIAN_POINT('Axis2P3D Location',(1150.,100.,-250.)) ;
#9134=CARTESIAN_POINT('Vertex',(1150.,50.,-250.)) ;
#9137=CARTESIAN_POINT('Line Origine',(1015.,50.,-250.)) ;
#9141=CARTESIAN_POINT('Vertex',(880.,50.,-250.)) ;
#9144=CARTESIAN_POINT('Axis2P3D Location',(880.,100.,-250.)) ;
#9156=CARTESIAN_POINT('Axis2P3D Location',(1150.,100.,-250.)) ;
#9161=CARTESIAN_POINT('Axis2P3D Location',(880.,100.,-250.)) ;
#9175=CARTESIAN_POINT('Line Origine',(1225.,750.,-250.)) ;
#9179=CARTESIAN_POINT('Vertex',(1225.,850.,-250.)) ;
#9181=CARTESIAN_POINT('Vertex',(1225.,650.,-250.)) ;
#9184=CARTESIAN_POINT('Axis2P3D Location',(1300.,850.,-250.)) ;
#9188=CARTESIAN_POINT('Vertex',(1375.,850.,-250.)) ;
#9191=CARTESIAN_POINT('Line Origine',(1375.,750.,-250.)) ;
#9195=CARTESIAN_POINT('Vertex',(1375.,650.,-250.)) ;
#9198=CARTESIAN_POINT('Axis2P3D Location',(1300.,650.,-250.)) ;
#9210=CARTESIAN_POINT('Axis2P3D Location',(1300.,850.,-250.)) ;
#9215=CARTESIAN_POINT('Axis2P3D Location',(1300.,650.,-250.)) ;
#9229=CARTESIAN_POINT('Axis2P3D Location',(1300.,650.,-250.)) ;
#9233=CARTESIAN_POINT('Vertex',(1264.0430846,650.,-184.181307858)) ;
#9235=CARTESIAN_POINT('Vertex',(1335.9569154,650.,-315.818692142)) ;
#9238=CARTESIAN_POINT('Line Origine',(1270.03590384,450.,-195.151089882)) ;
#9242=CARTESIAN_POINT('Vertex',(1276.02872307,250.,-206.120871905)) ;
#9245=CARTESIAN_POINT('Axis2P3D Location',(1300.,250.,-250.)) ;
#9249=CARTESIAN_POINT('Vertex',(1323.97127693,250.,-293.879128095)) ;
#9252=CARTESIAN_POINT('Line Origine',(1329.96409616,450.,-304.848910118)) ;
#9264=CARTESIAN_POINT('Axis2P3D Location',(1300.,650.,-250.)) ;
#9269=CARTESIAN_POINT('Axis2P3D Location',(1300.,250.,-250.)) ;
#9283=CARTESIAN_POINT('Axis2P3D Location',(1300.,1250.,-250.)) ;
#9287=CARTESIAN_POINT('Vertex',(1276.02872307,1250.,-206.120871905)) ;
#9289=CARTESIAN_POINT('Vertex',(1323.97127693,1250.,-293.879128095)) ;
#9292=CARTESIAN_POINT('Line Origine',(1270.03590384,1050.,-195.151089882)) ;
#9296=CARTESIAN_POINT('Vertex',(1264.0430846,850.,-184.181307858)) ;
#9299=CARTESIAN_POINT('Axis2P3D Location',(1300.,850.,-250.)) ;
#9303=CARTESIAN_POINT('Vertex',(1335.9569154,850.,-315.818692142)) ;
#9306=CARTESIAN_POINT('Line Origine',(1329.96409616,1050.,-304.848910118)) ;
#9318=CARTESIAN_POINT('Axis2P3D Location',(1300.,1250.,-250.)) ;
#9323=CARTESIAN_POINT('Axis2P3D Location',(1300.,850.,-250.)) ;
#9342=CARTESIAN_POINT('NONE',(0.,0.,0.)) ;
#9343=CARTESIAN_POINT('NONE',(0.,0.,-2490.22817115)) ;
#9359=CARTESIAN_POINT('Axis2P3D Location',(1560.,600.,-300.)) ;
#9364=CARTESIAN_POINT('Line Origine',(1560.,670.,-300.)) ;
#9368=CARTESIAN_POINT('Vertex',(1550.,670.,-300.)) ;
#9370=CARTESIAN_POINT('Vertex',(1570.,670.,-300.)) ;
#9373=CARTESIAN_POINT('Axis2P3D Location',(1550.,600.,-300.)) ;
#9377=CARTESIAN_POINT('Vertex',(1550.,530.,-300.)) ;
#9380=CARTESIAN_POINT('Line Origine',(1560.,530.,-300.)) ;
#9384=CARTESIAN_POINT('Vertex',(1570.,530.,-300.)) ;
#9387=CARTESIAN_POINT('Axis2P3D Location',(1570.,600.,-300.)) ;
#9399=CARTESIAN_POINT('Axis2P3D Location',(1550.,600.,-300.)) ;
#9404=CARTESIAN_POINT('Axis2P3D Location',(1570.,600.,-300.)) ;
#9416=CARTESIAN_POINT('Axis2P3D Location',(1570.,0.,0.)) ;
#9425=CARTESIAN_POINT('Axis2P3D Location',(1570.,600.,-300.)) ;
#9429=CARTESIAN_POINT('Vertex',(1570.,545.,-300.)) ;
#9431=CARTESIAN_POINT('Vertex',(1570.,655.,-300.)) ;
#9434=CARTESIAN_POINT('Axis2P3D Location',(1570.,600.,-300.)) ;
#9443=CARTESIAN_POINT('Axis2P3D Location',(1570.,600.,-237.5)) ;
#9447=CARTESIAN_POINT('Vertex',(1570.,595.,-237.5)) ;
#9449=CARTESIAN_POINT('Vertex',(1570.,605.,-237.5)) ;
#9452=CARTESIAN_POINT('Axis2P3D Location',(1570.,600.,-237.5)) ;
#9461=CARTESIAN_POINT('Axis2P3D Location',(1570.,568.75,-245.873412263)) ;
#9465=CARTESIAN_POINT('Vertex',(1570.,564.419872981,-248.373412263)) ;
#9467=CARTESIAN_POINT('Vertex',(1570.,573.080127019,-243.373412263)) ;
#9470=CARTESIAN_POINT('Axis2P3D Location',(1570.,568.75,-245.873412263)) ;
#9479=CARTESIAN_POINT('Axis2P3D Location',(1570.,545.873412263,-268.75)) ;
#9483=CARTESIAN_POINT('Vertex',(1570.,543.373412263,-273.080127019)) ;
#9485=CARTESIAN_POINT('Vertex',(1570.,548.373412263,-264.419872981)) ;
#9488=CARTESIAN_POINT('Axis2P3D Location',(1570.,545.873412263,-268.75)) ;
#9497=CARTESIAN_POINT('Axis2P3D Location',(1570.,537.5,-300.)) ;
#9501=CARTESIAN_POINT('Vertex',(1570.,537.5,-305.)) ;
#9503=CARTESIAN_POINT('Vertex',(1570.,537.5,-295.)) ;
#9506=CARTESIAN_POINT('Axis2P3D Location',(1570.,537.5,-300.)) ;
#9515=CARTESIAN_POINT('Axis2P3D Location',(1570.,545.873412263,-331.25)) ;
#9519=CARTESIAN_POINT('Vertex',(1570.,548.373412263,-335.580127019)) ;
#9521=CARTESIAN_POINT('Vertex',(1570.,543.373412263,-326.919872981)) ;
#9524=CARTESIAN_POINT('Axis2P3D Location',(1570.,545.873412263,-331.25)) ;
#9533=CARTESIAN_POINT('Axis2P3D Location',(1570.,568.75,-354.126587737)) ;
#9537=CARTESIAN_POINT('Vertex',(1570.,573.080127019,-356.626587737)) ;
#9539=CARTESIAN_POINT('Vertex',(1570.,564.419872981,-351.626587737)) ;
#9542=CARTESIAN_POINT('Axis2P3D Location',(1570.,568.75,-354.126587737)) ;
#9551=CARTESIAN_POINT('Axis2P3D Location',(1570.,600.,-362.5)) ;
#9555=CARTESIAN_POINT('Vertex',(1570.,605.,-362.5)) ;
#9557=CARTESIAN_POINT('Vertex',(1570.,595.,-362.5)) ;
#9560=CARTESIAN_POINT('Axis2P3D Location',(1570.,600.,-362.5)) ;
#9569=CARTESIAN_POINT('Axis2P3D Location',(1570.,631.25,-354.126587737)) ;
#9573=CARTESIAN_POINT('Vertex',(1570.,635.580127019,-351.626587737)) ;
#9575=CARTESIAN_POINT('Vertex',(1570.,626.919872981,-356.626587737)) ;
#9578=CARTESIAN_POINT('Axis2P3D Location',(1570.,631.25,-354.126587737)) ;
#9587=CARTESIAN_POINT('Axis2P3D Location',(1570.,654.126587737,-331.25)) ;
#9591=CARTESIAN_POINT('Vertex',(1570.,656.626587737,-326.919872981)) ;
#9593=CARTESIAN_POINT('Vertex',(1570.,651.626587737,-335.580127019)) ;
#9596=CARTESIAN_POINT('Axis2P3D Location',(1570.,654.126587737,-331.25)) ;
#9605=CARTESIAN_POINT('Axis2P3D Location',(1570.,662.5,-300.)) ;
#9609=CARTESIAN_POINT('Vertex',(1570.,662.5,-295.)) ;
#9611=CARTESIAN_POINT('Vertex',(1570.,662.5,-305.)) ;
#9614=CARTESIAN_POINT('Axis2P3D Location',(1570.,662.5,-300.)) ;
#9623=CARTESIAN_POINT('Axis2P3D Location',(1570.,654.126587737,-268.75)) ;
#9627=CARTESIAN_POINT('Vertex',(1570.,651.626587737,-264.419872981)) ;
#9629=CARTESIAN_POINT('Vertex',(1570.,656.626587737,-273.080127019)) ;
#9632=CARTESIAN_POINT('Axis2P3D Location',(1570.,654.126587737,-268.75)) ;
#9641=CARTESIAN_POINT('Axis2P3D Location',(1570.,631.25,-245.873412263)) ;
#9645=CARTESIAN_POINT('Vertex',(1570.,626.919872981,-243.373412263)) ;
#9647=CARTESIAN_POINT('Vertex',(1570.,635.580127019,-248.373412263)) ;
#9650=CARTESIAN_POINT('Axis2P3D Location',(1570.,631.25,-245.873412263)) ;
#9660=CARTESIAN_POINT('Axis2P3D Location',(1560.,600.,-237.5)) ;
#9665=CARTESIAN_POINT('Line Origine',(1560.,605.,-237.5)) ;
#9669=CARTESIAN_POINT('Vertex',(1550.,605.,-237.5)) ;
#9672=CARTESIAN_POINT('Axis2P3D Location',(1550.,600.,-237.5)) ;
#9676=CARTESIAN_POINT('Vertex',(1550.,595.,-237.5)) ;
#9679=CARTESIAN_POINT('Line Origine',(1560.,595.,-237.5)) ;
#9691=CARTESIAN_POINT('Axis2P3D Location',(1550.,600.,-237.5)) ;
#9703=CARTESIAN_POINT('Axis2P3D Location',(1560.,568.75,-245.873412263)) ;
#9708=CARTESIAN_POINT('Line Origine',(1560.,573.080127019,-243.373412263)) ;
#9712=CARTESIAN_POINT('Vertex',(1550.,573.080127019,-243.373412263)) ;
#9715=CARTESIAN_POINT('Axis2P3D Location',(1550.,568.75,-245.873412263)) ;
#9719=CARTESIAN_POINT('Vertex',(1550.,564.419872981,-248.373412263)) ;
#9722=CARTESIAN_POINT('Line Origine',(1560.,564.419872981,-248.373412263)) ;
#9734=CARTESIAN_POINT('Axis2P3D Location',(1550.,568.75,-245.873412263)) ;
#9746=CARTESIAN_POINT('Axis2P3D Location',(1560.,545.873412263,-268.75)) ;
#9751=CARTESIAN_POINT('Line Origine',(1560.,548.373412263,-264.419872981)) ;
#9755=CARTESIAN_POINT('Vertex',(1550.,548.373412263,-264.419872981)) ;
#9758=CARTESIAN_POINT('Axis2P3D Location',(1550.,545.873412263,-268.75)) ;
#9762=CARTESIAN_POINT('Vertex',(1550.,543.373412263,-273.080127019)) ;
#9765=CARTESIAN_POINT('Line Origine',(1560.,543.373412263,-273.080127019)) ;
#9777=CARTESIAN_POINT('Axis2P3D Location',(1550.,545.873412263,-268.75)) ;
#9789=CARTESIAN_POINT('Axis2P3D Location',(1560.,537.5,-300.)) ;
#9794=CARTESIAN_POINT('Line Origine',(1560.,537.5,-295.)) ;
#9798=CARTESIAN_POINT('Vertex',(1550.,537.5,-295.)) ;
#9801=CARTESIAN_POINT('Axis2P3D Location',(1550.,537.5,-300.)) ;
#9805=CARTESIAN_POINT('Vertex',(1550.,537.5,-305.)) ;
#9808=CARTESIAN_POINT('Line Origine',(1560.,537.5,-305.)) ;
#9820=CARTESIAN_POINT('Axis2P3D Location',(1550.,537.5,-300.)) ;
#9832=CARTESIAN_POINT('Axis2P3D Location',(1560.,545.873412263,-331.25)) ;
#9837=CARTESIAN_POINT('Line Origine',(1560.,543.373412263,-326.919872981)) ;
#9841=CARTESIAN_POINT('Vertex',(1550.,543.373412263,-326.919872981)) ;
#9844=CARTESIAN_POINT('Axis2P3D Location',(1550.,545.873412263,-331.25)) ;
#9848=CARTESIAN_POINT('Vertex',(1550.,548.373412263,-335.580127019)) ;
#9851=CARTESIAN_POINT('Line Origine',(1560.,548.373412263,-335.580127019)) ;
#9863=CARTESIAN_POINT('Axis2P3D Location',(1550.,545.873412263,-331.25)) ;
#9875=CARTESIAN_POINT('Axis2P3D Location',(1560.,568.75,-354.126587737)) ;
#9880=CARTESIAN_POINT('Line Origine',(1560.,564.419872981,-351.626587737)) ;
#9884=CARTESIAN_POINT('Vertex',(1550.,564.419872981,-351.626587737)) ;
#9887=CARTESIAN_POINT('Axis2P3D Location',(1550.,568.75,-354.126587737)) ;
#9891=CARTESIAN_POINT('Vertex',(1550.,573.080127019,-356.626587737)) ;
#9894=CARTESIAN_POINT('Line Origine',(1560.,573.080127019,-356.626587737)) ;
#9906=CARTESIAN_POINT('Axis2P3D Location',(1550.,568.75,-354.126587737)) ;
#9918=CARTESIAN_POINT('Axis2P3D Location',(1560.,600.,-362.5)) ;
#9923=CARTESIAN_POINT('Line Origine',(1560.,595.,-362.5)) ;
#9927=CARTESIAN_POINT('Vertex',(1550.,595.,-362.5)) ;
#9930=CARTESIAN_POINT('Axis2P3D Location',(1550.,600.,-362.5)) ;
#9934=CARTESIAN_POINT('Vertex',(1550.,605.,-362.5)) ;
#9937=CARTESIAN_POINT('Line Origine',(1560.,605.,-362.5)) ;
#9949=CARTESIAN_POINT('Axis2P3D Location',(1550.,600.,-362.5)) ;
#9961=CARTESIAN_POINT('Axis2P3D Location',(1560.,631.25,-354.126587737)) ;
#9966=CARTESIAN_POINT('Line Origine',(1560.,626.919872981,-356.626587737)) ;
#9970=CARTESIAN_POINT('Vertex',(1550.,626.919872981,-356.626587737)) ;
#9973=CARTESIAN_POINT('Axis2P3D Location',(1550.,631.25,-354.126587737)) ;
#9977=CARTESIAN_POINT('Vertex',(1550.,635.580127019,-351.626587737)) ;
#9980=CARTESIAN_POINT('Line Origine',(1560.,635.580127019,-351.626587737)) ;
#9992=CARTESIAN_POINT('Axis2P3D Location',(1550.,631.25,-354.126587737)) ;
#10004=CARTESIAN_POINT('Axis2P3D Location',(1560.,654.126587737,-331.25)) ;
#10009=CARTESIAN_POINT('Line Origine',(1560.,651.626587737,-335.580127019)) ;
#10013=CARTESIAN_POINT('Vertex',(1550.,651.626587737,-335.580127019)) ;
#10016=CARTESIAN_POINT('Axis2P3D Location',(1550.,654.126587737,-331.25)) ;
#10020=CARTESIAN_POINT('Vertex',(1550.,656.626587737,-326.919872981)) ;
#10023=CARTESIAN_POINT('Line Origine',(1560.,656.626587737,-326.919872981)) ;
#10035=CARTESIAN_POINT('Axis2P3D Location',(1550.,654.126587737,-331.25)) ;
#10047=CARTESIAN_POINT('Axis2P3D Location',(1560.,662.5,-300.)) ;
#10052=CARTESIAN_POINT('Line Origine',(1560.,662.5,-305.)) ;
#10056=CARTESIAN_POINT('Vertex',(1550.,662.5,-305.)) ;
#10059=CARTESIAN_POINT('Axis2P3D Location',(1550.,662.5,-300.)) ;
#10063=CARTESIAN_POINT('Vertex',(1550.,662.5,-295.)) ;
#10066=CARTESIAN_POINT('Line Origine',(1560.,662.5,-295.)) ;
#10078=CARTESIAN_POINT('Axis2P3D Location',(1550.,662.5,-300.)) ;
#10090=CARTESIAN_POINT('Axis2P3D Location',(1560.,654.126587737,-268.75)) ;
#10095=CARTESIAN_POINT('Line Origine',(1560.,656.626587737,-273.080127019)) ;
#10099=CARTESIAN_POINT('Vertex',(1550.,656.626587737,-273.080127019)) ;
#10102=CARTESIAN_POINT('Axis2P3D Location',(1550.,654.126587737,-268.75)) ;
#10106=CARTESIAN_POINT('Vertex',(1550.,651.626587737,-264.419872981)) ;
#10109=CARTESIAN_POINT('Line Origine',(1560.,651.626587737,-264.419872981)) ;
#10121=CARTESIAN_POINT('Axis2P3D Location',(1550.,654.126587737,-268.75)) ;
#10133=CARTESIAN_POINT('Axis2P3D Location',(1560.,631.25,-245.873412263)) ;
#10138=CARTESIAN_POINT('Line Origine',(1560.,635.580127019,-248.373412263)) ;
#10142=CARTESIAN_POINT('Vertex',(1550.,635.580127019,-248.373412263)) ;
#10145=CARTESIAN_POINT('Axis2P3D Location',(1550.,631.25,-245.873412263)) ;
#10149=CARTESIAN_POINT('Vertex',(1550.,626.919872981,-243.373412263)) ;
#10152=CARTESIAN_POINT('Line Origine',(1560.,626.919872981,-243.373412263)) ;
#10164=CARTESIAN_POINT('Axis2P3D Location',(1550.,631.25,-245.873412263)) ;
#10176=CARTESIAN_POINT('Axis2P3D Location',(1500.,0.,-2880.45617115)) ;
#10181=CARTESIAN_POINT('Axis2P3D Location',(2000.,600.,-2880.45617115)) ;
#10185=CARTESIAN_POINT('Vertex',(2000.,650.,-2880.45617115)) ;
#10187=CARTESIAN_POINT('Vertex',(2000.,550.,-2880.45617115)) ;
#10190=CARTESIAN_POINT('Axis2P3D Location',(2000.,600.,-2880.45617115)) ;
#10200=CARTESIAN_POINT('Axis2P3D Location',(2000.,600.,-1675.)) ;
#10205=CARTESIAN_POINT('Line Origine',(2000.,650.,-1675.)) ;
#10209=CARTESIAN_POINT('Vertex',(2000.,650.,-450.)) ;
#10212=CARTESIAN_POINT('Axis2P3D Location',(2000.,600.,-450.)) ;
#10216=CARTESIAN_POINT('Vertex',(2000.,550.,-450.)) ;
#10219=CARTESIAN_POINT('Line Origine',(2000.,550.,-1675.)) ;
#10231=CARTESIAN_POINT('Axis2P3D Location',(2000.,600.,-450.)) ;
#10243=CARTESIAN_POINT('Axis2P3D Location',(1850.,600.,-450.)) ;
#10248=CARTESIAN_POINT('Axis2P3D Location',(1850.,650.,-450.)) ;
#10252=CARTESIAN_POINT('Vertex',(1850.,650.,-300.)) ;
#10255=CARTESIAN_POINT('Axis2P3D Location',(1850.,600.,-300.)) ;
#10259=CARTESIAN_POINT('Vertex',(1850.,550.,-300.)) ;
#10262=CARTESIAN_POINT('Axis2P3D Location',(1850.,550.,-450.)) ;
#10274=CARTESIAN_POINT('Axis2P3D Location',(1850.,600.,-300.)) ;
#10286=CARTESIAN_POINT('Axis2P3D Location',(1700.,600.,-300.)) ;
#10291=CARTESIAN_POINT('Line Origine',(1700.,650.,-300.)) ;
#10295=CARTESIAN_POINT('Vertex',(1550.,650.,-300.)) ;
#10298=CARTESIAN_POINT('Axis2P3D Location',(1550.,600.,-300.)) ;
#10302=CARTESIAN_POINT('Vertex',(1550.,550.,-300.)) ;
#10305=CARTESIAN_POINT('Line Origine',(1700.,550.,-300.)) ;
#10317=CARTESIAN_POINT('Axis2P3D Location',(1550.,600.,-300.)) ;
#10329=CARTESIAN_POINT('Axis2P3D Location',(1850.,600.,-450.)) ;
#10334=CARTESIAN_POINT('Axis2P3D Location',(1850.,545.,-450.)) ;
#10338=CARTESIAN_POINT('Vertex',(1850.,545.,-300.)) ;
#10340=CARTESIAN_POINT('Vertex',(2000.,545.,-450.)) ;
#10343=CARTESIAN_POINT('Axis2P3D Location',(1850.,600.,-300.)) ;
#10347=CARTESIAN_POINT('Vertex',(1850.,655.,-300.)) ;
#10350=CARTESIAN_POINT('Axis2P3D Location',(1850.,655.,-450.)) ;
#10354=CARTESIAN_POINT('Vertex',(2000.,655.,-450.)) ;
#10357=CARTESIAN_POINT('Axis2P3D Location',(2000.,600.,-450.)) ;
#10369=CARTESIAN_POINT('Axis2P3D Location',(2000.,600.,-450.)) ;
#10374=CARTESIAN_POINT('Axis2P3D Location',(1850.,600.,-300.)) ;
#10386=CARTESIAN_POINT('Axis2P3D Location',(1700.,600.,-300.)) ;
#10391=CARTESIAN_POINT('Line Origine',(1700.,655.,-300.)) ;
#10396=CARTESIAN_POINT('Line Origine',(1700.,545.,-300.)) ;
#10408=CARTESIAN_POINT('Axis2P3D Location',(2000.,600.,-1675.)) ;
#10413=CARTESIAN_POINT('Line Origine',(2000.,545.,-1675.)) ;
#10417=CARTESIAN_POINT('Vertex',(2000.,545.,-2880.45617115)) ;
#10420=CARTESIAN_POINT('Line Origine',(2000.,655.,-1675.)) ;
#10424=CARTESIAN_POINT('Vertex',(2000.,655.,-2880.45617115)) ;
#10427=CARTESIAN_POINT('Axis2P3D Location',(2000.,600.,-2880.45617115)) ;
#10439=CARTESIAN_POINT('Axis2P3D Location',(2000.,600.,-2880.45617115)) ;
#10458=CARTESIAN_POINT('Line Origine',(1500.,850.,-2880.45617115)) ;
#10462=CARTESIAN_POINT('Vertex',(1500.,0.,-2880.45617115)) ;
#10464=CARTESIAN_POINT('Vertex',(1500.,1700.,-2880.45617115)) ;
#10467=CARTESIAN_POINT('Line Origine',(1950.,0.,-2880.45617115)) ;
#10471=CARTESIAN_POINT('Vertex',(2400.,0.,-2880.45617115)) ;
#10474=CARTESIAN_POINT('Line Origine',(2400.,850.,-2880.45617115)) ;
#10478=CARTESIAN_POINT('Vertex',(2400.,1700.,-2880.45617115)) ;
#10481=CARTESIAN_POINT('Line Origine',(1950.,1700.,-2880.45617115)) ;
#10497=CARTESIAN_POINT('Axis2P3D Location',(1500.,0.,-2880.45617115)) ;
#10502=CARTESIAN_POINT('Line Origine',(1500.,850.,2000.)) ;
#10506=CARTESIAN_POINT('Vertex',(1500.,0.,2000.)) ;
#10508=CARTESIAN_POINT('Vertex',(1500.,1700.,2000.)) ;
#10511=CARTESIAN_POINT('Line Origine',(1500.,0.,2050.)) ;
#10515=CARTESIAN_POINT('Vertex',(1500.,0.,2100.)) ;
#10518=CARTESIAN_POINT('Line Origine',(1500.,900.,2100.)) ;
#10522=CARTESIAN_POINT('Vertex',(1500.,1800.,2100.)) ;
#10525=CARTESIAN_POINT('Line Origine',(1500.,1800.,-440.228085577)) ;
#10529=CARTESIAN_POINT('Vertex',(1500.,1800.,-2980.45617115)) ;
#10532=CARTESIAN_POINT('Line Origine',(1500.,900.,-2980.45617115)) ;
#10536=CARTESIAN_POINT('Vertex',(1500.,0.,-2980.45617115)) ;
#10539=CARTESIAN_POINT('Line Origine',(1500.,0.,-2930.45617115)) ;
#10544=CARTESIAN_POINT('Line Origine',(1500.,1700.,-440.228085577)) ;
#10560=CARTESIAN_POINT('Axis2P3D Location',(0.,0.,0.)) ;
#10565=CARTESIAN_POINT('Line Origine',(1950.,0.,2000.)) ;
#10569=CARTESIAN_POINT('Vertex',(2400.,0.,2000.)) ;
#10572=CARTESIAN_POINT('Line Origine',(2400.,0.,-440.228085577)) ;
#10577=CARTESIAN_POINT('Line Origine',(2000.,0.,-2980.45617115)) ;
#10581=CARTESIAN_POINT('Vertex',(2500.,0.,-2980.45617115)) ;
#10584=CARTESIAN_POINT('Line Origine',(2500.,0.,-440.228085577)) ;
#10588=CARTESIAN_POINT('Vertex',(2500.,0.,2100.)) ;
#10591=CARTESIAN_POINT('Line Origine',(2000.,0.,2100.)) ;
#10607=CARTESIAN_POINT('Axis2P3D Location',(2400.,0.,-2880.45617115)) ;
#10612=CARTESIAN_POINT('Line Origine',(2400.,850.,2000.)) ;
#10616=CARTESIAN_POINT('Vertex',(2400.,1700.,2000.)) ;
#10619=CARTESIAN_POINT('Line Origine',(2400.,1700.,-440.228085577)) ;
#10631=CARTESIAN_POINT('Axis2P3D Location',(0.,1700.,0.)) ;
#10636=CARTESIAN_POINT('Line Origine',(1950.,1700.,2000.)) ;
#10648=CARTESIAN_POINT('Axis2P3D Location',(2500.,0.,-2980.45617115)) ;
#10653=CARTESIAN_POINT('Line Origine',(2500.,900.,-2980.45617115)) ;
#10657=CARTESIAN_POINT('Vertex',(2500.,1800.,-2980.45617115)) ;
#10660=CARTESIAN_POINT('Line Origine',(2000.,1800.,-2980.45617115)) ;
#10672=CARTESIAN_POINT('Axis2P3D Location',(0.,1800.,0.)) ;
#10677=CARTESIAN_POINT('Line Origine',(2000.,1800.,2100.)) ;
#10681=CARTESIAN_POINT('Vertex',(2500.,1800.,2100.)) ;
#10684=CARTESIAN_POINT('Line Origine',(2500.,1800.,-440.228085577)) ;
#10696=CARTESIAN_POINT('Axis2P3D Location',(1500.,0.,2100.)) ;
#10701=CARTESIAN_POINT('Line Origine',(2500.,900.,2100.)) ;
#10713=CARTESIAN_POINT('Axis2P3D Location',(2400.,0.,2000.)) ;
#10725=CARTESIAN_POINT('Axis2P3D Location',(2500.,0.,2100.)) ;
#10737=CARTESIAN_POINT('Axis2P3D Location',(1550.,616.666666667,-300.)) ;
#10804=CARTESIAN_POINT('Axis2P3D Location',(1550.,600.,-300.)) ;
#10816=CARTESIAN_POINT('Axis2P3D Location',(1550.,600.,-300.)) ;
#10842=CARTESIAN_POINT('Line Origine',(2000.,650.,-1675.)) ;
#10846=CARTESIAN_POINT('Vertex',(2000.,650.,-2900.)) ;
#10849=CARTESIAN_POINT('Line Origine',(2000.,550.,-1675.)) ;
#10853=CARTESIAN_POINT('Vertex',(2000.,550.,-2900.)) ;
#10856=CARTESIAN_POINT('Axis2P3D Location',(2000.,600.,-2900.)) ;
#10868=CARTESIAN_POINT('Axis2P3D Location',(2000.,600.,-2900.)) ;
#10889=CARTESIAN_POINT('NONE',(0.,0.,0.)) ;
#10890=CARTESIAN_POINT('NONE',(0.,0.,0.)) ;
#64=DIRECTION('Axis2P3D Direction',(1.,0.,0.)) ;
#65=DIRECTION('Axis2P3D XDirection',(0.,1.,0.)) ;
#69=DIRECTION('Axis2P3D Direction',(1.,0.,0.)) ;
#78=DIRECTION('Vector Direction',(1.,0.,0.)) ;
#85=DIRECTION('Axis2P3D Direction',(1.,0.,0.)) ;
#92=DIRECTION('Vector Direction',(1.,0.,0.)) ;
#104=DIRECTION('Axis2P3D Direction',(1.,0.,0.)) ;
#109=DIRECTION('Axis2P3D Direction',(1.,0.,0.)) ;
#121=DIRECTION('Axis2P3D Direction',(1.,0.,0.)) ;
#122=DIRECTION('Axis2P3D XDirection',(0.,1.,0.)) ;
#130=DIRECTION('Axis2P3D Direction',(1.,0.,0.)) ;
#139=DIRECTION('Axis2P3D Direction',(1.,0.,0.)) ;
#148=DIRECTION('Axis2P3D Direction',(1.,0.,0.)) ;
#157=DIRECTION('Axis2P3D Direction',(1.,0.,0.)) ;
#166=DIRECTION('Axis2P3D Direction',(1.,0.,0.)) ;
#175=DIRECTION('Axis2P3D Direction',(1.,0.,0.)) ;
#184=DIRECTION('Axis2P3D Direction',(1.,0.,0.)) ;
#193=DIRECTION('Axis2P3D Direction',(1.,0.,0.)) ;
#202=DIRECTION('Axis2P3D Direction',(1.,0.,0.)) ;
#211=DIRECTION('Axis2P3D Direction',(1.,0.,0.)) ;
#220=DIRECTION('Axis2P3D Direction',(1.,0.,0.)) ;
#229=DIRECTION('Axis2P3D Direction',(1.,0.,0.)) ;
#238=DIRECTION('Axis2P3D Direction',(1.,0.,0.)) ;
#247=DIRECTION('Axis2P3D Direction',(1.,0.,0.)) ;
#256=DIRECTION('Axis2P3D Direction',(1.,0.,0.)) ;
#265=DIRECTION('Axis2P3D Direction',(1.,0.,0.)) ;
#274=DIRECTION('Axis2P3D Direction',(1.,0.,0.)) ;
#283=DIRECTION('Axis2P3D Direction',(1.,0.,0.)) ;
#292=DIRECTION('Axis2P3D Direction',(1.,0.,0.)) ;
#301=DIRECTION('Axis2P3D Direction',(1.,0.,0.)) ;
#310=DIRECTION('Axis2P3D Direction',(1.,0.,0.)) ;
#319=DIRECTION('Axis2P3D Direction',(1.,0.,0.)) ;
#328=DIRECTION('Axis2P3D Direction',(1.,0.,0.)) ;
#337=DIRECTION('Axis2P3D Direction',(1.,0.,0.)) ;
#346=DIRECTION('Axis2P3D Direction',(1.,0.,0.)) ;
#355=DIRECTION('Axis2P3D Direction',(1.,0.,0.)) ;
#365=DIRECTION('Axis2P3D Direction',(1.,0.,0.)) ;
#366=DIRECTION('Axis2P3D XDirection',(0.,1.,0.)) ;
#370=DIRECTION('Vector Direction',(1.,0.,0.)) ;
#377=DIRECTION('Axis2P3D Direction',(1.,0.,0.)) ;
#384=DIRECTION('Vector Direction',(1.,0.,0.)) ;
#396=DIRECTION('Axis2P3D Direction',(1.,0.,0.)) ;
#408=DIRECTION('Axis2P3D Direction',(1.,0.,0.)) ;
#409=DIRECTION('Axis2P3D XDirection',(0.,0.866025403784,0.5)) ;
#413=DIRECTION('Vector Direction',(1.,0.,0.)) ;
#420=DIRECTION('Axis2P3D Direction',(1.,0.,0.)) ;
#427=DIRECTION('Vector Direction',(1.,0.,0.)) ;
#439=DIRECTION('Axis2P3D Direction',(1.,0.,0.)) ;
#451=DIRECTION('Axis2P3D Direction',(1.,0.,0.)) ;
#452=DIRECTION('Axis2P3D XDirection',(0.,0.5,0.866025403784)) ;
#456=DIRECTION('Vector Direction',(1.,0.,0.)) ;
#463=DIRECTION('Axis2P3D Direction',(1.,0.,0.)) ;
#470=DIRECTION('Vector Direction',(1.,0.,0.)) ;
#482=DIRECTION('Axis2P3D Direction',(1.,0.,0.)) ;
#494=DIRECTION('Axis2P3D Direction',(1.,0.,0.)) ;
#495=DIRECTION('Axis2P3D XDirection',(0.,6.12303176911E-017,1.)) ;
#499=DIRECTION('Vector Direction',(1.,0.,0.)) ;
#506=DIRECTION('Axis2P3D Direction',(1.,0.,0.)) ;
#513=DIRECTION('Vector Direction',(1.,0.,0.)) ;
#525=DIRECTION('Axis2P3D Direction',(1.,0.,0.)) ;
#537=DIRECTION('Axis2P3D Direction',(1.,0.,0.)) ;
#538=DIRECTION('Axis2P3D XDirection',(0.,-0.5,0.866025403784)) ;
#542=DIRECTION('Vector Direction',(1.,0.,0.)) ;
#549=DIRECTION('Axis2P3D Direction',(1.,0.,0.)) ;
#556=DIRECTION('Vector Direction',(1.,0.,0.)) ;
#568=DIRECTION('Axis2P3D Direction',(1.,0.,0.)) ;
#580=DIRECTION('Axis2P3D Direction',(1.,0.,0.)) ;
#581=DIRECTION('Axis2P3D XDirection',(0.,-0.866025403784,0.5)) ;
#585=DIRECTION('Vector Direction',(1.,0.,0.)) ;
#592=DIRECTION('Axis2P3D Direction',(1.,0.,0.)) ;
#599=DIRECTION('Vector Direction',(1.,0.,0.)) ;
#611=DIRECTION('Axis2P3D Direction',(1.,0.,0.)) ;
#623=DIRECTION('Axis2P3D Direction',(1.,0.,0.)) ;
#624=DIRECTION('Axis2P3D XDirection',(0.,-1.,1.22460635382E-016)) ;
#628=DIRECTION('Vector Direction',(1.,0.,0.)) ;
#635=DIRECTION('Axis2P3D Direction',(1.,0.,0.)) ;
#642=DIRECTION('Vector Direction',(1.,0.,0.)) ;
#654=DIRECTION('Axis2P3D Direction',(1.,0.,0.)) ;
#666=DIRECTION('Axis2P3D Direction',(1.,0.,0.)) ;
#667=DIRECTION('Axis2P3D XDirection',(-0.,-0.866025403784,-0.5)) ;
#671=DIRECTION('Vector Direction',(1.,0.,0.)) ;
#678=DIRECTION('Axis2P3D Direction',(1.,0.,0.)) ;
#685=DIRECTION('Vector Direction',(1.,0.,0.)) ;
#697=DIRECTION('Axis2P3D Direction',(1.,0.,0.)) ;
#709=DIRECTION('Axis2P3D Direction',(1.,0.,0.)) ;
#710=DIRECTION('Axis2P3D XDirection',(-0.,-0.5,-0.866025403784)) ;
#714=DIRECTION('Vector Direction',(1.,0.,0.)) ;
#721=DIRECTION('Axis2P3D Direction',(1.,0.,0.)) ;
#728=DIRECTION('Vector Direction',(1.,0.,0.)) ;
#740=DIRECTION('Axis2P3D Direction',(1.,0.,0.)) ;
#752=DIRECTION('Axis2P3D Direction',(1.,0.,0.)) ;
#753=DIRECTION('Axis2P3D XDirection',(-0.,-1.83690953073E-016,-1.)) ;
#757=DIRECTION('Vector Direction',(1.,0.,0.)) ;
#764=DIRECTION('Axis2P3D Direction',(1.,0.,0.)) ;
#771=DIRECTION('Vector Direction',(1.,0.,0.)) ;
#783=DIRECTION('Axis2P3D Direction',(1.,0.,0.)) ;
#795=DIRECTION('Axis2P3D Direction',(1.,0.,0.)) ;
#796=DIRECTION('Axis2P3D XDirection',(0.,0.5,-0.866025403784)) ;
#800=DIRECTION('Vector Direction',(1.,0.,0.)) ;
#807=DIRECTION('Axis2P3D Direction',(1.,0.,0.)) ;
#814=DIRECTION('Vector Direction',(1.,0.,0.)) ;
#826=DIRECTION('Axis2P3D Direction',(1.,0.,0.)) ;
#838=DIRECTION('Axis2P3D Direction',(1.,0.,0.)) ;
#839=DIRECTION('Axis2P3D XDirection',(0.,0.866025403784,-0.5)) ;
#843=DIRECTION('Vector Direction',(1.,0.,0.)) ;
#850=DIRECTION('Axis2P3D Direction',(1.,0.,0.)) ;
#857=DIRECTION('Vector Direction',(1.,0.,0.)) ;
#869=DIRECTION('Axis2P3D Direction',(1.,0.,0.)) ;
#881=DIRECTION('Axis2P3D Direction',(1.,0.,-0.)) ;
#882=DIRECTION('Axis2P3D XDirection',(0.,0.,1.)) ;
#886=DIRECTION('Vector Direction',(0.,-1.,0.)) ;
#895=DIRECTION('Vector Direction',(0.,0.,1.)) ;
#902=DIRECTION('Vector Direction',(0.,-1.,0.)) ;
#909=DIRECTION('Vector Direction',(0.,0.,1.)) ;
#921=DIRECTION('Axis2P3D Direction',(0.,0.,1.)) ;
#922=DIRECTION('Axis2P3D XDirection',(-1.,0.,0.)) ;
#926=DIRECTION('Axis2P3D Direction',(0.,0.,1.)) ;
#935=DIRECTION('Axis2P3D Direction',(0.,0.,1.)) ;
#942=DIRECTION('Axis2P3D Direction',(0.,0.,1.)) ;
#949=DIRECTION('Vector Direction',(0.,-1.,0.)) ;
#956=DIRECTION('Vector Direction',(-1.,0.,0.)) ;
#961=DIRECTION('Vector Direction',(-1.,0.,0.)) ;
#976=DIRECTION('Axis2P3D Direction',(0.,1.,-0.)) ;
#977=DIRECTION('Axis2P3D XDirection',(-1.,0.,0.)) ;
#981=DIRECTION('Vector Direction',(-1.,0.,0.)) ;
#990=DIRECTION('Vector Direction',(0.,0.,1.)) ;
#997=DIRECTION('Vector Direction',(-1.,0.,0.)) ;
#1004=DIRECTION('Vector Direction',(0.,0.,1.)) ;
#1011=DIRECTION('Vector Direction',(1.,0.,0.)) ;
#1018=DIRECTION('Vector Direction',(0.,0.,1.)) ;
#1025=DIRECTION('Vector Direction',(-1.,0.,0.)) ;
#1032=DIRECTION('Vector Direction',(0.,0.,1.)) ;
#1047=DIRECTION('Vector Direction',(0.,0.,-1.)) ;
#1054=DIRECTION('Vector Direction',(1.,0.,0.)) ;
#1066=DIRECTION('Axis2P3D Direction',(0.,0.,-1.)) ;
#1067=DIRECTION('Axis2P3D XDirection',(1.,0.,0.)) ;
#1071=DIRECTION('Vector Direction',(1.,0.,0.)) ;
#1078=DIRECTION('Vector Direction',(0.,-1.,0.)) ;
#1085=DIRECTION('Axis2P3D Direction',(0.,0.,-1.)) ;
#1092=DIRECTION('Axis2P3D Direction',(0.,0.,-1.)) ;
#1099=DIRECTION('Axis2P3D Direction',(0.,0.,-1.)) ;
#1114=DIRECTION('Axis2P3D Direction',(-0.,-1.,0.)) ;
#1115=DIRECTION('Axis2P3D XDirection',(1.,-0.,0.)) ;
#1119=DIRECTION('Vector Direction',(0.,0.,1.)) ;
#1131=DIRECTION('Axis2P3D Direction',(-1.,-0.,0.)) ;
#1132=DIRECTION('Axis2P3D XDirection',(0.,-0.,-1.)) ;
#1136=DIRECTION('Vector Direction',(0.,0.,-1.)) ;
#1148=DIRECTION('Axis2P3D Direction',(0.,0.,-1.)) ;
#1149=DIRECTION('Axis2P3D XDirection',(1.,0.,0.)) ;
#1153=DIRECTION('Vector Direction',(0.,0.,-1.)) ;
#1165=DIRECTION('Vector Direction',(0.,0.,-1.)) ;
#1184=DIRECTION('Axis2P3D Direction',(1.,0.,0.)) ;
#1185=DIRECTION('Axis2P3D XDirection',(0.,1.,0.)) ;
#1189=DIRECTION('Vector Direction',(0.,1.,0.)) ;
#1196=DIRECTION('Vector Direction',(0.,1.,0.)) ;
#1203=DIRECTION('Vector Direction',(0.,0.,1.)) ;
#1210=DIRECTION('Vector Direction',(0.,1.,0.)) ;
#1217=DIRECTION('Vector Direction',(0.,0.,1.)) ;
#1224=DIRECTION('Vector Direction',(0.,1.,0.)) ;
#1231=DIRECTION('Vector Direction',(0.,0.,1.)) ;
#1238=DIRECTION('Vector Direction',(0.,1.,0.)) ;
#1245=DIRECTION('Vector Direction',(0.,0.,1.)) ;
#1252=DIRECTION('Vector Direction',(0.,1.,0.)) ;
#1259=DIRECTION('Vector Direction',(0.,0.,1.)) ;
#1278=DIRECTION('Vector Direction',(0.,0.,1.)) ;
#1287=DIRECTION('Vector Direction',(0.,1.,0.)) ;
#1294=DIRECTION('Vector Direction',(0.,0.,-1.)) ;
#1301=DIRECTION('Vector Direction',(0.,-1.,0.)) ;
#1313=DIRECTION('Axis2P3D Direction',(0.,0.,1.)) ;
#1314=DIRECTION('Axis2P3D XDirection',(1.,0.,0.)) ;
#1318=DIRECTION('Vector Direction',(0.,1.,0.)) ;
#1325=DIRECTION('Vector Direction',(-1.,0.,0.)) ;
#1332=DIRECTION('Vector Direction',(0.,-1.,0.)) ;
#1337=DIRECTION('Vector Direction',(0.,-1.,0.)) ;
#1344=DIRECTION('Vector Direction',(1.,0.,0.)) ;
#1349=DIRECTION('Vector Direction',(-1.,0.,0.)) ;
#1356=DIRECTION('Vector Direction',(0.,1.,0.)) ;
#1363=DIRECTION('Vector Direction',(1.,0.,0.)) ;
#1382=DIRECTION('Vector Direction',(0.,1.,0.)) ;
#1391=DIRECTION('Vector Direction',(-1.,0.,0.)) ;
#1398=DIRECTION('Vector Direction',(0.,-1.,0.)) ;
#1405=DIRECTION('Vector Direction',(1.,0.,0.)) ;
#1417=DIRECTION('Axis2P3D Direction',(1.,0.,0.)) ;
#1418=DIRECTION('Axis2P3D XDirection',(0.,1.,0.)) ;
#1422=DIRECTION('Vector Direction',(0.,0.,1.)) ;
#1429=DIRECTION('Vector Direction',(0.,1.,0.)) ;
#1441=DIRECTION('Axis2P3D Direction',(0.,0.,1.)) ;
#1442=DIRECTION('Axis2P3D XDirection',(1.,0.,0.)) ;
#1446=DIRECTION('Vector Direction',(0.,-1.,0.)) ;
#1453=DIRECTION('Vector Direction',(-1.,0.,0.)) ;
#1465=DIRECTION('Axis2P3D Direction',(-1.,0.,0.)) ;
#1466=DIRECTION('Axis2P3D XDirection',(0.,-1.,0.)) ;
#1470=DIRECTION('Vector Direction',(0.,0.,1.)) ;
#1482=DIRECTION('Axis2P3D Direction',(-1.,0.,0.)) ;
#1483=DIRECTION('Axis2P3D XDirection',(0.,-1.,0.)) ;
#1487=DIRECTION('Vector Direction',(0.,1.,0.)) ;
#1494=DIRECTION('Vector Direction',(0.,0.,1.)) ;
#1506=DIRECTION('Axis2P3D Direction',(0.,0.,1.)) ;
#1507=DIRECTION('Axis2P3D XDirection',(1.,0.,0.)) ;
#1511=DIRECTION('Vector Direction',(1.,0.,0.)) ;
#1523=DIRECTION('Axis2P3D Direction',(0.,-1.,0.)) ;
#1524=DIRECTION('Axis2P3D XDirection',(1.,0.,0.)) ;
#1528=DIRECTION('Vector Direction',(0.,0.,-1.)) ;
#1537=DIRECTION('Vector Direction',(1.,0.,0.)) ;
#1544=DIRECTION('Vector Direction',(0.,0.,1.)) ;
#1551=DIRECTION('Vector Direction',(1.,0.,0.)) ;
#1558=DIRECTION('Vector Direction',(0.,0.,1.)) ;
#1565=DIRECTION('Vector Direction',(-1.,0.,0.)) ;
#1585=DIRECTION('Axis2P3D Direction',(0.,1.,-0.)) ;
#1586=DIRECTION('Axis2P3D XDirection',(-1.,0.,0.)) ;
#1590=DIRECTION('Vector Direction',(0.,0.,1.)) ;
#1597=DIRECTION('Vector Direction',(-1.,0.,0.)) ;
#1609=DIRECTION('Axis2P3D Direction',(0.,0.,1.)) ;
#1610=DIRECTION('Axis2P3D XDirection',(1.,0.,0.)) ;
#1614=DIRECTION('Vector Direction',(1.,0.,0.)) ;
#1621=DIRECTION('Vector Direction',(0.,1.,0.)) ;
#1626=DIRECTION('Vector Direction',(-1.,0.,0.)) ;
#1633=DIRECTION('Vector Direction',(0.,-1.,0.)) ;
#1640=DIRECTION('Vector Direction',(1.,0.,0.)) ;
#1656=DIRECTION('Axis2P3D Direction',(0.,1.,-0.)) ;
#1657=DIRECTION('Axis2P3D XDirection',(-1.,0.,0.)) ;
#1661=DIRECTION('Vector Direction',(0.,0.,1.)) ;
#1668=DIRECTION('Vector Direction',(-1.,0.,0.)) ;
#1680=DIRECTION('Axis2P3D Direction',(0.,0.,1.)) ;
#1681=DIRECTION('Axis2P3D XDirection',(1.,0.,0.)) ;
#1685=DIRECTION('Vector Direction',(0.,-1.,0.)) ;
#1692=DIRECTION('Vector Direction',(1.,0.,0.)) ;
#1703=DIRECTION('Axis2P3D Direction',(0.,0.,1.)) ;
#1712=DIRECTION('Axis2P3D Direction',(0.,0.,1.)) ;
#1722=DIRECTION('Axis2P3D Direction',(0.,-1.,0.)) ;
#1723=DIRECTION('Axis2P3D XDirection',(1.,0.,0.)) ;
#1727=DIRECTION('Vector Direction',(0.,0.,1.)) ;
#1739=DIRECTION('Axis2P3D Direction',(0.,-1.,0.)) ;
#1740=DIRECTION('Axis2P3D XDirection',(1.,0.,0.)) ;
#1744=DIRECTION('Vector Direction',(0.,0.,1.)) ;
#1756=DIRECTION('Axis2P3D Direction',(-0.,-0.,-1.)) ;
#1757=DIRECTION('Axis2P3D XDirection',(0.,-1.,0.)) ;
#1761=DIRECTION('Vector Direction',(-1.,0.,0.)) ;
#1768=DIRECTION('Vector Direction',(-1.,0.,0.)) ;
#1775=DIRECTION('Vector Direction',(0.,-1.,0.)) ;
#1787=DIRECTION('Axis2P3D Direction',(-0.,1.,0.)) ;
#1788=DIRECTION('Axis2P3D XDirection',(1.,0.,0.)) ;
#1792=DIRECTION('Vector Direction',(-1.,0.,0.)) ;
#1799=DIRECTION('Vector Direction',(0.,0.,-1.)) ;
#1811=DIRECTION('Axis2P3D Direction',(0.,-0.,1.)) ;
#1812=DIRECTION('Axis2P3D XDirection',(0.,1.,0.)) ;
#1816=DIRECTION('Vector Direction',(-1.,0.,0.)) ;
#1823=DIRECTION('Vector Direction',(0.,1.,0.)) ;
#1835=DIRECTION('Axis2P3D Direction',(0.,-1.,0.)) ;
#1836=DIRECTION('Axis2P3D XDirection',(0.,0.,1.)) ;
#1840=DIRECTION('Vector Direction',(0.,0.,1.)) ;
#1852=DIRECTION('Axis2P3D Direction',(0.,1.,-0.)) ;
#1853=DIRECTION('Axis2P3D XDirection',(-1.,0.,0.)) ;
#1864=DIRECTION('Axis2P3D Direction',(1.,0.,0.)) ;
#1865=DIRECTION('Axis2P3D XDirection',(0.,1.,0.)) ;
#1876=DIRECTION('Axis2P3D Direction',(-1.,0.,0.)) ;
#1877=DIRECTION('Axis2P3D XDirection',(0.,1.,0.)) ;
#1881=DIRECTION('Vector Direction',(0.,0.,-1.)) ;
#1888=DIRECTION('Vector Direction',(0.,0.,-1.)) ;
#1895=DIRECTION('Vector Direction',(0.,1.,0.)) ;
#1907=DIRECTION('Axis2P3D Direction',(-0.,-1.,-0.)) ;
#1908=DIRECTION('Axis2P3D XDirection',(-1.,0.,0.)) ;
#1912=DIRECTION('Vector Direction',(0.,0.,-1.)) ;
#1919=DIRECTION('Vector Direction',(-1.,0.,0.)) ;
#1931=DIRECTION('Axis2P3D Direction',(1.,0.,0.)) ;
#1932=DIRECTION('Axis2P3D XDirection',(0.,-1.,0.)) ;
#1936=DIRECTION('Vector Direction',(0.,0.,-1.)) ;
#1943=DIRECTION('Vector Direction',(0.,-1.,0.)) ;
#1955=DIRECTION('Vector Direction',(1.,0.,0.)) ;
#1967=DIRECTION('Vector Direction',(0.,0.,-1.)) ;
#1976=DIRECTION('Vector Direction',(0.,-1.,0.)) ;
#1981=DIRECTION('Vector Direction',(0.,-1.,0.)) ;
#1993=DIRECTION('Axis2P3D Direction',(0.,0.,1.)) ;
#1994=DIRECTION('Axis2P3D XDirection',(1.,0.,0.)) ;
#1998=DIRECTION('Vector Direction',(-1.,0.,0.)) ;
#2005=DIRECTION('Vector Direction',(0.,1.,0.)) ;
#2012=DIRECTION('Vector Direction',(-1.,0.,0.)) ;
#2019=DIRECTION('Vector Direction',(0.,1.,0.)) ;
#2032=DIRECTION('Axis2P3D Direction',(0.,0.,1.)) ;
#2041=DIRECTION('Axis2P3D Direction',(0.,0.,1.)) ;
#2051=DIRECTION('Axis2P3D Direction',(1.,0.,0.)) ;
#2052=DIRECTION('Axis2P3D XDirection',(0.,1.,0.)) ;
#2056=DIRECTION('Vector Direction',(0.,0.,1.)) ;
#2065=DIRECTION('Vector Direction',(0.,1.,0.)) ;
#2070=DIRECTION('Vector Direction',(0.,0.,-1.)) ;
#2077=DIRECTION('Vector Direction',(0.,-1.,0.)) ;
#2091=DIRECTION('Axis2P3D Direction',(0.,0.,1.)) ;
#2092=DIRECTION('Axis2P3D XDirection',(1.,0.,0.)) ;
#2096=DIRECTION('Vector Direction',(-1.,0.,0.)) ;
#2103=DIRECTION('Vector Direction',(0.,-1.,0.)) ;
#2115=DIRECTION('Axis2P3D Direction',(-1.,0.,0.)) ;
#2116=DIRECTION('Axis2P3D XDirection',(0.,-1.,0.)) ;
#2120=DIRECTION('Vector Direction',(0.,0.,1.)) ;
#2127=DIRECTION('Vector Direction',(0.,1.,0.)) ;
#2139=DIRECTION('Axis2P3D Direction',(0.,0.,-1.)) ;
#2140=DIRECTION('Axis2P3D XDirection',(1.,0.,0.)) ;
#2144=DIRECTION('Vector Direction',(1.,0.,0.)) ;
#2149=DIRECTION('Vector Direction',(-1.,0.,0.)) ;
#2156=DIRECTION('Vector Direction',(0.,1.,0.)) ;
#2163=DIRECTION('Vector Direction',(-1.,0.,0.)) ;
#2179=DIRECTION('Axis2P3D Direction',(-1.,0.,0.)) ;
#2180=DIRECTION('Axis2P3D XDirection',(0.,-1.,0.)) ;
#2191=DIRECTION('Axis2P3D Direction',(0.,0.,1.)) ;
#2192=DIRECTION('Axis2P3D XDirection',(1.,0.,0.)) ;
#2196=DIRECTION('Vector Direction',(0.,0.,1.)) ;
#2203=DIRECTION('Vector Direction',(0.,0.,1.)) ;
#2210=DIRECTION('Axis2P3D Direction',(0.,0.,1.)) ;
#2222=DIRECTION('Axis2P3D Direction',(0.,0.,1.)) ;
#2234=DIRECTION('Axis2P3D Direction',(-1.,-0.,0.)) ;
#2235=DIRECTION('Axis2P3D XDirection',(0.,-1.,-0.)) ;
#2246=DIRECTION('Axis2P3D Direction',(0.,0.,1.)) ;
#2247=DIRECTION('Axis2P3D XDirection',(1.,0.,0.)) ;
#2257=DIRECTION('Axis2P3D Direction',(0.,0.,1.)) ;
#2266=DIRECTION('Axis2P3D Direction',(0.,0.,1.)) ;
#2276=DIRECTION('Vector Direction',(0.,0.,-1.)) ;
#2288=DIRECTION('Axis2P3D Direction',(0.,-1.,0.)) ;
#2289=DIRECTION('Axis2P3D XDirection',(-1.,-0.,0.)) ;
#2293=DIRECTION('Vector Direction',(0.,0.,-1.)) ;
#2312=DIRECTION('Axis2P3D Direction',(0.,0.,-1.)) ;
#2313=DIRECTION('Axis2P3D XDirection',(-4.37966178081E-015,-1.,0.)) ;
#2317=DIRECTION('Vector Direction',(0.,0.,-1.)) ;
#2324=DIRECTION('Axis2P3D Direction',(0.,0.,-1.)) ;
#2331=DIRECTION('Axis2P3D Direction',(0.,0.,-1.)) ;
#2338=DIRECTION('Vector Direction',(0.,0.,-1.)) ;
#2351=DIRECTION('Axis2P3D Direction',(0.,0.,-1.)) ;
#2352=DIRECTION('Axis2P3D XDirection',(3.61394399649E-015,1.,0.)) ;
#2356=DIRECTION('Axis2P3D Direction',(0.,0.,-1.)) ;
#2363=DIRECTION('Axis2P3D Direction',(0.,0.,-1.)) ;
#2376=DIRECTION('Axis2P3D Direction',(0.,1.,-0.)) ;
#2377=DIRECTION('Axis2P3D XDirection',(-1.,0.,0.)) ;
#2388=DIRECTION('Axis2P3D Direction',(0.,0.,1.)) ;
#2389=DIRECTION('Axis2P3D XDirection',(1.,0.,0.)) ;
#2397=DIRECTION('Axis2P3D Direction',(0.,0.,1.)) ;
#2406=DIRECTION('Axis2P3D Direction',(0.,0.,1.)) ;
#2416=DIRECTION('Axis2P3D Direction',(0.,0.,1.)) ;
#2417=DIRECTION('Axis2P3D XDirection',(1.,0.,0.)) ;
#2421=DIRECTION('Vector Direction',(0.,0.,1.)) ;
#2428=DIRECTION('Axis2P3D Direction',(0.,0.,1.)) ;
#2435=DIRECTION('Axis2P3D Direction',(0.,0.,1.)) ;
#2442=DIRECTION('Vector Direction',(0.,0.,1.)) ;
#2449=DIRECTION('Vector Direction',(0.,0.,1.)) ;
#2463=DIRECTION('Axis2P3D Direction',(0.,0.,1.)) ;
#2470=DIRECTION('Axis2P3D Direction',(0.,0.,1.)) ;
#2484=DIRECTION('Axis2P3D Direction',(0.,1.,0.)) ;
#2485=DIRECTION('Axis2P3D XDirection',(0.707106781187,0.,0.707106781187)) ;
#2489=DIRECTION('Axis2P3D Direction',(0.,1.,0.)) ;
#2515=DIRECTION('Axis2P3D Direction',(0.,1.,0.)) ;
#2553=DIRECTION('Axis2P3D Direction',(0.,0.,1.)) ;
#2554=DIRECTION('Axis2P3D XDirection',(1.,0.,0.)) ;
#2558=DIRECTION('Vector Direction',(0.,0.,1.)) ;
#2565=DIRECTION('Axis2P3D Direction',(0.,0.,1.)) ;
#2572=DIRECTION('Vector Direction',(0.,0.,1.)) ;
#2584=DIRECTION('Axis2P3D Direction',(0.,0.,1.)) ;
#2596=DIRECTION('Axis2P3D Direction',(0.,1.,0.)) ;
#2597=DIRECTION('Axis2P3D XDirection',(0.,0.,-1.)) ;
#2601=DIRECTION('Axis2P3D Direction',(0.,1.,0.)) ;
#2627=DIRECTION('Axis2P3D Direction',(0.,1.,0.)) ;
#2665=DIRECTION('Axis2P3D Direction',(1.,0.,0.)) ;
#2666=DIRECTION('Axis2P3D XDirection',(0.,1.,0.)) ;
#2670=DIRECTION('Vector Direction',(1.,0.,0.)) ;
#2677=DIRECTION('Axis2P3D Direction',(1.,0.,0.)) ;
#2684=DIRECTION('Vector Direction',(1.,0.,0.)) ;
#2696=DIRECTION('Axis2P3D Direction',(1.,0.,0.)) ;
#2713=DIRECTION('Axis2P3D Direction',(1.,0.,0.)) ;
#2714=DIRECTION('Axis2P3D XDirection',(0.,1.,0.)) ;
#2718=DIRECTION('Vector Direction',(1.,0.,0.)) ;
#2725=DIRECTION('Axis2P3D Direction',(1.,0.,0.)) ;
#2732=DIRECTION('Vector Direction',(1.,0.,0.)) ;
#2744=DIRECTION('Axis2P3D Direction',(1.,0.,0.)) ;
#2756=DIRECTION('Axis2P3D Direction',(0.,0.,-1.)) ;
#2757=DIRECTION('Axis2P3D XDirection',(-0.707106781187,0.707106781187,0.)) ;
#2761=DIRECTION('Axis2P3D Direction',(0.,0.,-1.)) ;
#2787=DIRECTION('Axis2P3D Direction',(0.,0.,-1.)) ;
#2823=DIRECTION('Axis2P3D Direction',(0.,0.,-1.)) ;
#2824=DIRECTION('Axis2P3D XDirection',(1.,0.,0.)) ;
#2828=DIRECTION('Axis2P3D Direction',(0.,0.,-1.)) ;
#2854=DIRECTION('Axis2P3D Direction',(0.,0.,-1.)) ;
#2890=DIRECTION('Axis2P3D Direction',(0.,1.,-0.)) ;
#2891=DIRECTION('Axis2P3D XDirection',(-1.,0.,0.)) ;
#2895=DIRECTION('Axis2P3D Direction',(0.,1.,-0.)) ;
#2904=DIRECTION('Vector Direction',(0.,1.,0.)) ;
#2909=DIRECTION('Vector Direction',(0.,1.,0.)) ;
#2921=DIRECTION('Axis2P3D Direction',(0.,1.,-0.)) ;
#2933=DIRECTION('Axis2P3D Direction',(0.,1.,-0.)) ;
#2934=DIRECTION('Axis2P3D XDirection',(-1.,0.,0.)) ;
#2938=DIRECTION('Axis2P3D Direction',(0.,1.,-0.)) ;
#2947=DIRECTION('Vector Direction',(0.,1.,0.)) ;
#2952=DIRECTION('Vector Direction',(0.,1.,0.)) ;
#2964=DIRECTION('Axis2P3D Direction',(0.,1.,-0.)) ;
#2976=DIRECTION('Axis2P3D Direction',(0.,-0.,1.)) ;
#2977=DIRECTION('Axis2P3D XDirection',(0.707106781187,-0.707106781187,0.)) ;
#2981=DIRECTION('Axis2P3D Direction',(0.,-0.,1.)) ;
#3007=DIRECTION('Axis2P3D Direction',(0.,-0.,1.)) ;
#3043=DIRECTION('Axis2P3D Direction',(0.,-0.,1.)) ;
#3044=DIRECTION('Axis2P3D XDirection',(0.,1.,0.)) ;
#3048=DIRECTION('Axis2P3D Direction',(0.,-0.,1.)) ;
#3074=DIRECTION('Axis2P3D Direction',(0.,-0.,1.)) ;
#3110=DIRECTION('Axis2P3D Direction',(1.,0.,0.)) ;
#3111=DIRECTION('Axis2P3D XDirection',(0.,1.,0.)) ;
#3115=DIRECTION('Vector Direction',(1.,0.,0.)) ;
#3122=DIRECTION('Axis2P3D Direction',(1.,0.,0.)) ;
#3129=DIRECTION('Vector Direction',(1.,0.,0.)) ;
#3141=DIRECTION('Axis2P3D Direction',(1.,0.,0.)) ;
#3153=DIRECTION('Axis2P3D Direction',(1.,0.,0.)) ;
#3154=DIRECTION('Axis2P3D XDirection',(0.,1.,0.)) ;
#3158=DIRECTION('Vector Direction',(1.,0.,0.)) ;
#3165=DIRECTION('Axis2P3D Direction',(1.,0.,0.)) ;
#3172=DIRECTION('Vector Direction',(1.,0.,0.)) ;
#3184=DIRECTION('Axis2P3D Direction',(1.,0.,0.)) ;
#3196=DIRECTION('Axis2P3D Direction',(0.,0.,-1.)) ;
#3197=DIRECTION('Axis2P3D XDirection',(-0.707106781187,-0.707106781187,0.)) ;
#3201=DIRECTION('Axis2P3D Direction',(0.,0.,-1.)) ;
#3208=DIRECTION('Axis2P3D Direction',(0.,0.,-1.)) ;
#3263=DIRECTION('Axis2P3D Direction',(0.,0.,-1.)) ;
#3264=DIRECTION('Axis2P3D XDirection',(0.,1.,0.)) ;
#3268=DIRECTION('Axis2P3D Direction',(0.,0.,-1.)) ;
#3275=DIRECTION('Axis2P3D Direction',(0.,0.,-1.)) ;
#3330=DIRECTION('Axis2P3D Direction',(0.,1.,0.)) ;
#3331=DIRECTION('Axis2P3D XDirection',(-1.,0.,0.)) ;
#3335=DIRECTION('Vector Direction',(0.,1.,0.)) ;
#3342=DIRECTION('Axis2P3D Direction',(0.,1.,0.)) ;
#3349=DIRECTION('Vector Direction',(0.,1.,0.)) ;
#3361=DIRECTION('Axis2P3D Direction',(0.,1.,0.)) ;
#3373=DIRECTION('Axis2P3D Direction',(0.,1.,0.)) ;
#3374=DIRECTION('Axis2P3D XDirection',(-1.,0.,0.)) ;
#3378=DIRECTION('Vector Direction',(0.,1.,0.)) ;
#3385=DIRECTION('Axis2P3D Direction',(0.,1.,0.)) ;
#3392=DIRECTION('Vector Direction',(0.,1.,0.)) ;
#3404=DIRECTION('Axis2P3D Direction',(0.,1.,0.)) ;
#3416=DIRECTION('Axis2P3D Direction',(0.,-0.,-1.)) ;
#3417=DIRECTION('Axis2P3D XDirection',(0.707106781187,0.707106781187,0.)) ;
#3421=DIRECTION('Axis2P3D Direction',(0.,-0.,-1.)) ;
#3447=DIRECTION('Axis2P3D Direction',(0.,-0.,-1.)) ;
#3483=DIRECTION('Axis2P3D Direction',(0.,-0.,-1.)) ;
#3484=DIRECTION('Axis2P3D XDirection',(0.,-1.,0.)) ;
#3488=DIRECTION('Axis2P3D Direction',(0.,-0.,-1.)) ;
#3514=DIRECTION('Axis2P3D Direction',(0.,-0.,-1.)) ;
#3550=DIRECTION('Axis2P3D Direction',(1.,0.,0.)) ;
#3551=DIRECTION('Axis2P3D XDirection',(0.,1.,0.)) ;
#3555=DIRECTION('Vector Direction',(1.,0.,0.)) ;
#3560=DIRECTION('Vector Direction',(1.,0.,0.)) ;
#3579=DIRECTION('Axis2P3D Direction',(1.,0.,0.)) ;
#3580=DIRECTION('Axis2P3D XDirection',(0.,1.,0.)) ;
#3584=DIRECTION('Axis2P3D Direction',(1.,0.,0.)) ;
#3593=DIRECTION('Vector Direction',(1.,0.,0.)) ;
#3598=DIRECTION('Vector Direction',(1.,0.,0.)) ;
#3610=DIRECTION('Axis2P3D Direction',(1.,0.,0.)) ;
#3688=DIRECTION('Axis2P3D Direction',(0.,0.,-1.)) ;
#3689=DIRECTION('Axis2P3D XDirection',(1.,-2.27373675443E-015,0.)) ;
#3693=DIRECTION('Vector Direction',(0.,0.,-1.)) ;
#3702=DIRECTION('Axis2P3D Direction',(0.,0.,-1.)) ;
#3709=DIRECTION('Vector Direction',(0.,0.,-1.)) ;
#3716=DIRECTION('Axis2P3D Direction',(0.,0.,-1.)) ;
#3728=DIRECTION('Axis2P3D Direction',(0.,0.,-1.)) ;
#3729=DIRECTION('Axis2P3D XDirection',(-1.,4.31843146312E-015,-0.)) ;
#3733=DIRECTION('Axis2P3D Direction',(0.,0.,-1.)) ;
#3738=DIRECTION('Axis2P3D Direction',(0.,0.,-1.)) ;
#3754=DIRECTION('Axis2P3D Direction',(0.,1.,0.)) ;
#3763=DIRECTION('Axis2P3D Direction',(1.,-0.,0.)) ;
#3770=DIRECTION('Axis2P3D Direction',(0.,1.,0.)) ;
#3777=DIRECTION('Axis2P3D Direction',(6.12323399574E-017,0.,-1.)) ;
#3789=DIRECTION('Axis2P3D Direction',(1.,-0.,0.)) ;
#3794=DIRECTION('Axis2P3D Direction',(6.12323399574E-017,0.,-1.)) ;
#3808=DIRECTION('Vector Direction',(1.,0.,0.)) ;
#3817=DIRECTION('Axis2P3D Direction',(1.,0.,0.)) ;
#3824=DIRECTION('Vector Direction',(1.,0.,0.)) ;
#3831=DIRECTION('Axis2P3D Direction',(1.,0.,0.)) ;
#3843=DIRECTION('Axis2P3D Direction',(1.,0.,0.)) ;
#3848=DIRECTION('Axis2P3D Direction',(1.,0.,0.)) ;
#3862=DIRECTION('Axis2P3D Direction',(0.,0.,-1.)) ;
#3871=DIRECTION('Axis2P3D Direction',(-0.,1.,0.)) ;
#3878=DIRECTION('Axis2P3D Direction',(0.,0.,-1.)) ;
#3885=DIRECTION('Axis2P3D Direction',(1.,6.12323399574E-017,0.)) ;
#3897=DIRECTION('Axis2P3D Direction',(-0.,1.,0.)) ;
#3902=DIRECTION('Axis2P3D Direction',(1.,6.12323399574E-017,0.)) ;
#3916=DIRECTION('Vector Direction',(0.,1.,0.)) ;
#3925=DIRECTION('Axis2P3D Direction',(0.,1.,-0.)) ;
#3932=DIRECTION('Vector Direction',(0.,1.,0.)) ;
#3939=DIRECTION('Axis2P3D Direction',(0.,1.,-0.)) ;
#3951=DIRECTION('Axis2P3D Direction',(0.,1.,-0.)) ;
#3956=DIRECTION('Axis2P3D Direction',(0.,1.,-0.)) ;
#3970=DIRECTION('Axis2P3D Direction',(0.,-0.,1.)) ;
#3979=DIRECTION('Axis2P3D Direction',(1.,0.,-0.)) ;
#3986=DIRECTION('Axis2P3D Direction',(0.,-0.,1.)) ;
#3993=DIRECTION('Axis2P3D Direction',(6.12323399574E-017,1.,0.)) ;
#4005=DIRECTION('Axis2P3D Direction',(1.,0.,-0.)) ;
#4010=DIRECTION('Axis2P3D Direction',(6.12323399574E-017,1.,0.)) ;
#4024=DIRECTION('Vector Direction',(1.,0.,0.)) ;
#4033=DIRECTION('Axis2P3D Direction',(1.,0.,0.)) ;
#4040=DIRECTION('Vector Direction',(1.,0.,0.)) ;
#4047=DIRECTION('Axis2P3D Direction',(1.,0.,0.)) ;
#4059=DIRECTION('Axis2P3D Direction',(1.,0.,0.)) ;
#4064=DIRECTION('Axis2P3D Direction',(1.,0.,0.)) ;
#4078=DIRECTION('Axis2P3D Direction',(0.,0.,-1.)) ;
#4087=DIRECTION('Axis2P3D Direction',(-1.,0.,0.)) ;
#4094=DIRECTION('Axis2P3D Direction',(0.,0.,-1.)) ;
#4101=DIRECTION('Axis2P3D Direction',(-6.12323399574E-017,1.,0.)) ;
#4113=DIRECTION('Axis2P3D Direction',(-1.,0.,0.)) ;
#4118=DIRECTION('Axis2P3D Direction',(-6.12323399574E-017,1.,0.)) ;
#4132=DIRECTION('Vector Direction',(0.,1.,0.)) ;
#4141=DIRECTION('Axis2P3D Direction',(0.,1.,0.)) ;
#4148=DIRECTION('Vector Direction',(0.,1.,0.)) ;
#4155=DIRECTION('Axis2P3D Direction',(0.,1.,0.)) ;
#4167=DIRECTION('Axis2P3D Direction',(0.,1.,0.)) ;
#4172=DIRECTION('Axis2P3D Direction',(0.,1.,0.)) ;
#4186=DIRECTION('Axis2P3D Direction',(0.,-0.,-1.)) ;
#4195=DIRECTION('Axis2P3D Direction',(1.,0.,0.)) ;
#4202=DIRECTION('Axis2P3D Direction',(0.,-0.,-1.)) ;
#4209=DIRECTION('Axis2P3D Direction',(6.12323399574E-017,-1.,0.)) ;
#4221=DIRECTION('Axis2P3D Direction',(1.,0.,0.)) ;
#4226=DIRECTION('Axis2P3D Direction',(6.12323399574E-017,-1.,0.)) ;
#4240=DIRECTION('Vector Direction',(1.,0.,0.)) ;
#4249=DIRECTION('Axis2P3D Direction',(1.,0.,0.)) ;
#4256=DIRECTION('Vector Direction',(1.,0.,0.)) ;
#4263=DIRECTION('Axis2P3D Direction',(1.,0.,0.)) ;
#4275=DIRECTION('Axis2P3D Direction',(1.,0.,0.)) ;
#4280=DIRECTION('Axis2P3D Direction',(1.,0.,0.)) ;
#4300=DIRECTION('NONE',(1.,0.,0.)) ;
#4301=DIRECTION('NONE',(0.,0.,1.)) ;
#4302=DIRECTION('NONE',(1.,0.,0.)) ;
#4303=DIRECTION('NONE',(0.,0.,1.)) ;
#4316=DIRECTION('Axis2P3D Direction',(0.,0.,-1.)) ;
#4317=DIRECTION('Axis2P3D XDirection',(1.,0.,0.)) ;
#4321=DIRECTION('Vector Direction',(-1.,0.,0.)) ;
#4330=DIRECTION('Vector Direction',(0.,1.,0.)) ;
#4337=DIRECTION('Vector Direction',(-1.,0.,0.)) ;
#4344=DIRECTION('Vector Direction',(0.,-1.,0.)) ;
#4351=DIRECTION('Vector Direction',(1.,0.,0.)) ;
#4358=DIRECTION('Vector Direction',(0.,-1.,0.)) ;
#4372=DIRECTION('Axis2P3D Direction',(1.,0.,0.)) ;
#4373=DIRECTION('Axis2P3D XDirection',(0.,1.,0.)) ;
#4377=DIRECTION('Vector Direction',(0.,0.,1.)) ;
#4386=DIRECTION('Vector Direction',(0.,1.,0.)) ;
#4393=DIRECTION('Vector Direction',(0.,0.,1.)) ;
#4400=DIRECTION('Vector Direction',(0.,1.,0.)) ;
#4407=DIRECTION('Vector Direction',(0.,0.,-1.)) ;
#4412=DIRECTION('Vector Direction',(0.,0.,-1.)) ;
#4419=DIRECTION('Vector Direction',(0.,-1.,0.)) ;
#4435=DIRECTION('Axis2P3D Direction',(0.,-1.,0.)) ;
#4436=DIRECTION('Axis2P3D XDirection',(1.,0.,0.)) ;
#4440=DIRECTION('Vector Direction',(0.,0.,-1.)) ;
#4447=DIRECTION('Vector Direction',(1.,0.,0.)) ;
#4452=DIRECTION('Vector Direction',(1.,0.,0.)) ;
#4459=DIRECTION('Vector Direction',(0.,0.,1.)) ;
#4466=DIRECTION('Vector Direction',(1.,0.,0.)) ;
#4481=DIRECTION('Vector Direction',(0.,0.,1.)) ;
#4490=DIRECTION('Vector Direction',(1.,0.,0.)) ;
#4497=DIRECTION('Vector Direction',(0.,0.,1.)) ;
#4504=DIRECTION('Vector Direction',(1.,0.,0.)) ;
#4516=DIRECTION('Axis2P3D Direction',(-1.,0.,0.)) ;
#4517=DIRECTION('Axis2P3D XDirection',(0.,-1.,0.)) ;
#4521=DIRECTION('Vector Direction',(0.,0.,-1.)) ;
#4528=DIRECTION('Vector Direction',(0.,-1.,0.)) ;
#4540=DIRECTION('Axis2P3D Direction',(0.,1.,-0.)) ;
#4541=DIRECTION('Axis2P3D XDirection',(-1.,0.,0.)) ;
#4545=DIRECTION('Vector Direction',(0.,0.,-1.)) ;
#4552=DIRECTION('Vector Direction',(-1.,0.,0.)) ;
#4564=DIRECTION('Axis2P3D Direction',(1.,0.,0.)) ;
#4565=DIRECTION('Axis2P3D XDirection',(0.,1.,0.)) ;
#4569=DIRECTION('Vector Direction',(0.,0.,-1.)) ;
#4576=DIRECTION('Vector Direction',(0.,1.,0.)) ;
#4588=DIRECTION('Axis2P3D Direction',(0.,-1.,0.)) ;
#4589=DIRECTION('Axis2P3D XDirection',(-1.,-0.,0.)) ;
#4593=DIRECTION('Vector Direction',(-1.,0.,0.)) ;
#4605=DIRECTION('Axis2P3D Direction',(0.,1.,-0.)) ;
#4606=DIRECTION('Axis2P3D XDirection',(-1.,0.,0.)) ;
#4610=DIRECTION('Vector Direction',(0.,0.,1.)) ;
#4619=DIRECTION('Vector Direction',(-1.,0.,0.)) ;
#4624=DIRECTION('Vector Direction',(-1.,0.,0.)) ;
#4636=DIRECTION('Axis2P3D Direction',(0.,0.,1.)) ;
#4637=DIRECTION('Axis2P3D XDirection',(1.,0.,0.)) ;
#4641=DIRECTION('Vector Direction',(0.,-1.,0.)) ;
#4653=DIRECTION('Axis2P3D Direction',(0.,0.,1.)) ;
#4654=DIRECTION('Axis2P3D XDirection',(1.,0.,0.)) ;
#4666=DIRECTION('Axis2P3D Direction',(0.,0.,1.)) ;
#4675=DIRECTION('Axis2P3D Direction',(0.,0.,1.)) ;
#4685=DIRECTION('Axis2P3D Direction',(0.,0.,-1.)) ;
#4686=DIRECTION('Axis2P3D XDirection',(1.,0.,0.)) ;
#4690=DIRECTION('Vector Direction',(0.,1.,0.)) ;
#4702=DIRECTION('Axis2P3D Direction',(-1.,0.,0.)) ;
#4703=DIRECTION('Axis2P3D XDirection',(0.,-1.,0.)) ;
#4714=DIRECTION('Vector Direction',(0.,1.,0.)) ;
#4721=DIRECTION('Vector Direction',(0.,0.,1.)) ;
#4728=DIRECTION('Vector Direction',(0.,1.,0.)) ;
#4735=DIRECTION('Vector Direction',(0.,0.,1.)) ;
#4742=DIRECTION('Vector Direction',(0.,1.,0.)) ;
#4749=DIRECTION('Vector Direction',(0.,0.,1.)) ;
#4756=DIRECTION('Vector Direction',(0.,1.,0.)) ;
#4763=DIRECTION('Vector Direction',(0.,0.,1.)) ;
#4770=DIRECTION('Vector Direction',(0.,1.,0.)) ;
#4777=DIRECTION('Vector Direction',(0.,0.,1.)) ;
#4784=DIRECTION('Vector Direction',(0.,1.,0.)) ;
#4803=DIRECTION('Vector Direction',(0.,0.,1.)) ;
#4812=DIRECTION('Vector Direction',(0.,1.,0.)) ;
#4819=DIRECTION('Vector Direction',(0.,0.,-1.)) ;
#4826=DIRECTION('Vector Direction',(0.,-1.,0.)) ;
#4838=DIRECTION('Axis2P3D Direction',(0.,0.,1.)) ;
#4839=DIRECTION('Axis2P3D XDirection',(1.,0.,0.)) ;
#4843=DIRECTION('Vector Direction',(-1.,0.,0.)) ;
#4850=DIRECTION('Vector Direction',(0.,1.,0.)) ;
#4857=DIRECTION('Vector Direction',(-1.,0.,0.)) ;
#4864=DIRECTION('Vector Direction',(0.,-1.,0.)) ;
#4871=DIRECTION('Vector Direction',(-1.,0.,0.)) ;
#4878=DIRECTION('Vector Direction',(0.,-1.,0.)) ;
#4883=DIRECTION('Vector Direction',(-1.,0.,0.)) ;
#4890=DIRECTION('Vector Direction',(0.,1.,0.)) ;
#4897=DIRECTION('Vector Direction',(1.,0.,0.)) ;
#4916=DIRECTION('Vector Direction',(0.,1.,0.)) ;
#4925=DIRECTION('Vector Direction',(-1.,0.,0.)) ;
#4932=DIRECTION('Vector Direction',(0.,-1.,0.)) ;
#4939=DIRECTION('Vector Direction',(1.,0.,0.)) ;
#4951=DIRECTION('Vector Direction',(0.,1.,0.)) ;
#4958=DIRECTION('Vector Direction',(0.,0.,1.)) ;
#4970=DIRECTION('Axis2P3D Direction',(0.,0.,1.)) ;
#4971=DIRECTION('Axis2P3D XDirection',(1.,0.,0.)) ;
#4975=DIRECTION('Vector Direction',(-1.,0.,0.)) ;
#4987=DIRECTION('Axis2P3D Direction',(0.,0.,-1.)) ;
#4988=DIRECTION('Axis2P3D XDirection',(-4.37966178081E-015,-1.,0.)) ;
#4992=DIRECTION('Vector Direction',(0.,0.,-1.)) ;
#4999=DIRECTION('Axis2P3D Direction',(0.,0.,-1.)) ;
#5006=DIRECTION('Axis2P3D Direction',(0.,0.,-1.)) ;
#5013=DIRECTION('Vector Direction',(0.,0.,-1.)) ;
#5026=DIRECTION('Axis2P3D Direction',(0.,0.,-1.)) ;
#5027=DIRECTION('Axis2P3D XDirection',(3.61394399649E-015,1.,0.)) ;
#5031=DIRECTION('Axis2P3D Direction',(0.,0.,-1.)) ;
#5038=DIRECTION('Axis2P3D Direction',(0.,0.,-1.)) ;
#5051=DIRECTION('Axis2P3D Direction',(0.,1.,-0.)) ;
#5052=DIRECTION('Axis2P3D XDirection',(-1.,0.,0.)) ;
#5056=DIRECTION('Vector Direction',(0.,0.,1.)) ;
#5063=DIRECTION('Vector Direction',(-1.,0.,0.)) ;
#5075=DIRECTION('Axis2P3D Direction',(0.,0.,1.)) ;
#5076=DIRECTION('Axis2P3D XDirection',(1.,0.,0.)) ;
#5080=DIRECTION('Vector Direction',(1.,0.,0.)) ;
#5087=DIRECTION('Vector Direction',(0.,1.,0.)) ;
#5092=DIRECTION('Vector Direction',(-1.,0.,0.)) ;
#5099=DIRECTION('Vector Direction',(0.,-1.,0.)) ;
#5106=DIRECTION('Vector Direction',(1.,0.,0.)) ;
#5122=DIRECTION('Axis2P3D Direction',(0.,1.,-0.)) ;
#5123=DIRECTION('Axis2P3D XDirection',(-1.,0.,0.)) ;
#5127=DIRECTION('Vector Direction',(0.,0.,1.)) ;
#5134=DIRECTION('Vector Direction',(-1.,0.,0.)) ;
#5146=DIRECTION('Axis2P3D Direction',(0.,0.,1.)) ;
#5147=DIRECTION('Axis2P3D XDirection',(1.,0.,0.)) ;
#5151=DIRECTION('Vector Direction',(0.,-1.,0.)) ;
#5158=DIRECTION('Vector Direction',(1.,0.,0.)) ;
#5169=DIRECTION('Axis2P3D Direction',(0.,0.,1.)) ;
#5178=DIRECTION('Axis2P3D Direction',(0.,0.,1.)) ;
#5188=DIRECTION('Axis2P3D Direction',(0.,-1.,0.)) ;
#5189=DIRECTION('Axis2P3D XDirection',(1.,0.,0.)) ;
#5193=DIRECTION('Vector Direction',(0.,0.,1.)) ;
#5205=DIRECTION('Axis2P3D Direction',(0.,-1.,0.)) ;
#5206=DIRECTION('Axis2P3D XDirection',(1.,0.,0.)) ;
#5210=DIRECTION('Vector Direction',(0.,0.,1.)) ;
#5222=DIRECTION('Vector Direction',(0.,0.,1.)) ;
#5229=DIRECTION('Vector Direction',(1.,0.,0.)) ;
#5236=DIRECTION('Vector Direction',(0.,0.,1.)) ;
#5251=DIRECTION('Vector Direction',(0.,0.,1.)) ;
#5260=DIRECTION('Vector Direction',(-1.,0.,0.)) ;
#5267=DIRECTION('Vector Direction',(0.,0.,-1.)) ;
#5274=DIRECTION('Vector Direction',(1.,0.,0.)) ;
#5286=DIRECTION('Axis2P3D Direction',(-0.,-0.,-1.)) ;
#5287=DIRECTION('Axis2P3D XDirection',(0.,-1.,0.)) ;
#5291=DIRECTION('Vector Direction',(-1.,0.,0.)) ;
#5298=DIRECTION('Vector Direction',(-1.,0.,0.)) ;
#5305=DIRECTION('Vector Direction',(0.,-1.,0.)) ;
#5317=DIRECTION('Axis2P3D Direction',(-0.,1.,0.)) ;
#5318=DIRECTION('Axis2P3D XDirection',(1.,0.,0.)) ;
#5322=DIRECTION('Vector Direction',(-1.,0.,0.)) ;
#5329=DIRECTION('Vector Direction',(0.,0.,-1.)) ;
#5341=DIRECTION('Axis2P3D Direction',(0.,-0.,1.)) ;
#5342=DIRECTION('Axis2P3D XDirection',(0.,1.,0.)) ;
#5346=DIRECTION('Vector Direction',(-1.,0.,0.)) ;
#5353=DIRECTION('Vector Direction',(0.,1.,0.)) ;
#5365=DIRECTION('Axis2P3D Direction',(0.,-1.,0.)) ;
#5366=DIRECTION('Axis2P3D XDirection',(0.,0.,1.)) ;
#5370=DIRECTION('Vector Direction',(0.,0.,1.)) ;
#5382=DIRECTION('Axis2P3D Direction',(1.,0.,0.)) ;
#5383=DIRECTION('Axis2P3D XDirection',(0.,1.,0.)) ;
#5387=DIRECTION('Vector Direction',(0.,0.,1.)) ;
#5394=DIRECTION('Vector Direction',(0.,1.,0.)) ;
#5406=DIRECTION('Axis2P3D Direction',(0.,1.,-0.)) ;
#5407=DIRECTION('Axis2P3D XDirection',(-1.,0.,0.)) ;
#5411=DIRECTION('Vector Direction',(0.,0.,1.)) ;
#5418=DIRECTION('Vector Direction',(-1.,0.,0.)) ;
#5430=DIRECTION('Axis2P3D Direction',(-1.,0.,0.)) ;
#5431=DIRECTION('Axis2P3D XDirection',(0.,-1.,0.)) ;
#5435=DIRECTION('Vector Direction',(0.,-1.,0.)) ;
#5447=DIRECTION('Axis2P3D Direction',(1.,0.,0.)) ;
#5448=DIRECTION('Axis2P3D XDirection',(0.,1.,0.)) ;
#5459=DIRECTION('Axis2P3D Direction',(-1.,0.,0.)) ;
#5460=DIRECTION('Axis2P3D XDirection',(0.,1.,0.)) ;
#5464=DIRECTION('Vector Direction',(0.,0.,-1.)) ;
#5471=DIRECTION('Vector Direction',(0.,0.,-1.)) ;
#5478=DIRECTION('Vector Direction',(0.,1.,0.)) ;
#5490=DIRECTION('Axis2P3D Direction',(-0.,-1.,-0.)) ;
#5491=DIRECTION('Axis2P3D XDirection',(-1.,0.,0.)) ;
#5495=DIRECTION('Vector Direction',(0.,0.,-1.)) ;
#5502=DIRECTION('Vector Direction',(-1.,0.,0.)) ;
#5514=DIRECTION('Axis2P3D Direction',(1.,0.,0.)) ;
#5515=DIRECTION('Axis2P3D XDirection',(0.,-1.,0.)) ;
#5519=DIRECTION('Vector Direction',(0.,0.,-1.)) ;
#5526=DIRECTION('Vector Direction',(0.,-1.,0.)) ;
#5538=DIRECTION('Vector Direction',(1.,0.,0.)) ;
#5550=DIRECTION('Axis2P3D Direction',(0.,1.,0.)) ;
#5551=DIRECTION('Axis2P3D XDirection',(0.707106781187,0.,0.707106781187)) ;
#5555=DIRECTION('Axis2P3D Direction',(0.,1.,0.)) ;
#5581=DIRECTION('Axis2P3D Direction',(0.,1.,0.)) ;
#5619=DIRECTION('Axis2P3D Direction',(-1.,0.,0.)) ;
#5620=DIRECTION('Axis2P3D XDirection',(0.,-1.,0.)) ;
#5631=DIRECTION('Axis2P3D Direction',(0.,0.,1.)) ;
#5632=DIRECTION('Axis2P3D XDirection',(1.,0.,0.)) ;
#5636=DIRECTION('Vector Direction',(0.,0.,1.)) ;
#5643=DIRECTION('Vector Direction',(0.,0.,1.)) ;
#5650=DIRECTION('Axis2P3D Direction',(0.,0.,1.)) ;
#5662=DIRECTION('Axis2P3D Direction',(0.,0.,1.)) ;
#5674=DIRECTION('Axis2P3D Direction',(0.,0.,1.)) ;
#5675=DIRECTION('Axis2P3D XDirection',(1.,0.,0.)) ;
#5686=DIRECTION('Axis2P3D Direction',(0.,0.,-1.)) ;
#5687=DIRECTION('Axis2P3D XDirection',(1.,0.,0.)) ;
#5691=DIRECTION('Vector Direction',(1.,0.,0.)) ;
#5700=DIRECTION('Vector Direction',(0.,-1.,0.)) ;
#5705=DIRECTION('Vector Direction',(0.,-1.,0.)) ;
#5712=DIRECTION('Axis2P3D Direction',(0.,0.,-1.)) ;
#5719=DIRECTION('Axis2P3D Direction',(0.,0.,-1.)) ;
#5726=DIRECTION('Axis2P3D Direction',(0.,0.,-1.)) ;
#5741=DIRECTION('Axis2P3D Direction',(-1.,-0.,0.)) ;
#5742=DIRECTION('Axis2P3D XDirection',(0.,-0.,-1.)) ;
#5746=DIRECTION('Vector Direction',(0.,-1.,0.)) ;
#5753=DIRECTION('Vector Direction',(0.,0.,-1.)) ;
#5765=DIRECTION('Axis2P3D Direction',(0.,0.,1.)) ;
#5766=DIRECTION('Axis2P3D XDirection',(-1.,0.,0.)) ;
#5770=DIRECTION('Axis2P3D Direction',(0.,0.,1.)) ;
#5779=DIRECTION('Axis2P3D Direction',(0.,0.,1.)) ;
#5786=DIRECTION('Axis2P3D Direction',(0.,0.,1.)) ;
#5791=DIRECTION('Vector Direction',(0.,-1.,0.)) ;
#5798=DIRECTION('Vector Direction',(-1.,0.,0.)) ;
#5813=DIRECTION('Axis2P3D Direction',(1.,0.,-0.)) ;
#5814=DIRECTION('Axis2P3D XDirection',(0.,0.,1.)) ;
#5818=DIRECTION('Vector Direction',(0.,0.,1.)) ;
#5830=DIRECTION('Axis2P3D Direction',(-1.,-0.,0.)) ;
#5831=DIRECTION('Axis2P3D XDirection',(0.,-1.,-0.)) ;
#5842=DIRECTION('Axis2P3D Direction',(0.,0.,1.)) ;
#5843=DIRECTION('Axis2P3D XDirection',(1.,0.,0.)) ;
#5853=DIRECTION('Axis2P3D Direction',(0.,0.,1.)) ;
#5862=DIRECTION('Axis2P3D Direction',(0.,0.,1.)) ;
#5872=DIRECTION('Axis2P3D Direction',(1.,0.,0.)) ;
#5873=DIRECTION('Axis2P3D XDirection',(0.,1.,0.)) ;
#5877=DIRECTION('Vector Direction',(1.,0.,0.)) ;
#5934=DIRECTION('Vector Direction',(1.,0.,0.)) ;
#6003=DIRECTION('Axis2P3D Direction',(0.,0.,1.)) ;
#6004=DIRECTION('Axis2P3D XDirection',(1.,0.,0.)) ;
#6012=DIRECTION('Axis2P3D Direction',(0.,0.,1.)) ;
#6021=DIRECTION('Axis2P3D Direction',(0.,0.,1.)) ;
#6031=DIRECTION('Axis2P3D Direction',(0.,0.,-1.)) ;
#6032=DIRECTION('Axis2P3D XDirection',(1.,0.,0.)) ;
#6036=DIRECTION('Vector Direction',(0.,0.,-1.)) ;
#6041=DIRECTION('Vector Direction',(0.,0.,-1.)) ;
#6053=DIRECTION('Vector Direction',(0.,0.,-1.)) ;
#6072=DIRECTION('Axis2P3D Direction',(-0.,-1.,0.)) ;
#6073=DIRECTION('Axis2P3D XDirection',(1.,-0.,0.)) ;
#6084=DIRECTION('Axis2P3D Direction',(0.,0.,1.)) ;
#6085=DIRECTION('Axis2P3D XDirection',(1.,0.,0.)) ;
#6089=DIRECTION('Vector Direction',(0.,0.,1.)) ;
#6096=DIRECTION('Axis2P3D Direction',(0.,0.,1.)) ;
#6103=DIRECTION('Axis2P3D Direction',(0.,0.,1.)) ;
#6110=DIRECTION('Vector Direction',(0.,0.,1.)) ;
#6117=DIRECTION('Vector Direction',(0.,0.,1.)) ;
#6131=DIRECTION('Axis2P3D Direction',(0.,0.,1.)) ;
#6138=DIRECTION('Axis2P3D Direction',(0.,0.,1.)) ;
#6152=DIRECTION('Axis2P3D Direction',(0.,1.,0.)) ;
#6153=DIRECTION('Axis2P3D XDirection',(-1.,0.,0.)) ;
#6157=DIRECTION('Vector Direction',(0.,1.,0.)) ;
#6164=DIRECTION('Vector Direction',(0.,1.,0.)) ;
#6171=DIRECTION('Vector Direction',(0.,1.,0.)) ;
#6178=DIRECTION('Axis2P3D Direction',(0.,1.,0.)) ;
#6185=DIRECTION('Vector Direction',(0.,1.,0.)) ;
#6192=DIRECTION('Axis2P3D Direction',(0.,1.,0.)) ;
#6199=DIRECTION('Vector Direction',(0.,1.,0.)) ;
#6216=DIRECTION('Axis2P3D Direction',(0.,1.,0.)) ;
#6221=DIRECTION('Axis2P3D Direction',(0.,1.,0.)) ;
#6238=DIRECTION('Axis2P3D Direction',(0.,0.,1.)) ;
#6239=DIRECTION('Axis2P3D XDirection',(1.,0.,0.)) ;
#6243=DIRECTION('Vector Direction',(0.,0.,1.)) ;
#6250=DIRECTION('Axis2P3D Direction',(0.,0.,1.)) ;
#6257=DIRECTION('Vector Direction',(0.,0.,1.)) ;
#6269=DIRECTION('Axis2P3D Direction',(0.,0.,1.)) ;
#6281=DIRECTION('Axis2P3D Direction',(0.,1.,0.)) ;
#6282=DIRECTION('Axis2P3D XDirection',(0.,0.,-1.)) ;
#6286=DIRECTION('Axis2P3D Direction',(0.,1.,0.)) ;
#6312=DIRECTION('Axis2P3D Direction',(0.,1.,0.)) ;
#6350=DIRECTION('Axis2P3D Direction',(0.,-0.,-1.)) ;
#6351=DIRECTION('Axis2P3D XDirection',(0.707106781187,0.707106781187,0.)) ;
#6355=DIRECTION('Axis2P3D Direction',(0.,-0.,-1.)) ;
#6381=DIRECTION('Axis2P3D Direction',(0.,-0.,-1.)) ;
#6393=DIRECTION('Axis2P3D Direction',(0.,0.,-1.)) ;
#6394=DIRECTION('Axis2P3D XDirection',(0.707106781187,-0.707106781187,0.)) ;
#6419=DIRECTION('Axis2P3D Direction',(0.,0.,-1.)) ;
#6424=DIRECTION('Axis2P3D Direction',(0.,0.,-1.)) ;
#6489=DIRECTION('Axis2P3D Direction',(1.,0.,0.)) ;
#6490=DIRECTION('Axis2P3D XDirection',(0.,1.,0.)) ;
#6494=DIRECTION('Vector Direction',(1.,0.,0.)) ;
#6554=DIRECTION('Vector Direction',(1.,0.,0.)) ;
#6623=DIRECTION('Axis2P3D Direction',(1.,0.,0.)) ;
#6624=DIRECTION('Axis2P3D XDirection',(0.,1.,0.)) ;
#6628=DIRECTION('Vector Direction',(1.,0.,0.)) ;
#6635=DIRECTION('Axis2P3D Direction',(1.,0.,0.)) ;
#6642=DIRECTION('Vector Direction',(1.,0.,0.)) ;
#6654=DIRECTION('Axis2P3D Direction',(1.,0.,0.)) ;
#6655=DIRECTION('Axis2P3D XDirection',(0.,1.,0.)) ;
#6659=DIRECTION('Axis2P3D Direction',(1.,0.,0.)) ;
#6668=DIRECTION('Vector Direction',(1.,0.,0.)) ;
#6673=DIRECTION('Vector Direction',(1.,0.,0.)) ;
#6685=DIRECTION('Axis2P3D Direction',(1.,0.,0.)) ;
#6697=DIRECTION('Axis2P3D Direction',(1.,0.,0.)) ;
#6709=DIRECTION('Axis2P3D Direction',(0.,1.,0.)) ;
#6710=DIRECTION('Axis2P3D XDirection',(-1.,0.,0.)) ;
#6714=DIRECTION('Axis2P3D Direction',(0.,1.,0.)) ;
#6723=DIRECTION('Vector Direction',(0.,1.,0.)) ;
#6730=DIRECTION('Vector Direction',(0.,1.,0.)) ;
#6735=DIRECTION('Vector Direction',(0.,1.,0.)) ;
#6742=DIRECTION('Vector Direction',(0.,1.,0.)) ;
#6749=DIRECTION('Axis2P3D Direction',(0.,1.,0.)) ;
#6756=DIRECTION('Vector Direction',(0.,1.,0.)) ;
#6773=DIRECTION('Axis2P3D Direction',(0.,1.,0.)) ;
#6778=DIRECTION('Axis2P3D Direction',(0.,1.,0.)) ;
#6795=DIRECTION('Axis2P3D Direction',(0.,0.,1.)) ;
#6796=DIRECTION('Axis2P3D XDirection',(-0.707106781187,0.707106781187,0.)) ;
#6800=DIRECTION('Axis2P3D Direction',(0.,0.,1.)) ;
#6807=DIRECTION('Axis2P3D Direction',(0.,0.,1.)) ;
#6858=DIRECTION('Axis2P3D Direction',(0.,0.,-1.)) ;
#6859=DIRECTION('Axis2P3D XDirection',(-0.707106781187,-0.707106781187,0.)) ;
#6863=DIRECTION('Axis2P3D Direction',(0.,0.,-1.)) ;
#6870=DIRECTION('Axis2P3D Direction',(0.,0.,-1.)) ;
#6985=DIRECTION('Axis2P3D Direction',(0.,-0.,-1.)) ;
#6986=DIRECTION('Axis2P3D XDirection',(0.,-1.,0.)) ;
#6990=DIRECTION('Axis2P3D Direction',(0.,-0.,-1.)) ;
#7016=DIRECTION('Axis2P3D Direction',(0.,-0.,-1.)) ;
#7028=DIRECTION('Axis2P3D Direction',(0.,0.,-1.)) ;
#7029=DIRECTION('Axis2P3D XDirection',(-1.,0.,0.)) ;
#7054=DIRECTION('Axis2P3D Direction',(0.,0.,-1.)) ;
#7059=DIRECTION('Axis2P3D Direction',(0.,0.,-1.)) ;
#7119=DIRECTION('Axis2P3D Direction',(-0.,1.,-0.)) ;
#7120=DIRECTION('Axis2P3D XDirection',(-0.479425538604,0.,0.87758256189)) ;
#7124=DIRECTION('Vector Direction',(0.0299057434372,0.998052578483,-0.0547420961704)) ;
#7162=DIRECTION('Vector Direction',(-0.0299057434372,0.998052578483,0.0547420961704)) ;
#7215=DIRECTION('Axis2P3D Direction',(1.,0.,0.)) ;
#7216=DIRECTION('Axis2P3D XDirection',(0.,1.,0.)) ;
#7220=DIRECTION('Vector Direction',(1.,0.,0.)) ;
#7227=DIRECTION('Axis2P3D Direction',(1.,0.,0.)) ;
#7234=DIRECTION('Vector Direction',(1.,0.,0.)) ;
#7246=DIRECTION('Axis2P3D Direction',(1.,0.,0.)) ;
#7247=DIRECTION('Axis2P3D XDirection',(0.,1.,0.)) ;
#7251=DIRECTION('Axis2P3D Direction',(1.,0.,0.)) ;
#7260=DIRECTION('Vector Direction',(1.,0.,0.)) ;
#7265=DIRECTION('Vector Direction',(1.,0.,0.)) ;
#7277=DIRECTION('Axis2P3D Direction',(1.,0.,0.)) ;
#7289=DIRECTION('Axis2P3D Direction',(1.,0.,0.)) ;
#7523=DIRECTION('Axis2P3D Direction',(0.,0.,1.)) ;
#7524=DIRECTION('Axis2P3D XDirection',(0.,-1.,0.)) ;
#7556=DIRECTION('Axis2P3D Direction',(0.,0.,1.)) ;
#7561=DIRECTION('Axis2P3D Direction',(0.,0.,1.)) ;
#7574=DIRECTION('Axis2P3D Direction',(0.,0.,-1.)) ;
#7575=DIRECTION('Axis2P3D XDirection',(0.,1.,0.)) ;
#7610=DIRECTION('Axis2P3D Direction',(0.,0.,-1.)) ;
#7615=DIRECTION('Axis2P3D Direction',(0.,0.,-1.)) ;
#7695=DIRECTION('Axis2P3D Direction',(-0.,1.,-0.)) ;
#7696=DIRECTION('Axis2P3D XDirection',(-0.479425538604,0.,0.87758256189)) ;
#7700=DIRECTION('Vector Direction',(-0.0299057434372,0.998052578483,0.0547420961704)) ;
#7705=DIRECTION('Vector Direction',(0.0299057434372,0.998052578483,-0.0547420961704)) ;
#8072=DIRECTION('Axis2P3D Direction',(0.,-1.,0.)) ;
#8073=DIRECTION('Axis2P3D XDirection',(-0.479425538604,0.,0.87758256189)) ;
#8077=DIRECTION('Vector Direction',(-0.0299057434372,-0.998052578483,0.0547420961704)) ;
#8082=DIRECTION('Vector Direction',(0.0299057434372,-0.998052578483,-0.0547420961704)) ;
#8103=DIRECTION('Axis2P3D Direction',(0.,-1.,0.)) ;
#8104=DIRECTION('Axis2P3D XDirection',(-0.479425538604,0.,0.87758256189)) ;
#8108=DIRECTION('Vector Direction',(0.0299057434372,-0.998052578483,-0.0547420961704)) ;
#8113=DIRECTION('Vector Direction',(-0.0299057434372,-0.998052578483,0.0547420961704)) ;
#8140=DIRECTION('Axis2P3D Direction',(0.,1.,0.)) ;
#8141=DIRECTION('Axis2P3D XDirection',(-1.,0.,0.)) ;
#8145=DIRECTION('Axis2P3D Direction',(0.,1.,0.)) ;
#8154=DIRECTION('Vector Direction',(0.,1.,0.)) ;
#8161=DIRECTION('Axis2P3D Direction',(0.,1.,0.)) ;
#8168=DIRECTION('Vector Direction',(0.,1.,0.)) ;
#8180=DIRECTION('Axis2P3D Direction',(0.,1.,0.)) ;
#8185=DIRECTION('Axis2P3D Direction',(0.,1.,0.)) ;
#8197=DIRECTION('Axis2P3D Direction',(0.,1.,0.)) ;
#8198=DIRECTION('Axis2P3D XDirection',(1.,-0.,0.)) ;
#8202=DIRECTION('Vector Direction',(1.,0.,0.)) ;
#8209=DIRECTION('Vector Direction',(-1.,0.,0.)) ;
#8216=DIRECTION('Axis2P3D Direction',(0.,1.,0.)) ;
#8223=DIRECTION('Axis2P3D Direction',(0.,1.,0.)) ;
#8236=DIRECTION('Axis2P3D Direction',(0.,1.,0.)) ;
#8243=DIRECTION('Axis2P3D Direction',(0.,1.,0.)) ;
#8256=DIRECTION('Axis2P3D Direction',(0.,1.,0.)) ;
#8257=DIRECTION('Axis2P3D XDirection',(1.,-0.,0.)) ;
#8261=DIRECTION('Axis2P3D Direction',(0.,1.,0.)) ;
#8270=DIRECTION('Axis2P3D Direction',(0.,1.,0.)) ;
#8277=DIRECTION('Vector Direction',(-1.,0.,0.)) ;
#8282=DIRECTION('Vector Direction',(1.,0.,0.)) ;
#8295=DIRECTION('Axis2P3D Direction',(0.,1.,0.)) ;
#8296=DIRECTION('Axis2P3D XDirection',(-1.,0.,0.)) ;
#8300=DIRECTION('Vector Direction',(0.,1.,0.)) ;
#8305=DIRECTION('Vector Direction',(0.,1.,0.)) ;
#8319=DIRECTION('Axis2P3D Direction',(0.,1.,0.)) ;
#8326=DIRECTION('Axis2P3D Direction',(0.,1.,0.)) ;
#8351=DIRECTION('Vector Direction',(0.,1.,0.)) ;
#8360=DIRECTION('Axis2P3D Direction',(0.,1.,0.)) ;
#8367=DIRECTION('Vector Direction',(0.,1.,0.)) ;
#8374=DIRECTION('Axis2P3D Direction',(0.,1.,0.)) ;
#8381=DIRECTION('Vector Direction',(0.,1.,0.)) ;
#8444=DIRECTION('Axis2P3D Direction',(0.,1.,0.)) ;
#8449=DIRECTION('Axis2P3D Direction',(0.,1.,0.)) ;
#8513=DIRECTION('Vector Direction',(1.,0.,0.)) ;
#8520=DIRECTION('Axis2P3D Direction',(1.,0.,0.)) ;
#8527=DIRECTION('Vector Direction',(1.,0.,0.)) ;
#8540=DIRECTION('Axis2P3D Direction',(1.,0.,0.)) ;
#8557=DIRECTION('Axis2P3D Direction',(0.,0.,-1.)) ;
#8558=DIRECTION('Axis2P3D XDirection',(1.,-2.27373675443E-015,0.)) ;
#8562=DIRECTION('Vector Direction',(0.,0.,-1.)) ;
#8571=DIRECTION('Axis2P3D Direction',(0.,0.,-1.)) ;
#8578=DIRECTION('Vector Direction',(0.,0.,-1.)) ;
#8585=DIRECTION('Axis2P3D Direction',(0.,0.,-1.)) ;
#8597=DIRECTION('Axis2P3D Direction',(0.,0.,-1.)) ;
#8598=DIRECTION('Axis2P3D XDirection',(-1.,4.31843146312E-015,-0.)) ;
#8602=DIRECTION('Axis2P3D Direction',(0.,0.,-1.)) ;
#8607=DIRECTION('Axis2P3D Direction',(0.,0.,-1.)) ;
#8621=DIRECTION('Axis2P3D Direction',(0.,1.,0.)) ;
#8630=DIRECTION('Axis2P3D Direction',(1.,-0.,0.)) ;
#8637=DIRECTION('Axis2P3D Direction',(0.,1.,0.)) ;
#8644=DIRECTION('Axis2P3D Direction',(6.12323399574E-017,0.,-1.)) ;
#8656=DIRECTION('Axis2P3D Direction',(1.,-0.,0.)) ;
#8661=DIRECTION('Axis2P3D Direction',(6.12323399574E-017,0.,-1.)) ;
#8675=DIRECTION('Axis2P3D Direction',(1.,0.,0.)) ;
#8676=DIRECTION('Axis2P3D XDirection',(0.,1.,0.)) ;
#8680=DIRECTION('Vector Direction',(1.,0.,0.)) ;
#8689=DIRECTION('Axis2P3D Direction',(1.,0.,0.)) ;
#8696=DIRECTION('Vector Direction',(1.,0.,0.)) ;
#8703=DIRECTION('Axis2P3D Direction',(1.,0.,0.)) ;
#8715=DIRECTION('Axis2P3D Direction',(1.,0.,0.)) ;
#8720=DIRECTION('Axis2P3D Direction',(1.,0.,0.)) ;
#8734=DIRECTION('Axis2P3D Direction',(0.,1.,-0.)) ;
#8735=DIRECTION('Axis2P3D XDirection',(-1.,0.,0.)) ;
#8739=DIRECTION('Vector Direction',(0.,1.,0.)) ;
#8748=DIRECTION('Axis2P3D Direction',(0.,1.,-0.)) ;
#8755=DIRECTION('Vector Direction',(0.,1.,0.)) ;
#8762=DIRECTION('Axis2P3D Direction',(0.,1.,-0.)) ;
#8774=DIRECTION('Axis2P3D Direction',(0.,1.,-0.)) ;
#8779=DIRECTION('Axis2P3D Direction',(0.,1.,-0.)) ;
#8793=DIRECTION('Axis2P3D Direction',(0.,-0.,-1.)) ;
#8802=DIRECTION('Axis2P3D Direction',(1.,0.,0.)) ;
#8809=DIRECTION('Axis2P3D Direction',(0.,-0.,-1.)) ;
#8816=DIRECTION('Axis2P3D Direction',(7.27366154732E-016,-1.,0.)) ;
#8828=DIRECTION('Axis2P3D Direction',(1.,0.,0.)) ;
#8833=DIRECTION('Axis2P3D Direction',(7.27366154732E-016,-1.,0.)) ;
#8847=DIRECTION('Axis2P3D Direction',(0.,0.,-1.)) ;
#8856=DIRECTION('Axis2P3D Direction',(-1.,0.,0.)) ;
#8863=DIRECTION('Axis2P3D Direction',(0.,0.,-1.)) ;
#8870=DIRECTION('Axis2P3D Direction',(-6.12323399574E-017,1.,0.)) ;
#8882=DIRECTION('Axis2P3D Direction',(-1.,0.,0.)) ;
#8887=DIRECTION('Axis2P3D Direction',(-6.12323399574E-017,1.,0.)) ;
#8901=DIRECTION('Vector Direction',(1.,0.,0.)) ;
#8910=DIRECTION('Axis2P3D Direction',(1.,0.,0.)) ;
#8917=DIRECTION('Vector Direction',(1.,0.,0.)) ;
#8924=DIRECTION('Axis2P3D Direction',(1.,0.,0.)) ;
#8936=DIRECTION('Axis2P3D Direction',(1.,0.,0.)) ;
#8941=DIRECTION('Axis2P3D Direction',(1.,0.,0.)) ;
#8955=DIRECTION('Axis2P3D Direction',(0.,0.,-1.)) ;
#8964=DIRECTION('Axis2P3D Direction',(-0.,-1.,-0.)) ;
#8971=DIRECTION('Axis2P3D Direction',(0.,0.,-1.)) ;
#8978=DIRECTION('Axis2P3D Direction',(-1.,-6.12323399574E-017,-0.)) ;
#8990=DIRECTION('Axis2P3D Direction',(-0.,-1.,-0.)) ;
#8995=DIRECTION('Axis2P3D Direction',(-1.,-6.12323399574E-017,-0.)) ;
#9009=DIRECTION('Axis2P3D Direction',(0.,1.,-0.)) ;
#9010=DIRECTION('Axis2P3D XDirection',(-1.,0.,0.)) ;
#9014=DIRECTION('Vector Direction',(0.,1.,0.)) ;
#9023=DIRECTION('Axis2P3D Direction',(0.,1.,-0.)) ;
#9030=DIRECTION('Vector Direction',(0.,1.,0.)) ;
#9037=DIRECTION('Axis2P3D Direction',(0.,1.,-0.)) ;
#9049=DIRECTION('Axis2P3D Direction',(0.,1.,-0.)) ;
#9054=DIRECTION('Axis2P3D Direction',(0.,1.,-0.)) ;
#9068=DIRECTION('Axis2P3D Direction',(0.,0.,1.)) ;
#9077=DIRECTION('Axis2P3D Direction',(-1.,0.,0.)) ;
#9084=DIRECTION('Axis2P3D Direction',(0.,0.,1.)) ;
#9091=DIRECTION('Axis2P3D Direction',(-2.83276944882E-016,-1.,0.)) ;
#9103=DIRECTION('Axis2P3D Direction',(-1.,0.,0.)) ;
#9108=DIRECTION('Axis2P3D Direction',(-2.83276944882E-016,-1.,0.)) ;
#9122=DIRECTION('Vector Direction',(1.,0.,0.)) ;
#9131=DIRECTION('Axis2P3D Direction',(1.,0.,0.)) ;
#9138=DIRECTION('Vector Direction',(1.,0.,0.)) ;
#9145=DIRECTION('Axis2P3D Direction',(1.,0.,0.)) ;
#9157=DIRECTION('Axis2P3D Direction',(1.,0.,0.)) ;
#9162=DIRECTION('Axis2P3D Direction',(1.,0.,0.)) ;
#9176=DIRECTION('Vector Direction',(0.,1.,0.)) ;
#9185=DIRECTION('Axis2P3D Direction',(0.,1.,0.)) ;
#9192=DIRECTION('Vector Direction',(0.,1.,0.)) ;
#9199=DIRECTION('Axis2P3D Direction',(0.,1.,0.)) ;
#9211=DIRECTION('Axis2P3D Direction',(0.,1.,0.)) ;
#9216=DIRECTION('Axis2P3D Direction',(0.,1.,0.)) ;
#9230=DIRECTION('Axis2P3D Direction',(0.,1.,-0.)) ;
#9239=DIRECTION('Vector Direction',(-0.0299057434372,0.998052578483,0.0547420961704)) ;
#9246=DIRECTION('Axis2P3D Direction',(0.,1.,-0.)) ;
#9253=DIRECTION('Vector Direction',(0.0299057434372,0.998052578483,-0.0547420961704)) ;
#9265=DIRECTION('Axis2P3D Direction',(0.,1.,-0.)) ;
#9270=DIRECTION('Axis2P3D Direction',(0.,1.,-0.)) ;
#9284=DIRECTION('Axis2P3D Direction',(0.,-1.,0.)) ;
#9293=DIRECTION('Vector Direction',(-0.0299057434372,-0.998052578483,0.0547420961704)) ;
#9300=DIRECTION('Axis2P3D Direction',(0.,-1.,0.)) ;
#9307=DIRECTION('Vector Direction',(0.0299057434372,-0.998052578483,-0.0547420961704)) ;
#9319=DIRECTION('Axis2P3D Direction',(0.,-1.,0.)) ;
#9324=DIRECTION('Axis2P3D Direction',(0.,-1.,0.)) ;
#9344=DIRECTION('NONE',(1.,0.,0.)) ;
#9345=DIRECTION('NONE',(0.,0.,1.)) ;
#9346=DIRECTION('NONE',(1.,0.,0.)) ;
#9347=DIRECTION('NONE',(0.,0.,1.)) ;
#9360=DIRECTION('Axis2P3D Direction',(1.,0.,0.)) ;
#9361=DIRECTION('Axis2P3D XDirection',(0.,1.,0.)) ;
#9365=DIRECTION('Vector Direction',(1.,0.,0.)) ;
#9374=DIRECTION('Axis2P3D Direction',(1.,0.,0.)) ;
#9381=DIRECTION('Vector Direction',(1.,0.,0.)) ;
#9388=DIRECTION('Axis2P3D Direction',(1.,0.,0.)) ;
#9400=DIRECTION('Axis2P3D Direction',(1.,0.,0.)) ;
#9405=DIRECTION('Axis2P3D Direction',(1.,0.,0.)) ;
#9417=DIRECTION('Axis2P3D Direction',(1.,0.,0.)) ;
#9418=DIRECTION('Axis2P3D XDirection',(0.,1.,0.)) ;
#9426=DIRECTION('Axis2P3D Direction',(1.,0.,0.)) ;
#9435=DIRECTION('Axis2P3D Direction',(1.,0.,0.)) ;
#9444=DIRECTION('Axis2P3D Direction',(1.,0.,0.)) ;
#9453=DIRECTION('Axis2P3D Direction',(1.,0.,0.)) ;
#9462=DIRECTION('Axis2P3D Direction',(1.,0.,0.)) ;
#9471=DIRECTION('Axis2P3D Direction',(1.,0.,0.)) ;
#9480=DIRECTION('Axis2P3D Direction',(1.,0.,0.)) ;
#9489=DIRECTION('Axis2P3D Direction',(1.,0.,0.)) ;
#9498=DIRECTION('Axis2P3D Direction',(1.,0.,0.)) ;
#9507=DIRECTION('Axis2P3D Direction',(1.,0.,0.)) ;
#9516=DIRECTION('Axis2P3D Direction',(1.,0.,0.)) ;
#9525=DIRECTION('Axis2P3D Direction',(1.,0.,0.)) ;
#9534=DIRECTION('Axis2P3D Direction',(1.,0.,0.)) ;
#9543=DIRECTION('Axis2P3D Direction',(1.,0.,0.)) ;
#9552=DIRECTION('Axis2P3D Direction',(1.,0.,0.)) ;
#9561=DIRECTION('Axis2P3D Direction',(1.,0.,0.)) ;
#9570=DIRECTION('Axis2P3D Direction',(1.,0.,0.)) ;
#9579=DIRECTION('Axis2P3D Direction',(1.,0.,0.)) ;
#9588=DIRECTION('Axis2P3D Direction',(1.,0.,0.)) ;
#9597=DIRECTION('Axis2P3D Direction',(1.,0.,0.)) ;
#9606=DIRECTION('Axis2P3D Direction',(1.,0.,0.)) ;
#9615=DIRECTION('Axis2P3D Direction',(1.,0.,0.)) ;
#9624=DIRECTION('Axis2P3D Direction',(1.,0.,0.)) ;
#9633=DIRECTION('Axis2P3D Direction',(1.,0.,0.)) ;
#9642=DIRECTION('Axis2P3D Direction',(1.,0.,0.)) ;
#9651=DIRECTION('Axis2P3D Direction',(1.,0.,0.)) ;
#9661=DIRECTION('Axis2P3D Direction',(1.,0.,0.)) ;
#9662=DIRECTION('Axis2P3D XDirection',(0.,1.,0.)) ;
#9666=DIRECTION('Vector Direction',(1.,0.,0.)) ;
#9673=DIRECTION('Axis2P3D Direction',(1.,0.,0.)) ;
#9680=DIRECTION('Vector Direction',(1.,0.,0.)) ;
#9692=DIRECTION('Axis2P3D Direction',(1.,0.,0.)) ;
#9704=DIRECTION('Axis2P3D Direction',(1.,0.,0.)) ;
#9705=DIRECTION('Axis2P3D XDirection',(0.,0.866025403784,0.5)) ;
#9709=DIRECTION('Vector Direction',(1.,0.,0.)) ;
#9716=DIRECTION('Axis2P3D Direction',(1.,0.,0.)) ;
#9723=DIRECTION('Vector Direction',(1.,0.,0.)) ;
#9735=DIRECTION('Axis2P3D Direction',(1.,0.,0.)) ;
#9747=DIRECTION('Axis2P3D Direction',(1.,0.,0.)) ;
#9748=DIRECTION('Axis2P3D XDirection',(0.,0.5,0.866025403784)) ;
#9752=DIRECTION('Vector Direction',(1.,0.,0.)) ;
#9759=DIRECTION('Axis2P3D Direction',(1.,0.,0.)) ;
#9766=DIRECTION('Vector Direction',(1.,0.,0.)) ;
#9778=DIRECTION('Axis2P3D Direction',(1.,0.,0.)) ;
#9790=DIRECTION('Axis2P3D Direction',(1.,0.,0.)) ;
#9791=DIRECTION('Axis2P3D XDirection',(0.,6.12303176911E-017,1.)) ;
#9795=DIRECTION('Vector Direction',(1.,0.,0.)) ;
#9802=DIRECTION('Axis2P3D Direction',(1.,0.,0.)) ;
#9809=DIRECTION('Vector Direction',(1.,0.,0.)) ;
#9821=DIRECTION('Axis2P3D Direction',(1.,0.,0.)) ;
#9833=DIRECTION('Axis2P3D Direction',(1.,0.,0.)) ;
#9834=DIRECTION('Axis2P3D XDirection',(0.,-0.5,0.866025403784)) ;
#9838=DIRECTION('Vector Direction',(1.,0.,0.)) ;
#9845=DIRECTION('Axis2P3D Direction',(1.,0.,0.)) ;
#9852=DIRECTION('Vector Direction',(1.,0.,0.)) ;
#9864=DIRECTION('Axis2P3D Direction',(1.,0.,0.)) ;
#9876=DIRECTION('Axis2P3D Direction',(1.,0.,0.)) ;
#9877=DIRECTION('Axis2P3D XDirection',(0.,-0.866025403784,0.5)) ;
#9881=DIRECTION('Vector Direction',(1.,0.,0.)) ;
#9888=DIRECTION('Axis2P3D Direction',(1.,0.,0.)) ;
#9895=DIRECTION('Vector Direction',(1.,0.,0.)) ;
#9907=DIRECTION('Axis2P3D Direction',(1.,0.,0.)) ;
#9919=DIRECTION('Axis2P3D Direction',(1.,0.,0.)) ;
#9920=DIRECTION('Axis2P3D XDirection',(0.,-1.,1.22460635382E-016)) ;
#9924=DIRECTION('Vector Direction',(1.,0.,0.)) ;
#9931=DIRECTION('Axis2P3D Direction',(1.,0.,0.)) ;
#9938=DIRECTION('Vector Direction',(1.,0.,0.)) ;
#9950=DIRECTION('Axis2P3D Direction',(1.,0.,0.)) ;
#9962=DIRECTION('Axis2P3D Direction',(1.,0.,0.)) ;
#9963=DIRECTION('Axis2P3D XDirection',(-0.,-0.866025403784,-0.5)) ;
#9967=DIRECTION('Vector Direction',(1.,0.,0.)) ;
#9974=DIRECTION('Axis2P3D Direction',(1.,0.,0.)) ;
#9981=DIRECTION('Vector Direction',(1.,0.,0.)) ;
#9993=DIRECTION('Axis2P3D Direction',(1.,0.,0.)) ;
#10005=DIRECTION('Axis2P3D Direction',(1.,0.,0.)) ;
#10006=DIRECTION('Axis2P3D XDirection',(-0.,-0.5,-0.866025403784)) ;
#10010=DIRECTION('Vector Direction',(1.,0.,0.)) ;
#10017=DIRECTION('Axis2P3D Direction',(1.,0.,0.)) ;
#10024=DIRECTION('Vector Direction',(1.,0.,0.)) ;
#10036=DIRECTION('Axis2P3D Direction',(1.,0.,0.)) ;
#10048=DIRECTION('Axis2P3D Direction',(1.,0.,0.)) ;
#10049=DIRECTION('Axis2P3D XDirection',(-0.,-1.83690953073E-016,-1.)) ;
#10053=DIRECTION('Vector Direction',(1.,0.,0.)) ;
#10060=DIRECTION('Axis2P3D Direction',(1.,0.,0.)) ;
#10067=DIRECTION('Vector Direction',(1.,0.,0.)) ;
#10079=DIRECTION('Axis2P3D Direction',(1.,0.,0.)) ;
#10091=DIRECTION('Axis2P3D Direction',(1.,0.,0.)) ;
#10092=DIRECTION('Axis2P3D XDirection',(0.,0.5,-0.866025403784)) ;
#10096=DIRECTION('Vector Direction',(1.,0.,0.)) ;
#10103=DIRECTION('Axis2P3D Direction',(1.,0.,0.)) ;
#10110=DIRECTION('Vector Direction',(1.,0.,0.)) ;
#10122=DIRECTION('Axis2P3D Direction',(1.,0.,0.)) ;
#10134=DIRECTION('Axis2P3D Direction',(1.,0.,0.)) ;
#10135=DIRECTION('Axis2P3D XDirection',(0.,0.866025403784,-0.5)) ;
#10139=DIRECTION('Vector Direction',(1.,0.,0.)) ;
#10146=DIRECTION('Axis2P3D Direction',(1.,0.,0.)) ;
#10153=DIRECTION('Vector Direction',(1.,0.,0.)) ;
#10165=DIRECTION('Axis2P3D Direction',(1.,0.,0.)) ;
#10177=DIRECTION('Axis2P3D Direction',(-0.,0.,1.)) ;
#10178=DIRECTION('Axis2P3D XDirection',(1.,-0.,0.)) ;
#10182=DIRECTION('Axis2P3D Direction',(-0.,0.,1.)) ;
#10191=DIRECTION('Axis2P3D Direction',(-0.,0.,1.)) ;
#10201=DIRECTION('Axis2P3D Direction',(0.,0.,-1.)) ;
#10202=DIRECTION('Axis2P3D XDirection',(0.,1.,0.)) ;
#10206=DIRECTION('Vector Direction',(0.,0.,-1.)) ;
#10213=DIRECTION('Axis2P3D Direction',(0.,0.,-1.)) ;
#10220=DIRECTION('Vector Direction',(0.,0.,-1.)) ;
#10232=DIRECTION('Axis2P3D Direction',(0.,0.,-1.)) ;
#10244=DIRECTION('Axis2P3D Direction',(0.,1.,0.)) ;
#10245=DIRECTION('Axis2P3D XDirection',(0.,0.,1.)) ;
#10249=DIRECTION('Axis2P3D Direction',(0.,1.,0.)) ;
#10256=DIRECTION('Axis2P3D Direction',(-1.,0.,0.)) ;
#10263=DIRECTION('Axis2P3D Direction',(0.,1.,0.)) ;
#10275=DIRECTION('Axis2P3D Direction',(-1.,0.,0.)) ;
#10287=DIRECTION('Axis2P3D Direction',(1.,0.,0.)) ;
#10288=DIRECTION('Axis2P3D XDirection',(0.,1.,0.)) ;
#10292=DIRECTION('Vector Direction',(1.,0.,0.)) ;
#10299=DIRECTION('Axis2P3D Direction',(1.,0.,0.)) ;
#10306=DIRECTION('Vector Direction',(1.,0.,0.)) ;
#10318=DIRECTION('Axis2P3D Direction',(1.,0.,0.)) ;
#10330=DIRECTION('Axis2P3D Direction',(0.,1.,0.)) ;
#10331=DIRECTION('Axis2P3D XDirection',(-0.707106781187,0.,-0.707106781187)) ;
#10335=DIRECTION('Axis2P3D Direction',(0.,1.,0.)) ;
#10344=DIRECTION('Axis2P3D Direction',(-1.,0.,0.)) ;
#10351=DIRECTION('Axis2P3D Direction',(0.,1.,0.)) ;
#10358=DIRECTION('Axis2P3D Direction',(-2.83276944882E-016,0.,1.)) ;
#10370=DIRECTION('Axis2P3D Direction',(-2.83276944882E-016,0.,1.)) ;
#10375=DIRECTION('Axis2P3D Direction',(-1.,0.,0.)) ;
#10387=DIRECTION('Axis2P3D Direction',(1.,0.,0.)) ;
#10388=DIRECTION('Axis2P3D XDirection',(0.,1.,0.)) ;
#10392=DIRECTION('Vector Direction',(1.,0.,0.)) ;
#10397=DIRECTION('Vector Direction',(1.,0.,0.)) ;
#10409=DIRECTION('Axis2P3D Direction',(0.,0.,-1.)) ;
#10410=DIRECTION('Axis2P3D XDirection',(0.,1.,0.)) ;
#10414=DIRECTION('Vector Direction',(0.,0.,-1.)) ;
#10421=DIRECTION('Vector Direction',(0.,0.,-1.)) ;
#10428=DIRECTION('Axis2P3D Direction',(0.,0.,-1.)) ;
#10440=DIRECTION('Axis2P3D Direction',(0.,0.,-1.)) ;
#10459=DIRECTION('Vector Direction',(0.,1.,0.)) ;
#10468=DIRECTION('Vector Direction',(1.,0.,0.)) ;
#10475=DIRECTION('Vector Direction',(0.,1.,0.)) ;
#10482=DIRECTION('Vector Direction',(1.,0.,0.)) ;
#10498=DIRECTION('Axis2P3D Direction',(1.,0.,-0.)) ;
#10499=DIRECTION('Axis2P3D XDirection',(-0.,0.,-1.)) ;
#10503=DIRECTION('Vector Direction',(0.,1.,0.)) ;
#10512=DIRECTION('Vector Direction',(0.,0.,1.)) ;
#10519=DIRECTION('Vector Direction',(0.,1.,0.)) ;
#10526=DIRECTION('Vector Direction',(0.,0.,1.)) ;
#10533=DIRECTION('Vector Direction',(0.,1.,0.)) ;
#10540=DIRECTION('Vector Direction',(0.,0.,-1.)) ;
#10545=DIRECTION('Vector Direction',(0.,0.,1.)) ;
#10561=DIRECTION('Axis2P3D Direction',(0.,1.,0.)) ;
#10562=DIRECTION('Axis2P3D XDirection',(-1.,0.,0.)) ;
#10566=DIRECTION('Vector Direction',(-1.,0.,0.)) ;
#10573=DIRECTION('Vector Direction',(0.,0.,1.)) ;
#10578=DIRECTION('Vector Direction',(-1.,0.,0.)) ;
#10585=DIRECTION('Vector Direction',(0.,0.,-1.)) ;
#10592=DIRECTION('Vector Direction',(1.,0.,0.)) ;
#10608=DIRECTION('Axis2P3D Direction',(-1.,0.,0.)) ;
#10609=DIRECTION('Axis2P3D XDirection',(0.,0.,1.)) ;
#10613=DIRECTION('Vector Direction',(0.,1.,0.)) ;
#10620=DIRECTION('Vector Direction',(0.,0.,1.)) ;
#10632=DIRECTION('Axis2P3D Direction',(0.,1.,0.)) ;
#10633=DIRECTION('Axis2P3D XDirection',(-1.,0.,0.)) ;
#10637=DIRECTION('Vector Direction',(1.,0.,0.)) ;
#10649=DIRECTION('Axis2P3D Direction',(0.,0.,-1.)) ;
#10650=DIRECTION('Axis2P3D XDirection',(-1.,0.,0.)) ;
#10654=DIRECTION('Vector Direction',(0.,1.,0.)) ;
#10661=DIRECTION('Vector Direction',(-1.,0.,0.)) ;
#10673=DIRECTION('Axis2P3D Direction',(0.,1.,0.)) ;
#10674=DIRECTION('Axis2P3D XDirection',(-1.,0.,0.)) ;
#10678=DIRECTION('Vector Direction',(-1.,0.,0.)) ;
#10685=DIRECTION('Vector Direction',(0.,0.,-1.)) ;
#10697=DIRECTION('Axis2P3D Direction',(-0.,0.,1.)) ;
#10698=DIRECTION('Axis2P3D XDirection',(1.,-0.,0.)) ;
#10702=DIRECTION('Vector Direction',(0.,1.,0.)) ;
#10714=DIRECTION('Axis2P3D Direction',(0.,0.,-1.)) ;
#10715=DIRECTION('Axis2P3D XDirection',(-1.,0.,0.)) ;
#10726=DIRECTION('Axis2P3D Direction',(1.,0.,-0.)) ;
#10727=DIRECTION('Axis2P3D XDirection',(-0.,0.,-1.)) ;
#10738=DIRECTION('Axis2P3D Direction',(1.,0.,0.)) ;
#10739=DIRECTION('Axis2P3D XDirection',(0.,1.,0.)) ;
#10805=DIRECTION('Axis2P3D Direction',(1.,0.,0.)) ;
#10817=DIRECTION('Axis2P3D Direction',(1.,0.,0.)) ;
#10843=DIRECTION('Vector Direction',(0.,0.,-1.)) ;
#10850=DIRECTION('Vector Direction',(0.,0.,-1.)) ;
#10857=DIRECTION('Axis2P3D Direction',(0.,0.,-1.)) ;
#10869=DIRECTION('Axis2P3D Direction',(0.,0.,-1.)) ;
#10891=DIRECTION('NONE',(1.,0.,0.)) ;
#10892=DIRECTION('NONE',(0.,0.,1.)) ;
#10893=DIRECTION('NONE',(1.,0.,0.)) ;
#10894=DIRECTION('NONE',(0.,0.,1.)) ;
#66=AXIS2_PLACEMENT_3D('Cylinder Axis2P3D',#63,#64,#65) ;
#70=AXIS2_PLACEMENT_3D('Circle Axis2P3D',#68,#69,$) ;
#86=AXIS2_PLACEMENT_3D('Circle Axis2P3D',#84,#85,$) ;
#105=AXIS2_PLACEMENT_3D('Circle Axis2P3D',#103,#104,$) ;
#110=AXIS2_PLACEMENT_3D('Circle Axis2P3D',#108,#109,$) ;
#123=AXIS2_PLACEMENT_3D('Plane Axis2P3D',#120,#121,#122) ;
#131=AXIS2_PLACEMENT_3D('Circle Axis2P3D',#129,#130,$) ;
#140=AXIS2_PLACEMENT_3D('Circle Axis2P3D',#138,#139,$) ;
#149=AXIS2_PLACEMENT_3D('Circle Axis2P3D',#147,#148,$) ;
#158=AXIS2_PLACEMENT_3D('Circle Axis2P3D',#156,#157,$) ;
#167=AXIS2_PLACEMENT_3D('Circle Axis2P3D',#165,#166,$) ;
#176=AXIS2_PLACEMENT_3D('Circle Axis2P3D',#174,#175,$) ;
#185=AXIS2_PLACEMENT_3D('Circle Axis2P3D',#183,#184,$) ;
#194=AXIS2_PLACEMENT_3D('Circle Axis2P3D',#192,#193,$) ;
#203=AXIS2_PLACEMENT_3D('Circle Axis2P3D',#201,#202,$) ;
#212=AXIS2_PLACEMENT_3D('Circle Axis2P3D',#210,#211,$) ;
#221=AXIS2_PLACEMENT_3D('Circle Axis2P3D',#219,#220,$) ;
#230=AXIS2_PLACEMENT_3D('Circle Axis2P3D',#228,#229,$) ;
#239=AXIS2_PLACEMENT_3D('Circle Axis2P3D',#237,#238,$) ;
#248=AXIS2_PLACEMENT_3D('Circle Axis2P3D',#246,#247,$) ;
#257=AXIS2_PLACEMENT_3D('Circle Axis2P3D',#255,#256,$) ;
#266=AXIS2_PLACEMENT_3D('Circle Axis2P3D',#264,#265,$) ;
#275=AXIS2_PLACEMENT_3D('Circle Axis2P3D',#273,#274,$) ;
#284=AXIS2_PLACEMENT_3D('Circle Axis2P3D',#282,#283,$) ;
#293=AXIS2_PLACEMENT_3D('Circle Axis2P3D',#291,#292,$) ;
#302=AXIS2_PLACEMENT_3D('Circle Axis2P3D',#300,#301,$) ;
#311=AXIS2_PLACEMENT_3D('Circle Axis2P3D',#309,#310,$) ;
#320=AXIS2_PLACEMENT_3D('Circle Axis2P3D',#318,#319,$) ;
#329=AXIS2_PLACEMENT_3D('Circle Axis2P3D',#327,#328,$) ;
#338=AXIS2_PLACEMENT_3D('Circle Axis2P3D',#336,#337,$) ;
#347=AXIS2_PLACEMENT_3D('Circle Axis2P3D',#345,#346,$) ;
#356=AXIS2_PLACEMENT_3D('Circle Axis2P3D',#354,#355,$) ;
#367=AXIS2_PLACEMENT_3D('Cylinder Axis2P3D',#364,#365,#366) ;
#378=AXIS2_PLACEMENT_3D('Circle Axis2P3D',#376,#377,$) ;
#397=AXIS2_PLACEMENT_3D('Circle Axis2P3D',#395,#396,$) ;
#410=AXIS2_PLACEMENT_3D('Cylinder Axis2P3D',#407,#408,#409) ;
#421=AXIS2_PLACEMENT_3D('Circle Axis2P3D',#419,#420,$) ;
#440=AXIS2_PLACEMENT_3D('Circle Axis2P3D',#438,#439,$) ;
#453=AXIS2_PLACEMENT_3D('Cylinder Axis2P3D',#450,#451,#452) ;
#464=AXIS2_PLACEMENT_3D('Circle Axis2P3D',#462,#463,$) ;
#483=AXIS2_PLACEMENT_3D('Circle Axis2P3D',#481,#482,$) ;
#496=AXIS2_PLACEMENT_3D('Cylinder Axis2P3D',#493,#494,#495) ;
#507=AXIS2_PLACEMENT_3D('Circle Axis2P3D',#505,#506,$) ;
#526=AXIS2_PLACEMENT_3D('Circle Axis2P3D',#524,#525,$) ;
#539=AXIS2_PLACEMENT_3D('Cylinder Axis2P3D',#536,#537,#538) ;
#550=AXIS2_PLACEMENT_3D('Circle Axis2P3D',#548,#549,$) ;
#569=AXIS2_PLACEMENT_3D('Circle Axis2P3D',#567,#568,$) ;
#582=AXIS2_PLACEMENT_3D('Cylinder Axis2P3D',#579,#580,#581) ;
#593=AXIS2_PLACEMENT_3D('Circle Axis2P3D',#591,#592,$) ;
#612=AXIS2_PLACEMENT_3D('Circle Axis2P3D',#610,#611,$) ;
#625=AXIS2_PLACEMENT_3D('Cylinder Axis2P3D',#622,#623,#624) ;
#636=AXIS2_PLACEMENT_3D('Circle Axis2P3D',#634,#635,$) ;
#655=AXIS2_PLACEMENT_3D('Circle Axis2P3D',#653,#654,$) ;
#668=AXIS2_PLACEMENT_3D('Cylinder Axis2P3D',#665,#666,#667) ;
#679=AXIS2_PLACEMENT_3D('Circle Axis2P3D',#677,#678,$) ;
#698=AXIS2_PLACEMENT_3D('Circle Axis2P3D',#696,#697,$) ;
#711=AXIS2_PLACEMENT_3D('Cylinder Axis2P3D',#708,#709,#710) ;
#722=AXIS2_PLACEMENT_3D('Circle Axis2P3D',#720,#721,$) ;
#741=AXIS2_PLACEMENT_3D('Circle Axis2P3D',#739,#740,$) ;
#754=AXIS2_PLACEMENT_3D('Cylinder Axis2P3D',#751,#752,#753) ;
#765=AXIS2_PLACEMENT_3D('Circle Axis2P3D',#763,#764,$) ;
#784=AXIS2_PLACEMENT_3D('Circle Axis2P3D',#782,#783,$) ;
#797=AXIS2_PLACEMENT_3D('Cylinder Axis2P3D',#794,#795,#796) ;
#808=AXIS2_PLACEMENT_3D('Circle Axis2P3D',#806,#807,$) ;
#827=AXIS2_PLACEMENT_3D('Circle Axis2P3D',#825,#826,$) ;
#840=AXIS2_PLACEMENT_3D('Cylinder Axis2P3D',#837,#838,#839) ;
#851=AXIS2_PLACEMENT_3D('Circle Axis2P3D',#849,#850,$) ;
#870=AXIS2_PLACEMENT_3D('Circle Axis2P3D',#868,#869,$) ;
#883=AXIS2_PLACEMENT_3D('Plane Axis2P3D',#880,#881,#882) ;
#923=AXIS2_PLACEMENT_3D('Plane Axis2P3D',#920,#921,#922) ;
#927=AXIS2_PLACEMENT_3D('Circle Axis2P3D',#925,#926,$) ;
#936=AXIS2_PLACEMENT_3D('Circle Axis2P3D',#934,#935,$) ;
#943=AXIS2_PLACEMENT_3D('Circle Axis2P3D',#941,#942,$) ;
#978=AXIS2_PLACEMENT_3D('Plane Axis2P3D',#975,#976,#977) ;
#1068=AXIS2_PLACEMENT_3D('Plane Axis2P3D',#1065,#1066,#1067) ;
#1086=AXIS2_PLACEMENT_3D('Circle Axis2P3D',#1084,#1085,$) ;
#1093=AXIS2_PLACEMENT_3D('Circle Axis2P3D',#1091,#1092,$) ;
#1100=AXIS2_PLACEMENT_3D('Circle Axis2P3D',#1098,#1099,$) ;
#1116=AXIS2_PLACEMENT_3D('Plane Axis2P3D',#1113,#1114,#1115) ;
#1133=AXIS2_PLACEMENT_3D('Plane Axis2P3D',#1130,#1131,#1132) ;
#1150=AXIS2_PLACEMENT_3D('Cylinder Axis2P3D',#1147,#1148,#1149) ;
#1186=AXIS2_PLACEMENT_3D('Plane Axis2P3D',#1183,#1184,#1185) ;
#1315=AXIS2_PLACEMENT_3D('Plane Axis2P3D',#1312,#1313,#1314) ;
#1419=AXIS2_PLACEMENT_3D('Plane Axis2P3D',#1416,#1417,#1418) ;
#1443=AXIS2_PLACEMENT_3D('Plane Axis2P3D',#1440,#1441,#1442) ;
#1467=AXIS2_PLACEMENT_3D('Plane Axis2P3D',#1464,#1465,#1466) ;
#1484=AXIS2_PLACEMENT_3D('Plane Axis2P3D',#1481,#1482,#1483) ;
#1508=AXIS2_PLACEMENT_3D('Plane Axis2P3D',#1505,#1506,#1507) ;
#1525=AXIS2_PLACEMENT_3D('Plane Axis2P3D',#1522,#1523,#1524) ;
#1587=AXIS2_PLACEMENT_3D('Plane Axis2P3D',#1584,#1585,#1586) ;
#1611=AXIS2_PLACEMENT_3D('Plane Axis2P3D',#1608,#1609,#1610) ;
#1658=AXIS2_PLACEMENT_3D('Plane Axis2P3D',#1655,#1656,#1657) ;
#1682=AXIS2_PLACEMENT_3D('Plane Axis2P3D',#1679,#1680,#1681) ;
#1704=AXIS2_PLACEMENT_3D('Circle Axis2P3D',#1702,#1703,$) ;
#1713=AXIS2_PLACEMENT_3D('Circle Axis2P3D',#1711,#1712,$) ;
#1724=AXIS2_PLACEMENT_3D('Plane Axis2P3D',#1721,#1722,#1723) ;
#1741=AXIS2_PLACEMENT_3D('Plane Axis2P3D',#1738,#1739,#1740) ;
#1758=AXIS2_PLACEMENT_3D('Plane Axis2P3D',#1755,#1756,#1757) ;
#1789=AXIS2_PLACEMENT_3D('Plane Axis2P3D',#1786,#1787,#1788) ;
#1813=AXIS2_PLACEMENT_3D('Plane Axis2P3D',#1810,#1811,#1812) ;
#1837=AXIS2_PLACEMENT_3D('Plane Axis2P3D',#1834,#1835,#1836) ;
#1854=AXIS2_PLACEMENT_3D('Plane Axis2P3D',#1851,#1852,#1853) ;
#1866=AXIS2_PLACEMENT_3D('Plane Axis2P3D',#1863,#1864,#1865) ;
#1878=AXIS2_PLACEMENT_3D('Plane Axis2P3D',#1875,#1876,#1877) ;
#1909=AXIS2_PLACEMENT_3D('Plane Axis2P3D',#1906,#1907,#1908) ;
#1933=AXIS2_PLACEMENT_3D('Plane Axis2P3D',#1930,#1931,#1932) ;
#1995=AXIS2_PLACEMENT_3D('Plane Axis2P3D',#1992,#1993,#1994) ;
#2033=AXIS2_PLACEMENT_3D('Circle Axis2P3D',#2031,#2032,$) ;
#2042=AXIS2_PLACEMENT_3D('Circle Axis2P3D',#2040,#2041,$) ;
#2053=AXIS2_PLACEMENT_3D('Plane Axis2P3D',#2050,#2051,#2052) ;
#2093=AXIS2_PLACEMENT_3D('Plane Axis2P3D',#2090,#2091,#2092) ;
#2117=AXIS2_PLACEMENT_3D('Plane Axis2P3D',#2114,#2115,#2116) ;
#2141=AXIS2_PLACEMENT_3D('Plane Axis2P3D',#2138,#2139,#2140) ;
#2181=AXIS2_PLACEMENT_3D('Plane Axis2P3D',#2178,#2179,#2180) ;
#2193=AXIS2_PLACEMENT_3D('Cylinder Axis2P3D',#2190,#2191,#2192) ;
#2211=AXIS2_PLACEMENT_3D('Circle Axis2P3D',#2209,#2210,$) ;
#2223=AXIS2_PLACEMENT_3D('Circle Axis2P3D',#2221,#2222,$) ;
#2236=AXIS2_PLACEMENT_3D('Plane Axis2P3D',#2233,#2234,#2235) ;
#2248=AXIS2_PLACEMENT_3D('Plane Axis2P3D',#2245,#2246,#2247) ;
#2258=AXIS2_PLACEMENT_3D('Circle Axis2P3D',#2256,#2257,$) ;
#2267=AXIS2_PLACEMENT_3D('Circle Axis2P3D',#2265,#2266,$) ;
#2290=AXIS2_PLACEMENT_3D('Plane Axis2P3D',#2287,#2288,#2289) ;
#2314=AXIS2_PLACEMENT_3D('Cylinder Axis2P3D',#2311,#2312,#2313) ;
#2325=AXIS2_PLACEMENT_3D('Circle Axis2P3D',#2323,#2324,$) ;
#2332=AXIS2_PLACEMENT_3D('Circle Axis2P3D',#2330,#2331,$) ;
#2353=AXIS2_PLACEMENT_3D('Cylinder Axis2P3D',#2350,#2351,#2352) ;
#2357=AXIS2_PLACEMENT_3D('Circle Axis2P3D',#2355,#2356,$) ;
#2364=AXIS2_PLACEMENT_3D('Circle Axis2P3D',#2362,#2363,$) ;
#2378=AXIS2_PLACEMENT_3D('Plane Axis2P3D',#2375,#2376,#2377) ;
#2390=AXIS2_PLACEMENT_3D('Plane Axis2P3D',#2387,#2388,#2389) ;
#2398=AXIS2_PLACEMENT_3D('Circle Axis2P3D',#2396,#2397,$) ;
#2407=AXIS2_PLACEMENT_3D('Circle Axis2P3D',#2405,#2406,$) ;
#2418=AXIS2_PLACEMENT_3D('Cylinder Axis2P3D',#2415,#2416,#2417) ;
#2429=AXIS2_PLACEMENT_3D('Circle Axis2P3D',#2427,#2428,$) ;
#2436=AXIS2_PLACEMENT_3D('Circle Axis2P3D',#2434,#2435,$) ;
#2464=AXIS2_PLACEMENT_3D('Circle Axis2P3D',#2462,#2463,$) ;
#2471=AXIS2_PLACEMENT_3D('Circle Axis2P3D',#2469,#2470,$) ;
#2486=AXIS2_PLACEMENT_3D('Torus Axis2P3D',#2483,#2484,#2485) ;
#2490=AXIS2_PLACEMENT_3D('Circle Axis2P3D',#2488,#2489,$) ;
#2516=AXIS2_PLACEMENT_3D('Circle Axis2P3D',#2514,#2515,$) ;
#2555=AXIS2_PLACEMENT_3D('Cylinder Axis2P3D',#2552,#2553,#2554) ;
#2566=AXIS2_PLACEMENT_3D('Circle Axis2P3D',#2564,#2565,$) ;
#2585=AXIS2_PLACEMENT_3D('Circle Axis2P3D',#2583,#2584,$) ;
#2598=AXIS2_PLACEMENT_3D('Torus Axis2P3D',#2595,#2596,#2597) ;
#2602=AXIS2_PLACEMENT_3D('Circle Axis2P3D',#2600,#2601,$) ;
#2628=AXIS2_PLACEMENT_3D('Circle Axis2P3D',#2626,#2627,$) ;
#2667=AXIS2_PLACEMENT_3D('Cylinder Axis2P3D',#2664,#2665,#2666) ;
#2678=AXIS2_PLACEMENT_3D('Circle Axis2P3D',#2676,#2677,$) ;
#2697=AXIS2_PLACEMENT_3D('Circle Axis2P3D',#2695,#2696,$) ;
#2715=AXIS2_PLACEMENT_3D('Cylinder Axis2P3D',#2712,#2713,#2714) ;
#2726=AXIS2_PLACEMENT_3D('Circle Axis2P3D',#2724,#2725,$) ;
#2745=AXIS2_PLACEMENT_3D('Circle Axis2P3D',#2743,#2744,$) ;
#2758=AXIS2_PLACEMENT_3D('Torus Axis2P3D',#2755,#2756,#2757) ;
#2762=AXIS2_PLACEMENT_3D('Circle Axis2P3D',#2760,#2761,$) ;
#2788=AXIS2_PLACEMENT_3D('Circle Axis2P3D',#2786,#2787,$) ;
#2825=AXIS2_PLACEMENT_3D('Torus Axis2P3D',#2822,#2823,#2824) ;
#2829=AXIS2_PLACEMENT_3D('Circle Axis2P3D',#2827,#2828,$) ;
#2855=AXIS2_PLACEMENT_3D('Circle Axis2P3D',#2853,#2854,$) ;
#2892=AXIS2_PLACEMENT_3D('Cylinder Axis2P3D',#2889,#2890,#2891) ;
#2896=AXIS2_PLACEMENT_3D('Circle Axis2P3D',#2894,#2895,$) ;
#2922=AXIS2_PLACEMENT_3D('Circle Axis2P3D',#2920,#2921,$) ;
#2935=AXIS2_PLACEMENT_3D('Cylinder Axis2P3D',#2932,#2933,#2934) ;
#2939=AXIS2_PLACEMENT_3D('Circle Axis2P3D',#2937,#2938,$) ;
#2965=AXIS2_PLACEMENT_3D('Circle Axis2P3D',#2963,#2964,$) ;
#2978=AXIS2_PLACEMENT_3D('Torus Axis2P3D',#2975,#2976,#2977) ;
#2982=AXIS2_PLACEMENT_3D('Circle Axis2P3D',#2980,#2981,$) ;
#3008=AXIS2_PLACEMENT_3D('Circle Axis2P3D',#3006,#3007,$) ;
#3045=AXIS2_PLACEMENT_3D('Torus Axis2P3D',#3042,#3043,#3044) ;
#3049=AXIS2_PLACEMENT_3D('Circle Axis2P3D',#3047,#3048,$) ;
#3075=AXIS2_PLACEMENT_3D('Circle Axis2P3D',#3073,#3074,$) ;
#3112=AXIS2_PLACEMENT_3D('Cylinder Axis2P3D',#3109,#3110,#3111) ;
#3123=AXIS2_PLACEMENT_3D('Circle Axis2P3D',#3121,#3122,$) ;
#3142=AXIS2_PLACEMENT_3D('Circle Axis2P3D',#3140,#3141,$) ;
#3155=AXIS2_PLACEMENT_3D('Cylinder Axis2P3D',#3152,#3153,#3154) ;
#3166=AXIS2_PLACEMENT_3D('Circle Axis2P3D',#3164,#3165,$) ;
#3185=AXIS2_PLACEMENT_3D('Circle Axis2P3D',#3183,#3184,$) ;
#3198=AXIS2_PLACEMENT_3D('Torus Axis2P3D',#3195,#3196,#3197) ;
#3202=AXIS2_PLACEMENT_3D('Circle Axis2P3D',#3200,#3201,$) ;
#3209=AXIS2_PLACEMENT_3D('Circle Axis2P3D',#3207,#3208,$) ;
#3265=AXIS2_PLACEMENT_3D('Torus Axis2P3D',#3262,#3263,#3264) ;
#3269=AXIS2_PLACEMENT_3D('Circle Axis2P3D',#3267,#3268,$) ;
#3276=AXIS2_PLACEMENT_3D('Circle Axis2P3D',#3274,#3275,$) ;
#3332=AXIS2_PLACEMENT_3D('Cylinder Axis2P3D',#3329,#3330,#3331) ;
#3343=AXIS2_PLACEMENT_3D('Circle Axis2P3D',#3341,#3342,$) ;
#3362=AXIS2_PLACEMENT_3D('Circle Axis2P3D',#3360,#3361,$) ;
#3375=AXIS2_PLACEMENT_3D('Cylinder Axis2P3D',#3372,#3373,#3374) ;
#3386=AXIS2_PLACEMENT_3D('Circle Axis2P3D',#3384,#3385,$) ;
#3405=AXIS2_PLACEMENT_3D('Circle Axis2P3D',#3403,#3404,$) ;
#3418=AXIS2_PLACEMENT_3D('Torus Axis2P3D',#3415,#3416,#3417) ;
#3422=AXIS2_PLACEMENT_3D('Circle Axis2P3D',#3420,#3421,$) ;
#3448=AXIS2_PLACEMENT_3D('Circle Axis2P3D',#3446,#3447,$) ;
#3485=AXIS2_PLACEMENT_3D('Torus Axis2P3D',#3482,#3483,#3484) ;
#3489=AXIS2_PLACEMENT_3D('Circle Axis2P3D',#3487,#3488,$) ;
#3515=AXIS2_PLACEMENT_3D('Circle Axis2P3D',#3513,#3514,$) ;
#3552=AXIS2_PLACEMENT_3D('Cylinder Axis2P3D',#3549,#3550,#3551) ;
#3581=AXIS2_PLACEMENT_3D('Cylinder Axis2P3D',#3578,#3579,#3580) ;
#3585=AXIS2_PLACEMENT_3D('Circle Axis2P3D',#3583,#3584,$) ;
#3611=AXIS2_PLACEMENT_3D('Circle Axis2P3D',#3609,#3610,$) ;
#3690=AXIS2_PLACEMENT_3D('Cylinder Axis2P3D',#3687,#3688,#3689) ;
#3703=AXIS2_PLACEMENT_3D('Circle Axis2P3D',#3701,#3702,$) ;
#3717=AXIS2_PLACEMENT_3D('Circle Axis2P3D',#3715,#3716,$) ;
#3730=AXIS2_PLACEMENT_3D('Cylinder Axis2P3D',#3727,#3728,#3729) ;
#3734=AXIS2_PLACEMENT_3D('Circle Axis2P3D',#3732,#3733,$) ;
#3739=AXIS2_PLACEMENT_3D('Circle Axis2P3D',#3737,#3738,$) ;
#3755=AXIS2_PLACEMENT_3D('Circle Axis2P3D',#3753,#3754,$) ;
#3764=AXIS2_PLACEMENT_3D('Circle Axis2P3D',#3762,#3763,$) ;
#3771=AXIS2_PLACEMENT_3D('Circle Axis2P3D',#3769,#3770,$) ;
#3778=AXIS2_PLACEMENT_3D('Circle Axis2P3D',#3776,#3777,$) ;
#3790=AXIS2_PLACEMENT_3D('Circle Axis2P3D',#3788,#3789,$) ;
#3795=AXIS2_PLACEMENT_3D('Circle Axis2P3D',#3793,#3794,$) ;
#3818=AXIS2_PLACEMENT_3D('Circle Axis2P3D',#3816,#3817,$) ;
#3832=AXIS2_PLACEMENT_3D('Circle Axis2P3D',#3830,#3831,$) ;
#3844=AXIS2_PLACEMENT_3D('Circle Axis2P3D',#3842,#3843,$) ;
#3849=AXIS2_PLACEMENT_3D('Circle Axis2P3D',#3847,#3848,$) ;
#3863=AXIS2_PLACEMENT_3D('Circle Axis2P3D',#3861,#3862,$) ;
#3872=AXIS2_PLACEMENT_3D('Circle Axis2P3D',#3870,#3871,$) ;
#3879=AXIS2_PLACEMENT_3D('Circle Axis2P3D',#3877,#3878,$) ;
#3886=AXIS2_PLACEMENT_3D('Circle Axis2P3D',#3884,#3885,$) ;
#3898=AXIS2_PLACEMENT_3D('Circle Axis2P3D',#3896,#3897,$) ;
#3903=AXIS2_PLACEMENT_3D('Circle Axis2P3D',#3901,#3902,$) ;
#3926=AXIS2_PLACEMENT_3D('Circle Axis2P3D',#3924,#3925,$) ;
#3940=AXIS2_PLACEMENT_3D('Circle Axis2P3D',#3938,#3939,$) ;
#3952=AXIS2_PLACEMENT_3D('Circle Axis2P3D',#3950,#3951,$) ;
#3957=AXIS2_PLACEMENT_3D('Circle Axis2P3D',#3955,#3956,$) ;
#3971=AXIS2_PLACEMENT_3D('Circle Axis2P3D',#3969,#3970,$) ;
#3980=AXIS2_PLACEMENT_3D('Circle Axis2P3D',#3978,#3979,$) ;
#3987=AXIS2_PLACEMENT_3D('Circle Axis2P3D',#3985,#3986,$) ;
#3994=AXIS2_PLACEMENT_3D('Circle Axis2P3D',#3992,#3993,$) ;
#4006=AXIS2_PLACEMENT_3D('Circle Axis2P3D',#4004,#4005,$) ;
#4011=AXIS2_PLACEMENT_3D('Circle Axis2P3D',#4009,#4010,$) ;
#4034=AXIS2_PLACEMENT_3D('Circle Axis2P3D',#4032,#4033,$) ;
#4048=AXIS2_PLACEMENT_3D('Circle Axis2P3D',#4046,#4047,$) ;
#4060=AXIS2_PLACEMENT_3D('Circle Axis2P3D',#4058,#4059,$) ;
#4065=AXIS2_PLACEMENT_3D('Circle Axis2P3D',#4063,#4064,$) ;
#4079=AXIS2_PLACEMENT_3D('Circle Axis2P3D',#4077,#4078,$) ;
#4088=AXIS2_PLACEMENT_3D('Circle Axis2P3D',#4086,#4087,$) ;
#4095=AXIS2_PLACEMENT_3D('Circle Axis2P3D',#4093,#4094,$) ;
#4102=AXIS2_PLACEMENT_3D('Circle Axis2P3D',#4100,#4101,$) ;
#4114=AXIS2_PLACEMENT_3D('Circle Axis2P3D',#4112,#4113,$) ;
#4119=AXIS2_PLACEMENT_3D('Circle Axis2P3D',#4117,#4118,$) ;
#4142=AXIS2_PLACEMENT_3D('Circle Axis2P3D',#4140,#4141,$) ;
#4156=AXIS2_PLACEMENT_3D('Circle Axis2P3D',#4154,#4155,$) ;
#4168=AXIS2_PLACEMENT_3D('Circle Axis2P3D',#4166,#4167,$) ;
#4173=AXIS2_PLACEMENT_3D('Circle Axis2P3D',#4171,#4172,$) ;
#4187=AXIS2_PLACEMENT_3D('Circle Axis2P3D',#4185,#4186,$) ;
#4196=AXIS2_PLACEMENT_3D('Circle Axis2P3D',#4194,#4195,$) ;
#4203=AXIS2_PLACEMENT_3D('Circle Axis2P3D',#4201,#4202,$) ;
#4210=AXIS2_PLACEMENT_3D('Circle Axis2P3D',#4208,#4209,$) ;
#4222=AXIS2_PLACEMENT_3D('Circle Axis2P3D',#4220,#4221,$) ;
#4227=AXIS2_PLACEMENT_3D('Circle Axis2P3D',#4225,#4226,$) ;
#4250=AXIS2_PLACEMENT_3D('Circle Axis2P3D',#4248,#4249,$) ;
#4264=AXIS2_PLACEMENT_3D('Circle Axis2P3D',#4262,#4263,$) ;
#4276=AXIS2_PLACEMENT_3D('Circle Axis2P3D',#4274,#4275,$) ;
#4281=AXIS2_PLACEMENT_3D('Circle Axis2P3D',#4279,#4280,$) ;
#4296=AXIS2_PLACEMENT_3D(' ',#4299,#4303,#4302) ;
#4297=AXIS2_PLACEMENT_3D(' ',#4298,#4301,#4300) ;
#4318=AXIS2_PLACEMENT_3D('Plane Axis2P3D',#4315,#4316,#4317) ;
#4374=AXIS2_PLACEMENT_3D('Plane Axis2P3D',#4371,#4372,#4373) ;
#4437=AXIS2_PLACEMENT_3D('Plane Axis2P3D',#4434,#4435,#4436) ;
#4518=AXIS2_PLACEMENT_3D('Plane Axis2P3D',#4515,#4516,#4517) ;
#4542=AXIS2_PLACEMENT_3D('Plane Axis2P3D',#4539,#4540,#4541) ;
#4566=AXIS2_PLACEMENT_3D('Plane Axis2P3D',#4563,#4564,#4565) ;
#4590=AXIS2_PLACEMENT_3D('Plane Axis2P3D',#4587,#4588,#4589) ;
#4607=AXIS2_PLACEMENT_3D('Plane Axis2P3D',#4604,#4605,#4606) ;
#4638=AXIS2_PLACEMENT_3D('Plane Axis2P3D',#4635,#4636,#4637) ;
#4655=AXIS2_PLACEMENT_3D('Plane Axis2P3D',#4652,#4653,#4654) ;
#4667=AXIS2_PLACEMENT_3D('Circle Axis2P3D',#4665,#4666,$) ;
#4676=AXIS2_PLACEMENT_3D('Circle Axis2P3D',#4674,#4675,$) ;
#4687=AXIS2_PLACEMENT_3D('Plane Axis2P3D',#4684,#4685,#4686) ;
#4704=AXIS2_PLACEMENT_3D('Plane Axis2P3D',#4701,#4702,#4703) ;
#4840=AXIS2_PLACEMENT_3D('Plane Axis2P3D',#4837,#4838,#4839) ;
#4972=AXIS2_PLACEMENT_3D('Plane Axis2P3D',#4969,#4970,#4971) ;
#4989=AXIS2_PLACEMENT_3D('Cylinder Axis2P3D',#4986,#4987,#4988) ;
#5000=AXIS2_PLACEMENT_3D('Circle Axis2P3D',#4998,#4999,$) ;
#5007=AXIS2_PLACEMENT_3D('Circle Axis2P3D',#5005,#5006,$) ;
#5028=AXIS2_PLACEMENT_3D('Cylinder Axis2P3D',#5025,#5026,#5027) ;
#5032=AXIS2_PLACEMENT_3D('Circle Axis2P3D',#5030,#5031,$) ;
#5039=AXIS2_PLACEMENT_3D('Circle Axis2P3D',#5037,#5038,$) ;
#5053=AXIS2_PLACEMENT_3D('Plane Axis2P3D',#5050,#5051,#5052) ;
#5077=AXIS2_PLACEMENT_3D('Plane Axis2P3D',#5074,#5075,#5076) ;
#5124=AXIS2_PLACEMENT_3D('Plane Axis2P3D',#5121,#5122,#5123) ;
#5148=AXIS2_PLACEMENT_3D('Plane Axis2P3D',#5145,#5146,#5147) ;
#5170=AXIS2_PLACEMENT_3D('Circle Axis2P3D',#5168,#5169,$) ;
#5179=AXIS2_PLACEMENT_3D('Circle Axis2P3D',#5177,#5178,$) ;
#5190=AXIS2_PLACEMENT_3D('Plane Axis2P3D',#5187,#5188,#5189) ;
#5207=AXIS2_PLACEMENT_3D('Plane Axis2P3D',#5204,#5205,#5206) ;
#5288=AXIS2_PLACEMENT_3D('Plane Axis2P3D',#5285,#5286,#5287) ;
#5319=AXIS2_PLACEMENT_3D('Plane Axis2P3D',#5316,#5317,#5318) ;
#5343=AXIS2_PLACEMENT_3D('Plane Axis2P3D',#5340,#5341,#5342) ;
#5367=AXIS2_PLACEMENT_3D('Plane Axis2P3D',#5364,#5365,#5366) ;
#5384=AXIS2_PLACEMENT_3D('Plane Axis2P3D',#5381,#5382,#5383) ;
#5408=AXIS2_PLACEMENT_3D('Plane Axis2P3D',#5405,#5406,#5407) ;
#5432=AXIS2_PLACEMENT_3D('Plane Axis2P3D',#5429,#5430,#5431) ;
#5449=AXIS2_PLACEMENT_3D('Plane Axis2P3D',#5446,#5447,#5448) ;
#5461=AXIS2_PLACEMENT_3D('Plane Axis2P3D',#5458,#5459,#5460) ;
#5492=AXIS2_PLACEMENT_3D('Plane Axis2P3D',#5489,#5490,#5491) ;
#5516=AXIS2_PLACEMENT_3D('Plane Axis2P3D',#5513,#5514,#5515) ;
#5552=AXIS2_PLACEMENT_3D('Torus Axis2P3D',#5549,#5550,#5551) ;
#5556=AXIS2_PLACEMENT_3D('Circle Axis2P3D',#5554,#5555,$) ;
#5582=AXIS2_PLACEMENT_3D('Circle Axis2P3D',#5580,#5581,$) ;
#5621=AXIS2_PLACEMENT_3D('Plane Axis2P3D',#5618,#5619,#5620) ;
#5633=AXIS2_PLACEMENT_3D('Cylinder Axis2P3D',#5630,#5631,#5632) ;
#5651=AXIS2_PLACEMENT_3D('Circle Axis2P3D',#5649,#5650,$) ;
#5663=AXIS2_PLACEMENT_3D('Circle Axis2P3D',#5661,#5662,$) ;
#5676=AXIS2_PLACEMENT_3D('Plane Axis2P3D',#5673,#5674,#5675) ;
#5688=AXIS2_PLACEMENT_3D('Plane Axis2P3D',#5685,#5686,#5687) ;
#5713=AXIS2_PLACEMENT_3D('Circle Axis2P3D',#5711,#5712,$) ;
#5720=AXIS2_PLACEMENT_3D('Circle Axis2P3D',#5718,#5719,$) ;
#5727=AXIS2_PLACEMENT_3D('Circle Axis2P3D',#5725,#5726,$) ;
#5743=AXIS2_PLACEMENT_3D('Plane Axis2P3D',#5740,#5741,#5742) ;
#5767=AXIS2_PLACEMENT_3D('Plane Axis2P3D',#5764,#5765,#5766) ;
#5771=AXIS2_PLACEMENT_3D('Circle Axis2P3D',#5769,#5770,$) ;
#5780=AXIS2_PLACEMENT_3D('Circle Axis2P3D',#5778,#5779,$) ;
#5787=AXIS2_PLACEMENT_3D('Circle Axis2P3D',#5785,#5786,$) ;
#5815=AXIS2_PLACEMENT_3D('Plane Axis2P3D',#5812,#5813,#5814) ;
#5832=AXIS2_PLACEMENT_3D('Plane Axis2P3D',#5829,#5830,#5831) ;
#5844=AXIS2_PLACEMENT_3D('Plane Axis2P3D',#5841,#5842,#5843) ;
#5854=AXIS2_PLACEMENT_3D('Circle Axis2P3D',#5852,#5853,$) ;
#5863=AXIS2_PLACEMENT_3D('Circle Axis2P3D',#5861,#5862,$) ;
#5874=AXIS2_PLACEMENT_3D('Cylinder Axis2P3D',#5871,#5872,#5873) ;
#6005=AXIS2_PLACEMENT_3D('Plane Axis2P3D',#6002,#6003,#6004) ;
#6013=AXIS2_PLACEMENT_3D('Circle Axis2P3D',#6011,#6012,$) ;
#6022=AXIS2_PLACEMENT_3D('Circle Axis2P3D',#6020,#6021,$) ;
#6033=AXIS2_PLACEMENT_3D('Cylinder Axis2P3D',#6030,#6031,#6032) ;
#6074=AXIS2_PLACEMENT_3D('Plane Axis2P3D',#6071,#6072,#6073) ;
#6086=AXIS2_PLACEMENT_3D('Cylinder Axis2P3D',#6083,#6084,#6085) ;
#6097=AXIS2_PLACEMENT_3D('Circle Axis2P3D',#6095,#6096,$) ;
#6104=AXIS2_PLACEMENT_3D('Circle Axis2P3D',#6102,#6103,$) ;
#6132=AXIS2_PLACEMENT_3D('Circle Axis2P3D',#6130,#6131,$) ;
#6139=AXIS2_PLACEMENT_3D('Circle Axis2P3D',#6137,#6138,$) ;
#6154=AXIS2_PLACEMENT_3D('Cylinder Axis2P3D',#6151,#6152,#6153) ;
#6179=AXIS2_PLACEMENT_3D('Circle Axis2P3D',#6177,#6178,$) ;
#6193=AXIS2_PLACEMENT_3D('Circle Axis2P3D',#6191,#6192,$) ;
#6217=AXIS2_PLACEMENT_3D('Circle Axis2P3D',#6215,#6216,$) ;
#6222=AXIS2_PLACEMENT_3D('Circle Axis2P3D',#6220,#6221,$) ;
#6240=AXIS2_PLACEMENT_3D('Cylinder Axis2P3D',#6237,#6238,#6239) ;
#6251=AXIS2_PLACEMENT_3D('Circle Axis2P3D',#6249,#6250,$) ;
#6270=AXIS2_PLACEMENT_3D('Circle Axis2P3D',#6268,#6269,$) ;
#6283=AXIS2_PLACEMENT_3D('Torus Axis2P3D',#6280,#6281,#6282) ;
#6287=AXIS2_PLACEMENT_3D('Circle Axis2P3D',#6285,#6286,$) ;
#6313=AXIS2_PLACEMENT_3D('Circle Axis2P3D',#6311,#6312,$) ;
#6352=AXIS2_PLACEMENT_3D('Torus Axis2P3D',#6349,#6350,#6351) ;
#6356=AXIS2_PLACEMENT_3D('Circle Axis2P3D',#6354,#6355,$) ;
#6382=AXIS2_PLACEMENT_3D('Circle Axis2P3D',#6380,#6381,$) ;
#6395=AXIS2_PLACEMENT_3D('Torus Axis2P3D',#6392,#6393,#6394) ;
#6420=AXIS2_PLACEMENT_3D('Circle Axis2P3D',#6418,#6419,$) ;
#6425=AXIS2_PLACEMENT_3D('Circle Axis2P3D',#6423,#6424,$) ;
#6491=AXIS2_PLACEMENT_3D('Cylinder Axis2P3D',#6488,#6489,#6490) ;
#6625=AXIS2_PLACEMENT_3D('Cylinder Axis2P3D',#6622,#6623,#6624) ;
#6636=AXIS2_PLACEMENT_3D('Circle Axis2P3D',#6634,#6635,$) ;
#6656=AXIS2_PLACEMENT_3D('Cylinder Axis2P3D',#6653,#6654,#6655) ;
#6660=AXIS2_PLACEMENT_3D('Circle Axis2P3D',#6658,#6659,$) ;
#6686=AXIS2_PLACEMENT_3D('Circle Axis2P3D',#6684,#6685,$) ;
#6698=AXIS2_PLACEMENT_3D('Circle Axis2P3D',#6696,#6697,$) ;
#6711=AXIS2_PLACEMENT_3D('Cylinder Axis2P3D',#6708,#6709,#6710) ;
#6715=AXIS2_PLACEMENT_3D('Circle Axis2P3D',#6713,#6714,$) ;
#6750=AXIS2_PLACEMENT_3D('Circle Axis2P3D',#6748,#6749,$) ;
#6774=AXIS2_PLACEMENT_3D('Circle Axis2P3D',#6772,#6773,$) ;
#6779=AXIS2_PLACEMENT_3D('Circle Axis2P3D',#6777,#6778,$) ;
#6797=AXIS2_PLACEMENT_3D('Torus Axis2P3D',#6794,#6795,#6796) ;
#6801=AXIS2_PLACEMENT_3D('Circle Axis2P3D',#6799,#6800,$) ;
#6808=AXIS2_PLACEMENT_3D('Circle Axis2P3D',#6806,#6807,$) ;
#6860=AXIS2_PLACEMENT_3D('Torus Axis2P3D',#6857,#6858,#6859) ;
#6864=AXIS2_PLACEMENT_3D('Circle Axis2P3D',#6862,#6863,$) ;
#6871=AXIS2_PLACEMENT_3D('Circle Axis2P3D',#6869,#6870,$) ;
#6987=AXIS2_PLACEMENT_3D('Torus Axis2P3D',#6984,#6985,#6986) ;
#6991=AXIS2_PLACEMENT_3D('Circle Axis2P3D',#6989,#6990,$) ;
#7017=AXIS2_PLACEMENT_3D('Circle Axis2P3D',#7015,#7016,$) ;
#7030=AXIS2_PLACEMENT_3D('Torus Axis2P3D',#7027,#7028,#7029) ;
#7055=AXIS2_PLACEMENT_3D('Circle Axis2P3D',#7053,#7054,$) ;
#7060=AXIS2_PLACEMENT_3D('Circle Axis2P3D',#7058,#7059,$) ;
#7121=AXIS2_PLACEMENT_3D('Cone Axis2P3D',#7118,#7119,#7120) ;
#7217=AXIS2_PLACEMENT_3D('Cylinder Axis2P3D',#7214,#7215,#7216) ;
#7228=AXIS2_PLACEMENT_3D('Circle Axis2P3D',#7226,#7227,$) ;
#7248=AXIS2_PLACEMENT_3D('Cylinder Axis2P3D',#7245,#7246,#7247) ;
#7252=AXIS2_PLACEMENT_3D('Circle Axis2P3D',#7250,#7251,$) ;
#7278=AXIS2_PLACEMENT_3D('Circle Axis2P3D',#7276,#7277,$) ;
#7290=AXIS2_PLACEMENT_3D('Circle Axis2P3D',#7288,#7289,$) ;
#7525=AXIS2_PLACEMENT_3D('Torus Axis2P3D',#7522,#7523,#7524) ;
#7557=AXIS2_PLACEMENT_3D('Circle Axis2P3D',#7555,#7556,$) ;
#7562=AXIS2_PLACEMENT_3D('Circle Axis2P3D',#7560,#7561,$) ;
#7576=AXIS2_PLACEMENT_3D('Torus Axis2P3D',#7573,#7574,#7575) ;
#7611=AXIS2_PLACEMENT_3D('Circle Axis2P3D',#7609,#7610,$) ;
#7616=AXIS2_PLACEMENT_3D('Circle Axis2P3D',#7614,#7615,$) ;
#7697=AXIS2_PLACEMENT_3D('Cone Axis2P3D',#7694,#7695,#7696) ;
#8074=AXIS2_PLACEMENT_3D('Cone Axis2P3D',#8071,#8072,#8073) ;
#8105=AXIS2_PLACEMENT_3D('Cone Axis2P3D',#8102,#8103,#8104) ;
#8142=AXIS2_PLACEMENT_3D('Cylinder Axis2P3D',#8139,#8140,#8141) ;
#8146=AXIS2_PLACEMENT_3D('Circle Axis2P3D',#8144,#8145,$) ;
#8162=AXIS2_PLACEMENT_3D('Circle Axis2P3D',#8160,#8161,$) ;
#8181=AXIS2_PLACEMENT_3D('Circle Axis2P3D',#8179,#8180,$) ;
#8186=AXIS2_PLACEMENT_3D('Circle Axis2P3D',#8184,#8185,$) ;
#8199=AXIS2_PLACEMENT_3D('Plane Axis2P3D',#8196,#8197,#8198) ;
#8217=AXIS2_PLACEMENT_3D('Circle Axis2P3D',#8215,#8216,$) ;
#8224=AXIS2_PLACEMENT_3D('Circle Axis2P3D',#8222,#8223,$) ;
#8237=AXIS2_PLACEMENT_3D('Circle Axis2P3D',#8235,#8236,$) ;
#8244=AXIS2_PLACEMENT_3D('Circle Axis2P3D',#8242,#8243,$) ;
#8258=AXIS2_PLACEMENT_3D('Plane Axis2P3D',#8255,#8256,#8257) ;
#8262=AXIS2_PLACEMENT_3D('Circle Axis2P3D',#8260,#8261,$) ;
#8271=AXIS2_PLACEMENT_3D('Circle Axis2P3D',#8269,#8270,$) ;
#8297=AXIS2_PLACEMENT_3D('Cylinder Axis2P3D',#8294,#8295,#8296) ;
#8320=AXIS2_PLACEMENT_3D('Circle Axis2P3D',#8318,#8319,$) ;
#8327=AXIS2_PLACEMENT_3D('Circle Axis2P3D',#8325,#8326,$) ;
#8361=AXIS2_PLACEMENT_3D('Circle Axis2P3D',#8359,#8360,$) ;
#8375=AXIS2_PLACEMENT_3D('Circle Axis2P3D',#8373,#8374,$) ;
#8445=AXIS2_PLACEMENT_3D('Circle Axis2P3D',#8443,#8444,$) ;
#8450=AXIS2_PLACEMENT_3D('Circle Axis2P3D',#8448,#8449,$) ;
#8521=AXIS2_PLACEMENT_3D('Circle Axis2P3D',#8519,#8520,$) ;
#8541=AXIS2_PLACEMENT_3D('Circle Axis2P3D',#8539,#8540,$) ;
#8559=AXIS2_PLACEMENT_3D('Cylinder Axis2P3D',#8556,#8557,#8558) ;
#8572=AXIS2_PLACEMENT_3D('Circle Axis2P3D',#8570,#8571,$) ;
#8586=AXIS2_PLACEMENT_3D('Circle Axis2P3D',#8584,#8585,$) ;
#8599=AXIS2_PLACEMENT_3D('Cylinder Axis2P3D',#8596,#8597,#8598) ;
#8603=AXIS2_PLACEMENT_3D('Circle Axis2P3D',#8601,#8602,$) ;
#8608=AXIS2_PLACEMENT_3D('Circle Axis2P3D',#8606,#8607,$) ;
#8622=AXIS2_PLACEMENT_3D('Circle Axis2P3D',#8620,#8621,$) ;
#8631=AXIS2_PLACEMENT_3D('Circle Axis2P3D',#8629,#8630,$) ;
#8638=AXIS2_PLACEMENT_3D('Circle Axis2P3D',#8636,#8637,$) ;
#8645=AXIS2_PLACEMENT_3D('Circle Axis2P3D',#8643,#8644,$) ;
#8657=AXIS2_PLACEMENT_3D('Circle Axis2P3D',#8655,#8656,$) ;
#8662=AXIS2_PLACEMENT_3D('Circle Axis2P3D',#8660,#8661,$) ;
#8677=AXIS2_PLACEMENT_3D('Cylinder Axis2P3D',#8674,#8675,#8676) ;
#8690=AXIS2_PLACEMENT_3D('Circle Axis2P3D',#8688,#8689,$) ;
#8704=AXIS2_PLACEMENT_3D('Circle Axis2P3D',#8702,#8703,$) ;
#8716=AXIS2_PLACEMENT_3D('Circle Axis2P3D',#8714,#8715,$) ;
#8721=AXIS2_PLACEMENT_3D('Circle Axis2P3D',#8719,#8720,$) ;
#8736=AXIS2_PLACEMENT_3D('Cylinder Axis2P3D',#8733,#8734,#8735) ;
#8749=AXIS2_PLACEMENT_3D('Circle Axis2P3D',#8747,#8748,$) ;
#8763=AXIS2_PLACEMENT_3D('Circle Axis2P3D',#8761,#8762,$) ;
#8775=AXIS2_PLACEMENT_3D('Circle Axis2P3D',#8773,#8774,$) ;
#8780=AXIS2_PLACEMENT_3D('Circle Axis2P3D',#8778,#8779,$) ;
#8794=AXIS2_PLACEMENT_3D('Circle Axis2P3D',#8792,#8793,$) ;
#8803=AXIS2_PLACEMENT_3D('Circle Axis2P3D',#8801,#8802,$) ;
#8810=AXIS2_PLACEMENT_3D('Circle Axis2P3D',#8808,#8809,$) ;
#8817=AXIS2_PLACEMENT_3D('Circle Axis2P3D',#8815,#8816,$) ;
#8829=AXIS2_PLACEMENT_3D('Circle Axis2P3D',#8827,#8828,$) ;
#8834=AXIS2_PLACEMENT_3D('Circle Axis2P3D',#8832,#8833,$) ;
#8848=AXIS2_PLACEMENT_3D('Circle Axis2P3D',#8846,#8847,$) ;
#8857=AXIS2_PLACEMENT_3D('Circle Axis2P3D',#8855,#8856,$) ;
#8864=AXIS2_PLACEMENT_3D('Circle Axis2P3D',#8862,#8863,$) ;
#8871=AXIS2_PLACEMENT_3D('Circle Axis2P3D',#8869,#8870,$) ;
#8883=AXIS2_PLACEMENT_3D('Circle Axis2P3D',#8881,#8882,$) ;
#8888=AXIS2_PLACEMENT_3D('Circle Axis2P3D',#8886,#8887,$) ;
#8911=AXIS2_PLACEMENT_3D('Circle Axis2P3D',#8909,#8910,$) ;
#8925=AXIS2_PLACEMENT_3D('Circle Axis2P3D',#8923,#8924,$) ;
#8937=AXIS2_PLACEMENT_3D('Circle Axis2P3D',#8935,#8936,$) ;
#8942=AXIS2_PLACEMENT_3D('Circle Axis2P3D',#8940,#8941,$) ;
#8956=AXIS2_PLACEMENT_3D('Circle Axis2P3D',#8954,#8955,$) ;
#8965=AXIS2_PLACEMENT_3D('Circle Axis2P3D',#8963,#8964,$) ;
#8972=AXIS2_PLACEMENT_3D('Circle Axis2P3D',#8970,#8971,$) ;
#8979=AXIS2_PLACEMENT_3D('Circle Axis2P3D',#8977,#8978,$) ;
#8991=AXIS2_PLACEMENT_3D('Circle Axis2P3D',#8989,#8990,$) ;
#8996=AXIS2_PLACEMENT_3D('Circle Axis2P3D',#8994,#8995,$) ;
#9011=AXIS2_PLACEMENT_3D('Cylinder Axis2P3D',#9008,#9009,#9010) ;
#9024=AXIS2_PLACEMENT_3D('Circle Axis2P3D',#9022,#9023,$) ;
#9038=AXIS2_PLACEMENT_3D('Circle Axis2P3D',#9036,#9037,$) ;
#9050=AXIS2_PLACEMENT_3D('Circle Axis2P3D',#9048,#9049,$) ;
#9055=AXIS2_PLACEMENT_3D('Circle Axis2P3D',#9053,#9054,$) ;
#9069=AXIS2_PLACEMENT_3D('Circle Axis2P3D',#9067,#9068,$) ;
#9078=AXIS2_PLACEMENT_3D('Circle Axis2P3D',#9076,#9077,$) ;
#9085=AXIS2_PLACEMENT_3D('Circle Axis2P3D',#9083,#9084,$) ;
#9092=AXIS2_PLACEMENT_3D('Circle Axis2P3D',#9090,#9091,$) ;
#9104=AXIS2_PLACEMENT_3D('Circle Axis2P3D',#9102,#9103,$) ;
#9109=AXIS2_PLACEMENT_3D('Circle Axis2P3D',#9107,#9108,$) ;
#9132=AXIS2_PLACEMENT_3D('Circle Axis2P3D',#9130,#9131,$) ;
#9146=AXIS2_PLACEMENT_3D('Circle Axis2P3D',#9144,#9145,$) ;
#9158=AXIS2_PLACEMENT_3D('Circle Axis2P3D',#9156,#9157,$) ;
#9163=AXIS2_PLACEMENT_3D('Circle Axis2P3D',#9161,#9162,$) ;
#9186=AXIS2_PLACEMENT_3D('Circle Axis2P3D',#9184,#9185,$) ;
#9200=AXIS2_PLACEMENT_3D('Circle Axis2P3D',#9198,#9199,$) ;
#9212=AXIS2_PLACEMENT_3D('Circle Axis2P3D',#9210,#9211,$) ;
#9217=AXIS2_PLACEMENT_3D('Circle Axis2P3D',#9215,#9216,$) ;
#9231=AXIS2_PLACEMENT_3D('Circle Axis2P3D',#9229,#9230,$) ;
#9247=AXIS2_PLACEMENT_3D('Circle Axis2P3D',#9245,#9246,$) ;
#9266=AXIS2_PLACEMENT_3D('Circle Axis2P3D',#9264,#9265,$) ;
#9271=AXIS2_PLACEMENT_3D('Circle Axis2P3D',#9269,#9270,$) ;
#9285=AXIS2_PLACEMENT_3D('Circle Axis2P3D',#9283,#9284,$) ;
#9301=AXIS2_PLACEMENT_3D('Circle Axis2P3D',#9299,#9300,$) ;
#9320=AXIS2_PLACEMENT_3D('Circle Axis2P3D',#9318,#9319,$) ;
#9325=AXIS2_PLACEMENT_3D('Circle Axis2P3D',#9323,#9324,$) ;
#9340=AXIS2_PLACEMENT_3D(' ',#9343,#9347,#9346) ;
#9341=AXIS2_PLACEMENT_3D(' ',#9342,#9345,#9344) ;
#9362=AXIS2_PLACEMENT_3D('Cylinder Axis2P3D',#9359,#9360,#9361) ;
#9375=AXIS2_PLACEMENT_3D('Circle Axis2P3D',#9373,#9374,$) ;
#9389=AXIS2_PLACEMENT_3D('Circle Axis2P3D',#9387,#9388,$) ;
#9401=AXIS2_PLACEMENT_3D('Circle Axis2P3D',#9399,#9400,$) ;
#9406=AXIS2_PLACEMENT_3D('Circle Axis2P3D',#9404,#9405,$) ;
#9419=AXIS2_PLACEMENT_3D('Plane Axis2P3D',#9416,#9417,#9418) ;
#9427=AXIS2_PLACEMENT_3D('Circle Axis2P3D',#9425,#9426,$) ;
#9436=AXIS2_PLACEMENT_3D('Circle Axis2P3D',#9434,#9435,$) ;
#9445=AXIS2_PLACEMENT_3D('Circle Axis2P3D',#9443,#9444,$) ;
#9454=AXIS2_PLACEMENT_3D('Circle Axis2P3D',#9452,#9453,$) ;
#9463=AXIS2_PLACEMENT_3D('Circle Axis2P3D',#9461,#9462,$) ;
#9472=AXIS2_PLACEMENT_3D('Circle Axis2P3D',#9470,#9471,$) ;
#9481=AXIS2_PLACEMENT_3D('Circle Axis2P3D',#9479,#9480,$) ;
#9490=AXIS2_PLACEMENT_3D('Circle Axis2P3D',#9488,#9489,$) ;
#9499=AXIS2_PLACEMENT_3D('Circle Axis2P3D',#9497,#9498,$) ;
#9508=AXIS2_PLACEMENT_3D('Circle Axis2P3D',#9506,#9507,$) ;
#9517=AXIS2_PLACEMENT_3D('Circle Axis2P3D',#9515,#9516,$) ;
#9526=AXIS2_PLACEMENT_3D('Circle Axis2P3D',#9524,#9525,$) ;
#9535=AXIS2_PLACEMENT_3D('Circle Axis2P3D',#9533,#9534,$) ;
#9544=AXIS2_PLACEMENT_3D('Circle Axis2P3D',#9542,#9543,$) ;
#9553=AXIS2_PLACEMENT_3D('Circle Axis2P3D',#9551,#9552,$) ;
#9562=AXIS2_PLACEMENT_3D('Circle Axis2P3D',#9560,#9561,$) ;
#9571=AXIS2_PLACEMENT_3D('Circle Axis2P3D',#9569,#9570,$) ;
#9580=AXIS2_PLACEMENT_3D('Circle Axis2P3D',#9578,#9579,$) ;
#9589=AXIS2_PLACEMENT_3D('Circle Axis2P3D',#9587,#9588,$) ;
#9598=AXIS2_PLACEMENT_3D('Circle Axis2P3D',#9596,#9597,$) ;
#9607=AXIS2_PLACEMENT_3D('Circle Axis2P3D',#9605,#9606,$) ;
#9616=AXIS2_PLACEMENT_3D('Circle Axis2P3D',#9614,#9615,$) ;
#9625=AXIS2_PLACEMENT_3D('Circle Axis2P3D',#9623,#9624,$) ;
#9634=AXIS2_PLACEMENT_3D('Circle Axis2P3D',#9632,#9633,$) ;
#9643=AXIS2_PLACEMENT_3D('Circle Axis2P3D',#9641,#9642,$) ;
#9652=AXIS2_PLACEMENT_3D('Circle Axis2P3D',#9650,#9651,$) ;
#9663=AXIS2_PLACEMENT_3D('Cylinder Axis2P3D',#9660,#9661,#9662) ;
#9674=AXIS2_PLACEMENT_3D('Circle Axis2P3D',#9672,#9673,$) ;
#9693=AXIS2_PLACEMENT_3D('Circle Axis2P3D',#9691,#9692,$) ;
#9706=AXIS2_PLACEMENT_3D('Cylinder Axis2P3D',#9703,#9704,#9705) ;
#9717=AXIS2_PLACEMENT_3D('Circle Axis2P3D',#9715,#9716,$) ;
#9736=AXIS2_PLACEMENT_3D('Circle Axis2P3D',#9734,#9735,$) ;
#9749=AXIS2_PLACEMENT_3D('Cylinder Axis2P3D',#9746,#9747,#9748) ;
#9760=AXIS2_PLACEMENT_3D('Circle Axis2P3D',#9758,#9759,$) ;
#9779=AXIS2_PLACEMENT_3D('Circle Axis2P3D',#9777,#9778,$) ;
#9792=AXIS2_PLACEMENT_3D('Cylinder Axis2P3D',#9789,#9790,#9791) ;
#9803=AXIS2_PLACEMENT_3D('Circle Axis2P3D',#9801,#9802,$) ;
#9822=AXIS2_PLACEMENT_3D('Circle Axis2P3D',#9820,#9821,$) ;
#9835=AXIS2_PLACEMENT_3D('Cylinder Axis2P3D',#9832,#9833,#9834) ;
#9846=AXIS2_PLACEMENT_3D('Circle Axis2P3D',#9844,#9845,$) ;
#9865=AXIS2_PLACEMENT_3D('Circle Axis2P3D',#9863,#9864,$) ;
#9878=AXIS2_PLACEMENT_3D('Cylinder Axis2P3D',#9875,#9876,#9877) ;
#9889=AXIS2_PLACEMENT_3D('Circle Axis2P3D',#9887,#9888,$) ;
#9908=AXIS2_PLACEMENT_3D('Circle Axis2P3D',#9906,#9907,$) ;
#9921=AXIS2_PLACEMENT_3D('Cylinder Axis2P3D',#9918,#9919,#9920) ;
#9932=AXIS2_PLACEMENT_3D('Circle Axis2P3D',#9930,#9931,$) ;
#9951=AXIS2_PLACEMENT_3D('Circle Axis2P3D',#9949,#9950,$) ;
#9964=AXIS2_PLACEMENT_3D('Cylinder Axis2P3D',#9961,#9962,#9963) ;
#9975=AXIS2_PLACEMENT_3D('Circle Axis2P3D',#9973,#9974,$) ;
#9994=AXIS2_PLACEMENT_3D('Circle Axis2P3D',#9992,#9993,$) ;
#10007=AXIS2_PLACEMENT_3D('Cylinder Axis2P3D',#10004,#10005,#10006) ;
#10018=AXIS2_PLACEMENT_3D('Circle Axis2P3D',#10016,#10017,$) ;
#10037=AXIS2_PLACEMENT_3D('Circle Axis2P3D',#10035,#10036,$) ;
#10050=AXIS2_PLACEMENT_3D('Cylinder Axis2P3D',#10047,#10048,#10049) ;
#10061=AXIS2_PLACEMENT_3D('Circle Axis2P3D',#10059,#10060,$) ;
#10080=AXIS2_PLACEMENT_3D('Circle Axis2P3D',#10078,#10079,$) ;
#10093=AXIS2_PLACEMENT_3D('Cylinder Axis2P3D',#10090,#10091,#10092) ;
#10104=AXIS2_PLACEMENT_3D('Circle Axis2P3D',#10102,#10103,$) ;
#10123=AXIS2_PLACEMENT_3D('Circle Axis2P3D',#10121,#10122,$) ;
#10136=AXIS2_PLACEMENT_3D('Cylinder Axis2P3D',#10133,#10134,#10135) ;
#10147=AXIS2_PLACEMENT_3D('Circle Axis2P3D',#10145,#10146,$) ;
#10166=AXIS2_PLACEMENT_3D('Circle Axis2P3D',#10164,#10165,$) ;
#10179=AXIS2_PLACEMENT_3D('Plane Axis2P3D',#10176,#10177,#10178) ;
#10183=AXIS2_PLACEMENT_3D('Circle Axis2P3D',#10181,#10182,$) ;
#10192=AXIS2_PLACEMENT_3D('Circle Axis2P3D',#10190,#10191,$) ;
#10203=AXIS2_PLACEMENT_3D('Cylinder Axis2P3D',#10200,#10201,#10202) ;
#10214=AXIS2_PLACEMENT_3D('Circle Axis2P3D',#10212,#10213,$) ;
#10233=AXIS2_PLACEMENT_3D('Circle Axis2P3D',#10231,#10232,$) ;
#10246=AXIS2_PLACEMENT_3D('Torus Axis2P3D',#10243,#10244,#10245) ;
#10250=AXIS2_PLACEMENT_3D('Circle Axis2P3D',#10248,#10249,$) ;
#10257=AXIS2_PLACEMENT_3D('Circle Axis2P3D',#10255,#10256,$) ;
#10264=AXIS2_PLACEMENT_3D('Circle Axis2P3D',#10262,#10263,$) ;
#10276=AXIS2_PLACEMENT_3D('Circle Axis2P3D',#10274,#10275,$) ;
#10289=AXIS2_PLACEMENT_3D('Cylinder Axis2P3D',#10286,#10287,#10288) ;
#10300=AXIS2_PLACEMENT_3D('Circle Axis2P3D',#10298,#10299,$) ;
#10319=AXIS2_PLACEMENT_3D('Circle Axis2P3D',#10317,#10318,$) ;
#10332=AXIS2_PLACEMENT_3D('Torus Axis2P3D',#10329,#10330,#10331) ;
#10336=AXIS2_PLACEMENT_3D('Circle Axis2P3D',#10334,#10335,$) ;
#10345=AXIS2_PLACEMENT_3D('Circle Axis2P3D',#10343,#10344,$) ;
#10352=AXIS2_PLACEMENT_3D('Circle Axis2P3D',#10350,#10351,$) ;
#10359=AXIS2_PLACEMENT_3D('Circle Axis2P3D',#10357,#10358,$) ;
#10371=AXIS2_PLACEMENT_3D('Circle Axis2P3D',#10369,#10370,$) ;
#10376=AXIS2_PLACEMENT_3D('Circle Axis2P3D',#10374,#10375,$) ;
#10389=AXIS2_PLACEMENT_3D('Cylinder Axis2P3D',#10386,#10387,#10388) ;
#10411=AXIS2_PLACEMENT_3D('Cylinder Axis2P3D',#10408,#10409,#10410) ;
#10429=AXIS2_PLACEMENT_3D('Circle Axis2P3D',#10427,#10428,$) ;
#10441=AXIS2_PLACEMENT_3D('Circle Axis2P3D',#10439,#10440,$) ;
#10500=AXIS2_PLACEMENT_3D('Plane Axis2P3D',#10497,#10498,#10499) ;
#10563=AXIS2_PLACEMENT_3D('Plane Axis2P3D',#10560,#10561,#10562) ;
#10610=AXIS2_PLACEMENT_3D('Plane Axis2P3D',#10607,#10608,#10609) ;
#10634=AXIS2_PLACEMENT_3D('Plane Axis2P3D',#10631,#10632,#10633) ;
#10651=AXIS2_PLACEMENT_3D('Plane Axis2P3D',#10648,#10649,#10650) ;
#10675=AXIS2_PLACEMENT_3D('Plane Axis2P3D',#10672,#10673,#10674) ;
#10699=AXIS2_PLACEMENT_3D('Plane Axis2P3D',#10696,#10697,#10698) ;
#10716=AXIS2_PLACEMENT_3D('Plane Axis2P3D',#10713,#10714,#10715) ;
#10728=AXIS2_PLACEMENT_3D('Plane Axis2P3D',#10725,#10726,#10727) ;
#10740=AXIS2_PLACEMENT_3D('Plane Axis2P3D',#10737,#10738,#10739) ;
#10806=AXIS2_PLACEMENT_3D('Circle Axis2P3D',#10804,#10805,$) ;
#10818=AXIS2_PLACEMENT_3D('Circle Axis2P3D',#10816,#10817,$) ;
#10858=AXIS2_PLACEMENT_3D('Circle Axis2P3D',#10856,#10857,$) ;
#10870=AXIS2_PLACEMENT_3D('Circle Axis2P3D',#10868,#10869,$) ;
#10887=AXIS2_PLACEMENT_3D(' ',#10890,#10894,#10893) ;
#10888=AXIS2_PLACEMENT_3D(' ',#10889,#10892,#10891) ;
#45=PRODUCT_DEFINITION_SHAPE(' ',' ',#17) ;
#61=PRODUCT_DEFINITION_SHAPE(' ',' ',#58) ;
#4292=PRODUCT_DEFINITION_SHAPE(' ',' ',#4291) ;
#4313=PRODUCT_DEFINITION_SHAPE(' ',' ',#4310) ;
#9336=PRODUCT_DEFINITION_SHAPE(' ',' ',#9335) ;
#9357=PRODUCT_DEFINITION_SHAPE(' ',' ',#9354) ;
#10883=PRODUCT_DEFINITION_SHAPE(' ',' ',#10882) ;
#34=APPROVAL_PERSON_ORGANIZATION(#28,#24,#22) ;
#28=PERSON_AND_ORGANIZATION(#25,#26) ;
#25=PERSON(' ',' ',' ',$,$,$) ;
#26=ORGANIZATION(' ',' ',' ') ;
#24=APPROVAL(#23,' ') ;
#23=APPROVAL_STATUS('not_yet_approved') ;
#22=APPROVAL_ROLE('APPROVER') ;
#13=DATE_AND_TIME(#11,#12) ;
#12=LOCAL_TIME(22,36,27.,#10) ;
#10=COORDINATED_UNIVERSAL_TIME_OFFSET(0,0,.AHEAD.) ;
#97=ORIENTED_EDGE('',*,*,#76,.T.) ;
#98=ORIENTED_EDGE('',*,*,#83,.F.) ;
#99=ORIENTED_EDGE('',*,*,#90,.F.) ;
#100=ORIENTED_EDGE('',*,*,#95,.T.) ;
#114=ORIENTED_EDGE('',*,*,#107,.T.) ;
#115=ORIENTED_EDGE('',*,*,#95,.F.) ;
#116=ORIENTED_EDGE('',*,*,#112,.F.) ;
#117=ORIENTED_EDGE('',*,*,#83,.T.) ;
#126=ORIENTED_EDGE('',*,*,#107,.F.) ;
#127=ORIENTED_EDGE('',*,*,#76,.F.) ;
#144=ORIENTED_EDGE('',*,*,#137,.T.) ;
#145=ORIENTED_EDGE('',*,*,#142,.T.) ;
#162=ORIENTED_EDGE('',*,*,#155,.T.) ;
#163=ORIENTED_EDGE('',*,*,#160,.T.) ;
#180=ORIENTED_EDGE('',*,*,#173,.T.) ;
#181=ORIENTED_EDGE('',*,*,#178,.T.) ;
#198=ORIENTED_EDGE('',*,*,#191,.T.) ;
#199=ORIENTED_EDGE('',*,*,#196,.T.) ;
#216=ORIENTED_EDGE('',*,*,#209,.T.) ;
#217=ORIENTED_EDGE('',*,*,#214,.T.) ;
#234=ORIENTED_EDGE('',*,*,#227,.T.) ;
#235=ORIENTED_EDGE('',*,*,#232,.T.) ;
#252=ORIENTED_EDGE('',*,*,#245,.T.) ;
#253=ORIENTED_EDGE('',*,*,#250,.T.) ;
#270=ORIENTED_EDGE('',*,*,#263,.T.) ;
#271=ORIENTED_EDGE('',*,*,#268,.T.) ;
#288=ORIENTED_EDGE('',*,*,#281,.T.) ;
#289=ORIENTED_EDGE('',*,*,#286,.T.) ;
#306=ORIENTED_EDGE('',*,*,#299,.T.) ;
#307=ORIENTED_EDGE('',*,*,#304,.T.) ;
#324=ORIENTED_EDGE('',*,*,#317,.T.) ;
#325=ORIENTED_EDGE('',*,*,#322,.T.) ;
#342=ORIENTED_EDGE('',*,*,#335,.T.) ;
#343=ORIENTED_EDGE('',*,*,#340,.T.) ;
#360=ORIENTED_EDGE('',*,*,#353,.T.) ;
#361=ORIENTED_EDGE('',*,*,#358,.T.) ;
#389=ORIENTED_EDGE('',*,*,#375,.F.) ;
#390=ORIENTED_EDGE('',*,*,#382,.T.) ;
#391=ORIENTED_EDGE('',*,*,#387,.T.) ;
#392=ORIENTED_EDGE('',*,*,#160,.F.) ;
#401=ORIENTED_EDGE('',*,*,#387,.F.) ;
#402=ORIENTED_EDGE('',*,*,#399,.T.) ;
#403=ORIENTED_EDGE('',*,*,#375,.T.) ;
#404=ORIENTED_EDGE('',*,*,#155,.F.) ;
#432=ORIENTED_EDGE('',*,*,#418,.F.) ;
#433=ORIENTED_EDGE('',*,*,#425,.T.) ;
#434=ORIENTED_EDGE('',*,*,#430,.T.) ;
#435=ORIENTED_EDGE('',*,*,#178,.F.) ;
#444=ORIENTED_EDGE('',*,*,#430,.F.) ;
#445=ORIENTED_EDGE('',*,*,#442,.T.) ;
#446=ORIENTED_EDGE('',*,*,#418,.T.) ;
#447=ORIENTED_EDGE('',*,*,#173,.F.) ;
#475=ORIENTED_EDGE('',*,*,#461,.F.) ;
#476=ORIENTED_EDGE('',*,*,#468,.T.) ;
#477=ORIENTED_EDGE('',*,*,#473,.T.) ;
#478=ORIENTED_EDGE('',*,*,#196,.F.) ;
#487=ORIENTED_EDGE('',*,*,#473,.F.) ;
#488=ORIENTED_EDGE('',*,*,#485,.T.) ;
#489=ORIENTED_EDGE('',*,*,#461,.T.) ;
#490=ORIENTED_EDGE('',*,*,#191,.F.) ;
#518=ORIENTED_EDGE('',*,*,#504,.F.) ;
#519=ORIENTED_EDGE('',*,*,#511,.T.) ;
#520=ORIENTED_EDGE('',*,*,#516,.T.) ;
#521=ORIENTED_EDGE('',*,*,#214,.F.) ;
#530=ORIENTED_EDGE('',*,*,#516,.F.) ;
#531=ORIENTED_EDGE('',*,*,#528,.T.) ;
#532=ORIENTED_EDGE('',*,*,#504,.T.) ;
#533=ORIENTED_EDGE('',*,*,#209,.F.) ;
#561=ORIENTED_EDGE('',*,*,#547,.F.) ;
#562=ORIENTED_EDGE('',*,*,#554,.T.) ;
#563=ORIENTED_EDGE('',*,*,#559,.T.) ;
#564=ORIENTED_EDGE('',*,*,#232,.F.) ;
#573=ORIENTED_EDGE('',*,*,#559,.F.) ;
#574=ORIENTED_EDGE('',*,*,#571,.T.) ;
#575=ORIENTED_EDGE('',*,*,#547,.T.) ;
#576=ORIENTED_EDGE('',*,*,#227,.F.) ;
#604=ORIENTED_EDGE('',*,*,#590,.F.) ;
#605=ORIENTED_EDGE('',*,*,#597,.T.) ;
#606=ORIENTED_EDGE('',*,*,#602,.T.) ;
#607=ORIENTED_EDGE('',*,*,#250,.F.) ;
#616=ORIENTED_EDGE('',*,*,#602,.F.) ;
#617=ORIENTED_EDGE('',*,*,#614,.T.) ;
#618=ORIENTED_EDGE('',*,*,#590,.T.) ;
#619=ORIENTED_EDGE('',*,*,#245,.F.) ;
#647=ORIENTED_EDGE('',*,*,#633,.F.) ;
#648=ORIENTED_EDGE('',*,*,#640,.T.) ;
#649=ORIENTED_EDGE('',*,*,#645,.T.) ;
#650=ORIENTED_EDGE('',*,*,#268,.F.) ;
#659=ORIENTED_EDGE('',*,*,#645,.F.) ;
#660=ORIENTED_EDGE('',*,*,#657,.T.) ;
#661=ORIENTED_EDGE('',*,*,#633,.T.) ;
#662=ORIENTED_EDGE('',*,*,#263,.F.) ;
#690=ORIENTED_EDGE('',*,*,#676,.F.) ;
#691=ORIENTED_EDGE('',*,*,#683,.T.) ;
#692=ORIENTED_EDGE('',*,*,#688,.T.) ;
#693=ORIENTED_EDGE('',*,*,#286,.F.) ;
#702=ORIENTED_EDGE('',*,*,#688,.F.) ;
#703=ORIENTED_EDGE('',*,*,#700,.T.) ;
#704=ORIENTED_EDGE('',*,*,#676,.T.) ;
#705=ORIENTED_EDGE('',*,*,#281,.F.) ;
#733=ORIENTED_EDGE('',*,*,#719,.F.) ;
#734=ORIENTED_EDGE('',*,*,#726,.T.) ;
#735=ORIENTED_EDGE('',*,*,#731,.T.) ;
#736=ORIENTED_EDGE('',*,*,#304,.F.) ;
#745=ORIENTED_EDGE('',*,*,#731,.F.) ;
#746=ORIENTED_EDGE('',*,*,#743,.T.) ;
#747=ORIENTED_EDGE('',*,*,#719,.T.) ;
#748=ORIENTED_EDGE('',*,*,#299,.F.) ;
#776=ORIENTED_EDGE('',*,*,#762,.F.) ;
#777=ORIENTED_EDGE('',*,*,#769,.T.) ;
#778=ORIENTED_EDGE('',*,*,#774,.T.) ;
#779=ORIENTED_EDGE('',*,*,#322,.F.) ;
#788=ORIENTED_EDGE('',*,*,#774,.F.) ;
#789=ORIENTED_EDGE('',*,*,#786,.T.) ;
#790=ORIENTED_EDGE('',*,*,#762,.T.) ;
#791=ORIENTED_EDGE('',*,*,#317,.F.) ;
#819=ORIENTED_EDGE('',*,*,#805,.F.) ;
#820=ORIENTED_EDGE('',*,*,#812,.T.) ;
#821=ORIENTED_EDGE('',*,*,#817,.T.) ;
#822=ORIENTED_EDGE('',*,*,#340,.F.) ;
#831=ORIENTED_EDGE('',*,*,#817,.F.) ;
#832=ORIENTED_EDGE('',*,*,#829,.T.) ;
#833=ORIENTED_EDGE('',*,*,#805,.T.) ;
#834=ORIENTED_EDGE('',*,*,#335,.F.) ;
#862=ORIENTED_EDGE('',*,*,#848,.F.) ;
#863=ORIENTED_EDGE('',*,*,#855,.T.) ;
#864=ORIENTED_EDGE('',*,*,#860,.T.) ;
#865=ORIENTED_EDGE('',*,*,#358,.F.) ;
#874=ORIENTED_EDGE('',*,*,#860,.F.) ;
#875=ORIENTED_EDGE('',*,*,#872,.T.) ;
#876=ORIENTED_EDGE('',*,*,#848,.T.) ;
#877=ORIENTED_EDGE('',*,*,#353,.F.) ;
#914=ORIENTED_EDGE('',*,*,#893,.F.) ;
#915=ORIENTED_EDGE('',*,*,#900,.T.) ;
#916=ORIENTED_EDGE('',*,*,#907,.T.) ;
#917=ORIENTED_EDGE('',*,*,#912,.F.) ;
#966=ORIENTED_EDGE('',*,*,#933,.T.) ;
#967=ORIENTED_EDGE('',*,*,#940,.T.) ;
#968=ORIENTED_EDGE('',*,*,#947,.T.) ;
#969=ORIENTED_EDGE('',*,*,#954,.F.) ;
#970=ORIENTED_EDGE('',*,*,#959,.T.) ;
#971=ORIENTED_EDGE('',*,*,#893,.T.) ;
#972=ORIENTED_EDGE('',*,*,#964,.F.) ;
#1037=ORIENTED_EDGE('',*,*,#988,.T.) ;
#1038=ORIENTED_EDGE('',*,*,#995,.F.) ;
#1039=ORIENTED_EDGE('',*,*,#1002,.T.) ;
#1040=ORIENTED_EDGE('',*,*,#1009,.T.) ;
#1041=ORIENTED_EDGE('',*,*,#1016,.F.) ;
#1042=ORIENTED_EDGE('',*,*,#1023,.F.) ;
#1043=ORIENTED_EDGE('',*,*,#1030,.T.) ;
#1044=ORIENTED_EDGE('',*,*,#1035,.T.) ;
#1059=ORIENTED_EDGE('',*,*,#900,.F.) ;
#1060=ORIENTED_EDGE('',*,*,#959,.F.) ;
#1061=ORIENTED_EDGE('',*,*,#1052,.F.) ;
#1062=ORIENTED_EDGE('',*,*,#1057,.F.) ;
#1104=ORIENTED_EDGE('',*,*,#1076,.F.) ;
#1105=ORIENTED_EDGE('',*,*,#907,.F.) ;
#1106=ORIENTED_EDGE('',*,*,#1057,.T.) ;
#1107=ORIENTED_EDGE('',*,*,#1083,.T.) ;
#1108=ORIENTED_EDGE('',*,*,#1090,.F.) ;
#1109=ORIENTED_EDGE('',*,*,#1097,.F.) ;
#1110=ORIENTED_EDGE('',*,*,#1102,.F.) ;
#1124=ORIENTED_EDGE('',*,*,#964,.T.) ;
#1125=ORIENTED_EDGE('',*,*,#912,.T.) ;
#1126=ORIENTED_EDGE('',*,*,#1076,.T.) ;
#1127=ORIENTED_EDGE('',*,*,#1122,.F.) ;
#1141=ORIENTED_EDGE('',*,*,#1083,.F.) ;
#1142=ORIENTED_EDGE('',*,*,#1052,.T.) ;
#1143=ORIENTED_EDGE('',*,*,#954,.T.) ;
#1144=ORIENTED_EDGE('',*,*,#1139,.F.) ;
#1158=ORIENTED_EDGE('',*,*,#947,.F.) ;
#1159=ORIENTED_EDGE('',*,*,#1156,.T.) ;
#1160=ORIENTED_EDGE('',*,*,#1090,.T.) ;
#1161=ORIENTED_EDGE('',*,*,#1139,.T.) ;
#1170=ORIENTED_EDGE('',*,*,#1097,.T.) ;
#1171=ORIENTED_EDGE('',*,*,#1156,.F.) ;
#1172=ORIENTED_EDGE('',*,*,#940,.F.) ;
#1173=ORIENTED_EDGE('',*,*,#1168,.T.) ;
#1177=ORIENTED_EDGE('',*,*,#1102,.T.) ;
#1178=ORIENTED_EDGE('',*,*,#1168,.F.) ;
#1179=ORIENTED_EDGE('',*,*,#933,.F.) ;
#1180=ORIENTED_EDGE('',*,*,#1122,.T.) ;
#1264=ORIENTED_EDGE('',*,*,#1194,.T.) ;
#1265=ORIENTED_EDGE('',*,*,#1035,.F.) ;
#1266=ORIENTED_EDGE('',*,*,#1201,.T.) ;
#1267=ORIENTED_EDGE('',*,*,#1208,.T.) ;
#1268=ORIENTED_EDGE('',*,*,#1215,.T.) ;
#1269=ORIENTED_EDGE('',*,*,#1222,.T.) ;
#1270=ORIENTED_EDGE('',*,*,#1229,.F.) ;
#1271=ORIENTED_EDGE('',*,*,#1236,.F.) ;
#1272=ORIENTED_EDGE('',*,*,#1243,.T.) ;
#1273=ORIENTED_EDGE('',*,*,#1250,.F.) ;
#1274=ORIENTED_EDGE('',*,*,#1257,.T.) ;
#1275=ORIENTED_EDGE('',*,*,#1262,.T.) ;
#1306=ORIENTED_EDGE('',*,*,#1285,.F.) ;
#1307=ORIENTED_EDGE('',*,*,#1292,.F.) ;
#1308=ORIENTED_EDGE('',*,*,#1299,.F.) ;
#1309=ORIENTED_EDGE('',*,*,#1304,.F.) ;
#1368=ORIENTED_EDGE('',*,*,#1201,.F.) ;
#1369=ORIENTED_EDGE('',*,*,#1030,.F.) ;
#1370=ORIENTED_EDGE('',*,*,#1323,.F.) ;
#1371=ORIENTED_EDGE('',*,*,#1330,.F.) ;
#1372=ORIENTED_EDGE('',*,*,#1335,.F.) ;
#1373=ORIENTED_EDGE('',*,*,#1002,.F.) ;
#1374=ORIENTED_EDGE('',*,*,#1342,.F.) ;
#1375=ORIENTED_EDGE('',*,*,#1347,.T.) ;
#1376=ORIENTED_EDGE('',*,*,#1257,.F.) ;
#1377=ORIENTED_EDGE('',*,*,#1354,.F.) ;
#1378=ORIENTED_EDGE('',*,*,#1361,.F.) ;
#1379=ORIENTED_EDGE('',*,*,#1366,.F.) ;
#1410=ORIENTED_EDGE('',*,*,#1389,.F.) ;
#1411=ORIENTED_EDGE('',*,*,#1396,.F.) ;
#1412=ORIENTED_EDGE('',*,*,#1403,.F.) ;
#1413=ORIENTED_EDGE('',*,*,#1408,.F.) ;
#1434=ORIENTED_EDGE('',*,*,#1427,.F.) ;
#1435=ORIENTED_EDGE('',*,*,#1323,.T.) ;
#1436=ORIENTED_EDGE('',*,*,#1023,.T.) ;
#1437=ORIENTED_EDGE('',*,*,#1432,.F.) ;
#1458=ORIENTED_EDGE('',*,*,#1451,.T.) ;
#1459=ORIENTED_EDGE('',*,*,#1456,.T.) ;
#1460=ORIENTED_EDGE('',*,*,#1432,.T.) ;
#1461=ORIENTED_EDGE('',*,*,#1016,.T.) ;
#1475=ORIENTED_EDGE('',*,*,#1009,.F.) ;
#1476=ORIENTED_EDGE('',*,*,#1335,.T.) ;
#1477=ORIENTED_EDGE('',*,*,#1473,.T.) ;
#1478=ORIENTED_EDGE('',*,*,#1451,.F.) ;
#1499=ORIENTED_EDGE('',*,*,#1492,.F.) ;
#1500=ORIENTED_EDGE('',*,*,#1497,.F.) ;
#1501=ORIENTED_EDGE('',*,*,#1342,.T.) ;
#1502=ORIENTED_EDGE('',*,*,#995,.T.) ;
#1516=ORIENTED_EDGE('',*,*,#1492,.T.) ;
#1517=ORIENTED_EDGE('',*,*,#988,.F.) ;
#1518=ORIENTED_EDGE('',*,*,#1194,.F.) ;
#1519=ORIENTED_EDGE('',*,*,#1514,.F.) ;
#1570=ORIENTED_EDGE('',*,*,#1535,.F.) ;
#1571=ORIENTED_EDGE('',*,*,#1542,.T.) ;
#1572=ORIENTED_EDGE('',*,*,#1549,.T.) ;
#1573=ORIENTED_EDGE('',*,*,#1556,.F.) ;
#1574=ORIENTED_EDGE('',*,*,#1563,.F.) ;
#1575=ORIENTED_EDGE('',*,*,#1568,.F.) ;
#1578=ORIENTED_EDGE('',*,*,#1347,.F.) ;
#1579=ORIENTED_EDGE('',*,*,#1497,.T.) ;
#1580=ORIENTED_EDGE('',*,*,#1514,.T.) ;
#1581=ORIENTED_EDGE('',*,*,#1262,.F.) ;
#1602=ORIENTED_EDGE('',*,*,#1595,.F.) ;
#1603=ORIENTED_EDGE('',*,*,#1354,.T.) ;
#1604=ORIENTED_EDGE('',*,*,#1250,.T.) ;
#1605=ORIENTED_EDGE('',*,*,#1600,.F.) ;
#1645=ORIENTED_EDGE('',*,*,#1619,.T.) ;
#1646=ORIENTED_EDGE('',*,*,#1624,.T.) ;
#1647=ORIENTED_EDGE('',*,*,#1600,.T.) ;
#1648=ORIENTED_EDGE('',*,*,#1243,.F.) ;
#1649=ORIENTED_EDGE('',*,*,#1631,.F.) ;
#1650=ORIENTED_EDGE('',*,*,#1638,.F.) ;
#1651=ORIENTED_EDGE('',*,*,#1643,.F.) ;
#1652=ORIENTED_EDGE('',*,*,#1215,.F.) ;
#1673=ORIENTED_EDGE('',*,*,#1666,.F.) ;
#1674=ORIENTED_EDGE('',*,*,#1631,.T.) ;
#1675=ORIENTED_EDGE('',*,*,#1236,.T.) ;
#1676=ORIENTED_EDGE('',*,*,#1671,.F.) ;
#1697=ORIENTED_EDGE('',*,*,#1690,.T.) ;
#1698=ORIENTED_EDGE('',*,*,#1671,.T.) ;
#1699=ORIENTED_EDGE('',*,*,#1229,.T.) ;
#1700=ORIENTED_EDGE('',*,*,#1695,.T.) ;
#1717=ORIENTED_EDGE('',*,*,#1710,.F.) ;
#1718=ORIENTED_EDGE('',*,*,#1715,.F.) ;
#1732=ORIENTED_EDGE('',*,*,#1222,.F.) ;
#1733=ORIENTED_EDGE('',*,*,#1643,.T.) ;
#1734=ORIENTED_EDGE('',*,*,#1730,.T.) ;
#1735=ORIENTED_EDGE('',*,*,#1695,.F.) ;
#1749=ORIENTED_EDGE('',*,*,#1208,.F.) ;
#1750=ORIENTED_EDGE('',*,*,#1366,.T.) ;
#1751=ORIENTED_EDGE('',*,*,#1747,.T.) ;
#1752=ORIENTED_EDGE('',*,*,#1619,.F.) ;
#1780=ORIENTED_EDGE('',*,*,#1766,.F.) ;
#1781=ORIENTED_EDGE('',*,*,#1304,.T.) ;
#1782=ORIENTED_EDGE('',*,*,#1773,.T.) ;
#1783=ORIENTED_EDGE('',*,*,#1778,.F.) ;
#1804=ORIENTED_EDGE('',*,*,#1773,.F.) ;
#1805=ORIENTED_EDGE('',*,*,#1299,.T.) ;
#1806=ORIENTED_EDGE('',*,*,#1797,.T.) ;
#1807=ORIENTED_EDGE('',*,*,#1802,.F.) ;
#1828=ORIENTED_EDGE('',*,*,#1797,.F.) ;
#1829=ORIENTED_EDGE('',*,*,#1292,.T.) ;
#1830=ORIENTED_EDGE('',*,*,#1821,.T.) ;
#1831=ORIENTED_EDGE('',*,*,#1826,.F.) ;
#1845=ORIENTED_EDGE('',*,*,#1821,.F.) ;
#1846=ORIENTED_EDGE('',*,*,#1285,.T.) ;
#1847=ORIENTED_EDGE('',*,*,#1766,.T.) ;
#1848=ORIENTED_EDGE('',*,*,#1843,.F.) ;
#1857=ORIENTED_EDGE('',*,*,#1473,.F.) ;
#1858=ORIENTED_EDGE('',*,*,#1330,.T.) ;
#1859=ORIENTED_EDGE('',*,*,#1427,.T.) ;
#1860=ORIENTED_EDGE('',*,*,#1456,.F.) ;
#1869=ORIENTED_EDGE('',*,*,#1747,.F.) ;
#1870=ORIENTED_EDGE('',*,*,#1361,.T.) ;
#1871=ORIENTED_EDGE('',*,*,#1595,.T.) ;
#1872=ORIENTED_EDGE('',*,*,#1624,.F.) ;
#1900=ORIENTED_EDGE('',*,*,#1886,.F.) ;
#1901=ORIENTED_EDGE('',*,*,#1389,.T.) ;
#1902=ORIENTED_EDGE('',*,*,#1893,.T.) ;
#1903=ORIENTED_EDGE('',*,*,#1898,.F.) ;
#1924=ORIENTED_EDGE('',*,*,#1917,.F.) ;
#1925=ORIENTED_EDGE('',*,*,#1396,.T.) ;
#1926=ORIENTED_EDGE('',*,*,#1886,.T.) ;
#1927=ORIENTED_EDGE('',*,*,#1922,.F.) ;
#1948=ORIENTED_EDGE('',*,*,#1941,.F.) ;
#1949=ORIENTED_EDGE('',*,*,#1403,.T.) ;
#1950=ORIENTED_EDGE('',*,*,#1917,.T.) ;
#1951=ORIENTED_EDGE('',*,*,#1946,.F.) ;
#1960=ORIENTED_EDGE('',*,*,#1893,.F.) ;
#1961=ORIENTED_EDGE('',*,*,#1408,.T.) ;
#1962=ORIENTED_EDGE('',*,*,#1941,.T.) ;
#1963=ORIENTED_EDGE('',*,*,#1958,.F.) ;
#1986=ORIENTED_EDGE('',*,*,#1974,.F.) ;
#1987=ORIENTED_EDGE('',*,*,#1979,.T.) ;
#1988=ORIENTED_EDGE('',*,*,#1535,.T.) ;
#1989=ORIENTED_EDGE('',*,*,#1984,.F.) ;
#2024=ORIENTED_EDGE('',*,*,#1979,.F.) ;
#2025=ORIENTED_EDGE('',*,*,#2003,.F.) ;
#2026=ORIENTED_EDGE('',*,*,#2010,.F.) ;
#2027=ORIENTED_EDGE('',*,*,#2017,.F.) ;
#2028=ORIENTED_EDGE('',*,*,#2022,.F.) ;
#2029=ORIENTED_EDGE('',*,*,#1542,.F.) ;
#2046=ORIENTED_EDGE('',*,*,#2039,.F.) ;
#2047=ORIENTED_EDGE('',*,*,#2044,.F.) ;
#2082=ORIENTED_EDGE('',*,*,#2063,.T.) ;
#2083=ORIENTED_EDGE('',*,*,#2068,.F.) ;
#2084=ORIENTED_EDGE('',*,*,#1549,.F.) ;
#2085=ORIENTED_EDGE('',*,*,#2022,.T.) ;
#2086=ORIENTED_EDGE('',*,*,#2075,.T.) ;
#2087=ORIENTED_EDGE('',*,*,#2080,.F.) ;
#2108=ORIENTED_EDGE('',*,*,#1556,.T.) ;
#2109=ORIENTED_EDGE('',*,*,#2068,.T.) ;
#2110=ORIENTED_EDGE('',*,*,#2101,.T.) ;
#2111=ORIENTED_EDGE('',*,*,#2106,.T.) ;
#2132=ORIENTED_EDGE('',*,*,#1563,.T.) ;
#2133=ORIENTED_EDGE('',*,*,#2106,.F.) ;
#2134=ORIENTED_EDGE('',*,*,#2125,.F.) ;
#2135=ORIENTED_EDGE('',*,*,#2130,.F.) ;
#2168=ORIENTED_EDGE('',*,*,#2130,.T.) ;
#2169=ORIENTED_EDGE('',*,*,#2147,.T.) ;
#2170=ORIENTED_EDGE('',*,*,#2080,.T.) ;
#2171=ORIENTED_EDGE('',*,*,#2154,.T.) ;
#2172=ORIENTED_EDGE('',*,*,#2161,.T.) ;
#2173=ORIENTED_EDGE('',*,*,#2166,.T.) ;
#2174=ORIENTED_EDGE('',*,*,#1984,.T.) ;
#2175=ORIENTED_EDGE('',*,*,#1568,.T.) ;
#2184=ORIENTED_EDGE('',*,*,#1730,.F.) ;
#2185=ORIENTED_EDGE('',*,*,#1638,.T.) ;
#2186=ORIENTED_EDGE('',*,*,#1666,.T.) ;
#2187=ORIENTED_EDGE('',*,*,#1690,.F.) ;
#2215=ORIENTED_EDGE('',*,*,#2201,.F.) ;
#2216=ORIENTED_EDGE('',*,*,#1710,.T.) ;
#2217=ORIENTED_EDGE('',*,*,#2208,.T.) ;
#2218=ORIENTED_EDGE('',*,*,#2213,.F.) ;
#2227=ORIENTED_EDGE('',*,*,#2208,.F.) ;
#2228=ORIENTED_EDGE('',*,*,#1715,.T.) ;
#2229=ORIENTED_EDGE('',*,*,#2201,.T.) ;
#2230=ORIENTED_EDGE('',*,*,#2225,.F.) ;
#2239=ORIENTED_EDGE('',*,*,#1802,.T.) ;
#2240=ORIENTED_EDGE('',*,*,#1826,.T.) ;
#2241=ORIENTED_EDGE('',*,*,#1843,.T.) ;
#2242=ORIENTED_EDGE('',*,*,#1778,.T.) ;
#2251=ORIENTED_EDGE('',*,*,#1946,.T.) ;
#2252=ORIENTED_EDGE('',*,*,#1922,.T.) ;
#2253=ORIENTED_EDGE('',*,*,#1898,.T.) ;
#2254=ORIENTED_EDGE('',*,*,#1958,.T.) ;
#2271=ORIENTED_EDGE('',*,*,#2264,.F.) ;
#2272=ORIENTED_EDGE('',*,*,#2269,.F.) ;
#2281=ORIENTED_EDGE('',*,*,#2279,.F.) ;
#2282=ORIENTED_EDGE('',*,*,#2003,.T.) ;
#2283=ORIENTED_EDGE('',*,*,#1974,.T.) ;
#2284=ORIENTED_EDGE('',*,*,#2166,.F.) ;
#2298=ORIENTED_EDGE('',*,*,#2075,.F.) ;
#2299=ORIENTED_EDGE('',*,*,#2017,.T.) ;
#2300=ORIENTED_EDGE('',*,*,#2296,.T.) ;
#2301=ORIENTED_EDGE('',*,*,#2154,.F.) ;
#2305=ORIENTED_EDGE('',*,*,#2296,.F.) ;
#2306=ORIENTED_EDGE('',*,*,#2010,.T.) ;
#2307=ORIENTED_EDGE('',*,*,#2279,.T.) ;
#2308=ORIENTED_EDGE('',*,*,#2161,.F.) ;
#2343=ORIENTED_EDGE('',*,*,#2322,.T.) ;
#2344=ORIENTED_EDGE('',*,*,#2329,.T.) ;
#2345=ORIENTED_EDGE('',*,*,#2336,.T.) ;
#2346=ORIENTED_EDGE('',*,*,#2341,.F.) ;
#2347=ORIENTED_EDGE('',*,*,#2044,.T.) ;
#2368=ORIENTED_EDGE('',*,*,#2322,.F.) ;
#2369=ORIENTED_EDGE('',*,*,#2039,.T.) ;
#2370=ORIENTED_EDGE('',*,*,#2341,.T.) ;
#2371=ORIENTED_EDGE('',*,*,#2361,.T.) ;
#2372=ORIENTED_EDGE('',*,*,#2366,.T.) ;
#2381=ORIENTED_EDGE('',*,*,#2125,.T.) ;
#2382=ORIENTED_EDGE('',*,*,#2101,.F.) ;
#2383=ORIENTED_EDGE('',*,*,#2063,.F.) ;
#2384=ORIENTED_EDGE('',*,*,#2147,.F.) ;
#2393=ORIENTED_EDGE('',*,*,#2213,.T.) ;
#2394=ORIENTED_EDGE('',*,*,#2225,.T.) ;
#2411=ORIENTED_EDGE('',*,*,#2404,.F.) ;
#2412=ORIENTED_EDGE('',*,*,#2409,.F.) ;
#2454=ORIENTED_EDGE('',*,*,#2264,.T.) ;
#2455=ORIENTED_EDGE('',*,*,#2426,.T.) ;
#2456=ORIENTED_EDGE('',*,*,#2433,.F.) ;
#2457=ORIENTED_EDGE('',*,*,#2440,.F.) ;
#2458=ORIENTED_EDGE('',*,*,#2447,.F.) ;
#2459=ORIENTED_EDGE('',*,*,#2452,.F.) ;
#2475=ORIENTED_EDGE('',*,*,#2269,.T.) ;
#2476=ORIENTED_EDGE('',*,*,#2452,.T.) ;
#2477=ORIENTED_EDGE('',*,*,#2447,.T.) ;
#2478=ORIENTED_EDGE('',*,*,#2468,.F.) ;
#2479=ORIENTED_EDGE('',*,*,#2473,.F.) ;
#2480=ORIENTED_EDGE('',*,*,#2426,.F.) ;
#2520=ORIENTED_EDGE('',*,*,#2494,.F.) ;
#2521=ORIENTED_EDGE('',*,*,#2513,.T.) ;
#2522=ORIENTED_EDGE('',*,*,#2518,.T.) ;
#2523=ORIENTED_EDGE('',*,*,#2329,.F.) ;
#2524=ORIENTED_EDGE('',*,*,#2366,.F.) ;
#2545=ORIENTED_EDGE('',*,*,#2361,.F.) ;
#2546=ORIENTED_EDGE('',*,*,#2336,.F.) ;
#2547=ORIENTED_EDGE('',*,*,#2518,.F.) ;
#2548=ORIENTED_EDGE('',*,*,#2543,.T.) ;
#2549=ORIENTED_EDGE('',*,*,#2494,.T.) ;
#2577=ORIENTED_EDGE('',*,*,#2404,.T.) ;
#2578=ORIENTED_EDGE('',*,*,#2563,.F.) ;
#2579=ORIENTED_EDGE('',*,*,#2570,.F.) ;
#2580=ORIENTED_EDGE('',*,*,#2575,.T.) ;
#2589=ORIENTED_EDGE('',*,*,#2409,.T.) ;
#2590=ORIENTED_EDGE('',*,*,#2575,.F.) ;
#2591=ORIENTED_EDGE('',*,*,#2587,.F.) ;
#2592=ORIENTED_EDGE('',*,*,#2563,.T.) ;
#2632=ORIENTED_EDGE('',*,*,#2606,.F.) ;
#2633=ORIENTED_EDGE('',*,*,#2625,.F.) ;
#2634=ORIENTED_EDGE('',*,*,#2630,.T.) ;
#2635=ORIENTED_EDGE('',*,*,#2468,.T.) ;
#2636=ORIENTED_EDGE('',*,*,#2440,.T.) ;
#2657=ORIENTED_EDGE('',*,*,#2433,.T.) ;
#2658=ORIENTED_EDGE('',*,*,#2473,.T.) ;
#2659=ORIENTED_EDGE('',*,*,#2630,.F.) ;
#2660=ORIENTED_EDGE('',*,*,#2655,.F.) ;
#2661=ORIENTED_EDGE('',*,*,#2606,.T.) ;
#2689=ORIENTED_EDGE('',*,*,#2675,.F.) ;
#2690=ORIENTED_EDGE('',*,*,#2682,.T.) ;
#2691=ORIENTED_EDGE('',*,*,#2687,.T.) ;
#2692=ORIENTED_EDGE('',*,*,#2513,.F.) ;
#2701=ORIENTED_EDGE('',*,*,#2543,.F.) ;
#2702=ORIENTED_EDGE('',*,*,#2687,.F.) ;
#2703=ORIENTED_EDGE('',*,*,#2699,.T.) ;
#2704=ORIENTED_EDGE('',*,*,#2675,.T.) ;
#2708=ORIENTED_EDGE('',*,*,#2587,.T.) ;
#2709=ORIENTED_EDGE('',*,*,#2570,.T.) ;
#2737=ORIENTED_EDGE('',*,*,#2723,.F.) ;
#2738=ORIENTED_EDGE('',*,*,#2730,.F.) ;
#2739=ORIENTED_EDGE('',*,*,#2735,.T.) ;
#2740=ORIENTED_EDGE('',*,*,#2625,.T.) ;
#2749=ORIENTED_EDGE('',*,*,#2655,.T.) ;
#2750=ORIENTED_EDGE('',*,*,#2735,.F.) ;
#2751=ORIENTED_EDGE('',*,*,#2747,.F.) ;
#2752=ORIENTED_EDGE('',*,*,#2723,.T.) ;
#2792=ORIENTED_EDGE('',*,*,#2766,.F.) ;
#2793=ORIENTED_EDGE('',*,*,#2785,.F.) ;
#2794=ORIENTED_EDGE('',*,*,#2790,.T.) ;
#2795=ORIENTED_EDGE('',*,*,#2682,.F.) ;
#2816=ORIENTED_EDGE('',*,*,#2699,.F.) ;
#2817=ORIENTED_EDGE('',*,*,#2790,.F.) ;
#2818=ORIENTED_EDGE('',*,*,#2814,.F.) ;
#2819=ORIENTED_EDGE('',*,*,#2766,.T.) ;
#2859=ORIENTED_EDGE('',*,*,#2833,.F.) ;
#2860=ORIENTED_EDGE('',*,*,#2852,.T.) ;
#2861=ORIENTED_EDGE('',*,*,#2857,.T.) ;
#2862=ORIENTED_EDGE('',*,*,#2730,.T.) ;
#2883=ORIENTED_EDGE('',*,*,#2747,.T.) ;
#2884=ORIENTED_EDGE('',*,*,#2857,.F.) ;
#2885=ORIENTED_EDGE('',*,*,#2881,.T.) ;
#2886=ORIENTED_EDGE('',*,*,#2833,.T.) ;
#2914=ORIENTED_EDGE('',*,*,#2902,.T.) ;
#2915=ORIENTED_EDGE('',*,*,#2907,.F.) ;
#2916=ORIENTED_EDGE('',*,*,#2785,.T.) ;
#2917=ORIENTED_EDGE('',*,*,#2912,.T.) ;
#2926=ORIENTED_EDGE('',*,*,#2912,.F.) ;
#2927=ORIENTED_EDGE('',*,*,#2814,.T.) ;
#2928=ORIENTED_EDGE('',*,*,#2907,.T.) ;
#2929=ORIENTED_EDGE('',*,*,#2924,.T.) ;
#2957=ORIENTED_EDGE('',*,*,#2945,.F.) ;
#2958=ORIENTED_EDGE('',*,*,#2950,.F.) ;
#2959=ORIENTED_EDGE('',*,*,#2852,.F.) ;
#2960=ORIENTED_EDGE('',*,*,#2955,.T.) ;
#2969=ORIENTED_EDGE('',*,*,#2955,.F.) ;
#2970=ORIENTED_EDGE('',*,*,#2881,.F.) ;
#2971=ORIENTED_EDGE('',*,*,#2950,.T.) ;
#2972=ORIENTED_EDGE('',*,*,#2967,.F.) ;
#3012=ORIENTED_EDGE('',*,*,#2986,.F.) ;
#3013=ORIENTED_EDGE('',*,*,#3005,.T.) ;
#3014=ORIENTED_EDGE('',*,*,#3010,.T.) ;
#3015=ORIENTED_EDGE('',*,*,#2902,.F.) ;
#3036=ORIENTED_EDGE('',*,*,#2924,.F.) ;
#3037=ORIENTED_EDGE('',*,*,#3010,.F.) ;
#3038=ORIENTED_EDGE('',*,*,#3034,.T.) ;
#3039=ORIENTED_EDGE('',*,*,#2986,.T.) ;
#3079=ORIENTED_EDGE('',*,*,#3053,.F.) ;
#3080=ORIENTED_EDGE('',*,*,#3072,.F.) ;
#3081=ORIENTED_EDGE('',*,*,#3077,.T.) ;
#3082=ORIENTED_EDGE('',*,*,#2945,.T.) ;
#3103=ORIENTED_EDGE('',*,*,#2967,.T.) ;
#3104=ORIENTED_EDGE('',*,*,#3077,.F.) ;
#3105=ORIENTED_EDGE('',*,*,#3101,.F.) ;
#3106=ORIENTED_EDGE('',*,*,#3053,.T.) ;
#3134=ORIENTED_EDGE('',*,*,#3120,.F.) ;
#3135=ORIENTED_EDGE('',*,*,#3127,.T.) ;
#3136=ORIENTED_EDGE('',*,*,#3132,.T.) ;
#3137=ORIENTED_EDGE('',*,*,#3005,.F.) ;
#3146=ORIENTED_EDGE('',*,*,#3034,.F.) ;
#3147=ORIENTED_EDGE('',*,*,#3132,.F.) ;
#3148=ORIENTED_EDGE('',*,*,#3144,.T.) ;
#3149=ORIENTED_EDGE('',*,*,#3120,.T.) ;
#3177=ORIENTED_EDGE('',*,*,#3163,.F.) ;
#3178=ORIENTED_EDGE('',*,*,#3170,.F.) ;
#3179=ORIENTED_EDGE('',*,*,#3175,.T.) ;
#3180=ORIENTED_EDGE('',*,*,#3072,.T.) ;
#3189=ORIENTED_EDGE('',*,*,#3101,.T.) ;
#3190=ORIENTED_EDGE('',*,*,#3175,.F.) ;
#3191=ORIENTED_EDGE('',*,*,#3187,.F.) ;
#3192=ORIENTED_EDGE('',*,*,#3163,.T.) ;
#3232=ORIENTED_EDGE('',*,*,#3206,.F.) ;
#3233=ORIENTED_EDGE('',*,*,#3127,.F.) ;
#3234=ORIENTED_EDGE('',*,*,#3213,.T.) ;
#3235=ORIENTED_EDGE('',*,*,#3230,.F.) ;
#3256=ORIENTED_EDGE('',*,*,#3254,.F.) ;
#3257=ORIENTED_EDGE('',*,*,#3213,.F.) ;
#3258=ORIENTED_EDGE('',*,*,#3144,.F.) ;
#3259=ORIENTED_EDGE('',*,*,#3206,.T.) ;
#3299=ORIENTED_EDGE('',*,*,#3273,.F.) ;
#3300=ORIENTED_EDGE('',*,*,#3170,.T.) ;
#3301=ORIENTED_EDGE('',*,*,#3280,.T.) ;
#3302=ORIENTED_EDGE('',*,*,#3297,.T.) ;
#3323=ORIENTED_EDGE('',*,*,#3321,.T.) ;
#3324=ORIENTED_EDGE('',*,*,#3280,.F.) ;
#3325=ORIENTED_EDGE('',*,*,#3187,.T.) ;
#3326=ORIENTED_EDGE('',*,*,#3273,.T.) ;
#3354=ORIENTED_EDGE('',*,*,#3230,.T.) ;
#3355=ORIENTED_EDGE('',*,*,#3340,.F.) ;
#3356=ORIENTED_EDGE('',*,*,#3347,.T.) ;
#3357=ORIENTED_EDGE('',*,*,#3352,.T.) ;
#3366=ORIENTED_EDGE('',*,*,#3352,.F.) ;
#3367=ORIENTED_EDGE('',*,*,#3364,.T.) ;
#3368=ORIENTED_EDGE('',*,*,#3340,.T.) ;
#3369=ORIENTED_EDGE('',*,*,#3254,.T.) ;
#3397=ORIENTED_EDGE('',*,*,#3297,.F.) ;
#3398=ORIENTED_EDGE('',*,*,#3383,.F.) ;
#3399=ORIENTED_EDGE('',*,*,#3390,.F.) ;
#3400=ORIENTED_EDGE('',*,*,#3395,.T.) ;
#3409=ORIENTED_EDGE('',*,*,#3395,.F.) ;
#3410=ORIENTED_EDGE('',*,*,#3407,.F.) ;
#3411=ORIENTED_EDGE('',*,*,#3383,.T.) ;
#3412=ORIENTED_EDGE('',*,*,#3321,.F.) ;
#3452=ORIENTED_EDGE('',*,*,#3426,.F.) ;
#3453=ORIENTED_EDGE('',*,*,#3445,.F.) ;
#3454=ORIENTED_EDGE('',*,*,#3450,.T.) ;
#3455=ORIENTED_EDGE('',*,*,#3347,.F.) ;
#3476=ORIENTED_EDGE('',*,*,#3364,.F.) ;
#3477=ORIENTED_EDGE('',*,*,#3450,.F.) ;
#3478=ORIENTED_EDGE('',*,*,#3474,.F.) ;
#3479=ORIENTED_EDGE('',*,*,#3426,.T.) ;
#3519=ORIENTED_EDGE('',*,*,#3493,.F.) ;
#3520=ORIENTED_EDGE('',*,*,#3512,.T.) ;
#3521=ORIENTED_EDGE('',*,*,#3517,.T.) ;
#3522=ORIENTED_EDGE('',*,*,#3390,.T.) ;
#3543=ORIENTED_EDGE('',*,*,#3407,.T.) ;
#3544=ORIENTED_EDGE('',*,*,#3517,.F.) ;
#3545=ORIENTED_EDGE('',*,*,#3541,.T.) ;
#3546=ORIENTED_EDGE('',*,*,#3493,.T.) ;
#3565=ORIENTED_EDGE('',*,*,#3558,.F.) ;
#3566=ORIENTED_EDGE('',*,*,#3445,.T.) ;
#3567=ORIENTED_EDGE('',*,*,#3563,.T.) ;
#3568=ORIENTED_EDGE('',*,*,#137,.F.) ;
#3572=ORIENTED_EDGE('',*,*,#3563,.F.) ;
#3573=ORIENTED_EDGE('',*,*,#3474,.T.) ;
#3574=ORIENTED_EDGE('',*,*,#3558,.T.) ;
#3575=ORIENTED_EDGE('',*,*,#142,.F.) ;
#3603=ORIENTED_EDGE('',*,*,#3591,.F.) ;
#3604=ORIENTED_EDGE('',*,*,#3596,.F.) ;
#3605=ORIENTED_EDGE('',*,*,#3512,.F.) ;
#3606=ORIENTED_EDGE('',*,*,#3601,.T.) ;
#3615=ORIENTED_EDGE('',*,*,#3601,.F.) ;
#3616=ORIENTED_EDGE('',*,*,#3541,.F.) ;
#3617=ORIENTED_EDGE('',*,*,#3596,.T.) ;
#3618=ORIENTED_EDGE('',*,*,#3613,.F.) ;
#3622=ORIENTED_EDGE('',*,*,#90,.T.) ;
#3623=ORIENTED_EDGE('',*,*,#112,.T.) ;
#3626=ORIENTED_EDGE('',*,*,#3591,.T.) ;
#3627=ORIENTED_EDGE('',*,*,#3613,.T.) ;
#3630=ORIENTED_EDGE('',*,*,#872,.F.) ;
#3631=ORIENTED_EDGE('',*,*,#855,.F.) ;
#3634=ORIENTED_EDGE('',*,*,#829,.F.) ;
#3635=ORIENTED_EDGE('',*,*,#812,.F.) ;
#3638=ORIENTED_EDGE('',*,*,#786,.F.) ;
#3639=ORIENTED_EDGE('',*,*,#769,.F.) ;
#3642=ORIENTED_EDGE('',*,*,#743,.F.) ;
#3643=ORIENTED_EDGE('',*,*,#726,.F.) ;
#3646=ORIENTED_EDGE('',*,*,#700,.F.) ;
#3647=ORIENTED_EDGE('',*,*,#683,.F.) ;
#3650=ORIENTED_EDGE('',*,*,#657,.F.) ;
#3651=ORIENTED_EDGE('',*,*,#640,.F.) ;
#3654=ORIENTED_EDGE('',*,*,#614,.F.) ;
#3655=ORIENTED_EDGE('',*,*,#597,.F.) ;
#3658=ORIENTED_EDGE('',*,*,#571,.F.) ;
#3659=ORIENTED_EDGE('',*,*,#554,.F.) ;
#3662=ORIENTED_EDGE('',*,*,#528,.F.) ;
#3663=ORIENTED_EDGE('',*,*,#511,.F.) ;
#3666=ORIENTED_EDGE('',*,*,#485,.F.) ;
#3667=ORIENTED_EDGE('',*,*,#468,.F.) ;
#3670=ORIENTED_EDGE('',*,*,#442,.F.) ;
#3671=ORIENTED_EDGE('',*,*,#425,.F.) ;
#3674=ORIENTED_EDGE('',*,*,#399,.F.) ;
#3675=ORIENTED_EDGE('',*,*,#382,.F.) ;
#3721=ORIENTED_EDGE('',*,*,#3700,.F.) ;
#3722=ORIENTED_EDGE('',*,*,#3707,.T.) ;
#3723=ORIENTED_EDGE('',*,*,#3714,.T.) ;
#3724=ORIENTED_EDGE('',*,*,#3719,.F.) ;
#3743=ORIENTED_EDGE('',*,*,#3714,.F.) ;
#3744=ORIENTED_EDGE('',*,*,#3736,.T.) ;
#3745=ORIENTED_EDGE('',*,*,#3700,.T.) ;
#3746=ORIENTED_EDGE('',*,*,#3741,.F.) ;
#3782=ORIENTED_EDGE('',*,*,#3761,.F.) ;
#3783=ORIENTED_EDGE('',*,*,#3768,.T.) ;
#3784=ORIENTED_EDGE('',*,*,#3775,.T.) ;
#3785=ORIENTED_EDGE('',*,*,#3780,.F.) ;
#3799=ORIENTED_EDGE('',*,*,#3775,.F.) ;
#3800=ORIENTED_EDGE('',*,*,#3792,.T.) ;
#3801=ORIENTED_EDGE('',*,*,#3761,.T.) ;
#3802=ORIENTED_EDGE('',*,*,#3797,.F.) ;
#3836=ORIENTED_EDGE('',*,*,#3815,.F.) ;
#3837=ORIENTED_EDGE('',*,*,#3822,.T.) ;
#3838=ORIENTED_EDGE('',*,*,#3829,.T.) ;
#3839=ORIENTED_EDGE('',*,*,#3834,.F.) ;
#3853=ORIENTED_EDGE('',*,*,#3829,.F.) ;
#3854=ORIENTED_EDGE('',*,*,#3846,.T.) ;
#3855=ORIENTED_EDGE('',*,*,#3815,.T.) ;
#3856=ORIENTED_EDGE('',*,*,#3851,.F.) ;
#3890=ORIENTED_EDGE('',*,*,#3869,.F.) ;
#3891=ORIENTED_EDGE('',*,*,#3876,.T.) ;
#3892=ORIENTED_EDGE('',*,*,#3883,.T.) ;
#3893=ORIENTED_EDGE('',*,*,#3888,.F.) ;
#3907=ORIENTED_EDGE('',*,*,#3883,.F.) ;
#3908=ORIENTED_EDGE('',*,*,#3900,.T.) ;
#3909=ORIENTED_EDGE('',*,*,#3869,.T.) ;
#3910=ORIENTED_EDGE('',*,*,#3905,.F.) ;
#3944=ORIENTED_EDGE('',*,*,#3923,.F.) ;
#3945=ORIENTED_EDGE('',*,*,#3930,.T.) ;
#3946=ORIENTED_EDGE('',*,*,#3937,.T.) ;
#3947=ORIENTED_EDGE('',*,*,#3942,.F.) ;
#3961=ORIENTED_EDGE('',*,*,#3937,.F.) ;
#3962=ORIENTED_EDGE('',*,*,#3954,.T.) ;
#3963=ORIENTED_EDGE('',*,*,#3923,.T.) ;
#3964=ORIENTED_EDGE('',*,*,#3959,.F.) ;
#3998=ORIENTED_EDGE('',*,*,#3977,.F.) ;
#3999=ORIENTED_EDGE('',*,*,#3984,.T.) ;
#4000=ORIENTED_EDGE('',*,*,#3991,.T.) ;
#4001=ORIENTED_EDGE('',*,*,#3996,.F.) ;
#4015=ORIENTED_EDGE('',*,*,#3991,.F.) ;
#4016=ORIENTED_EDGE('',*,*,#4008,.T.) ;
#4017=ORIENTED_EDGE('',*,*,#3977,.T.) ;
#4018=ORIENTED_EDGE('',*,*,#4013,.F.) ;
#4052=ORIENTED_EDGE('',*,*,#4031,.F.) ;
#4053=ORIENTED_EDGE('',*,*,#4038,.T.) ;
#4054=ORIENTED_EDGE('',*,*,#4045,.T.) ;
#4055=ORIENTED_EDGE('',*,*,#4050,.F.) ;
#4069=ORIENTED_EDGE('',*,*,#4045,.F.) ;
#4070=ORIENTED_EDGE('',*,*,#4062,.T.) ;
#4071=ORIENTED_EDGE('',*,*,#4031,.T.) ;
#4072=ORIENTED_EDGE('',*,*,#4067,.F.) ;
#4106=ORIENTED_EDGE('',*,*,#4085,.F.) ;
#4107=ORIENTED_EDGE('',*,*,#4092,.T.) ;
#4108=ORIENTED_EDGE('',*,*,#4099,.T.) ;
#4109=ORIENTED_EDGE('',*,*,#4104,.F.) ;
#4123=ORIENTED_EDGE('',*,*,#4099,.F.) ;
#4124=ORIENTED_EDGE('',*,*,#4116,.T.) ;
#4125=ORIENTED_EDGE('',*,*,#4085,.T.) ;
#4126=ORIENTED_EDGE('',*,*,#4121,.F.) ;
#4160=ORIENTED_EDGE('',*,*,#4139,.F.) ;
#4161=ORIENTED_EDGE('',*,*,#4146,.T.) ;
#4162=ORIENTED_EDGE('',*,*,#4153,.T.) ;
#4163=ORIENTED_EDGE('',*,*,#4158,.F.) ;
#4177=ORIENTED_EDGE('',*,*,#4153,.F.) ;
#4178=ORIENTED_EDGE('',*,*,#4170,.T.) ;
#4179=ORIENTED_EDGE('',*,*,#4139,.T.) ;
#4180=ORIENTED_EDGE('',*,*,#4175,.F.) ;
#4214=ORIENTED_EDGE('',*,*,#4193,.F.) ;
#4215=ORIENTED_EDGE('',*,*,#4200,.T.) ;
#4216=ORIENTED_EDGE('',*,*,#4207,.T.) ;
#4217=ORIENTED_EDGE('',*,*,#4212,.F.) ;
#4231=ORIENTED_EDGE('',*,*,#4207,.F.) ;
#4232=ORIENTED_EDGE('',*,*,#4224,.T.) ;
#4233=ORIENTED_EDGE('',*,*,#4193,.T.) ;
#4234=ORIENTED_EDGE('',*,*,#4229,.F.) ;
#4268=ORIENTED_EDGE('',*,*,#4247,.F.) ;
#4269=ORIENTED_EDGE('',*,*,#4254,.T.) ;
#4270=ORIENTED_EDGE('',*,*,#4261,.T.) ;
#4271=ORIENTED_EDGE('',*,*,#4266,.F.) ;
#4285=ORIENTED_EDGE('',*,*,#4261,.F.) ;
#4286=ORIENTED_EDGE('',*,*,#4278,.T.) ;
#4287=ORIENTED_EDGE('',*,*,#4247,.T.) ;
#4288=ORIENTED_EDGE('',*,*,#4283,.F.) ;
#4363=ORIENTED_EDGE('',*,*,#4328,.T.) ;
#4364=ORIENTED_EDGE('',*,*,#4335,.T.) ;
#4365=ORIENTED_EDGE('',*,*,#4342,.T.) ;
#4366=ORIENTED_EDGE('',*,*,#4349,.T.) ;
#4367=ORIENTED_EDGE('',*,*,#4356,.F.) ;
#4368=ORIENTED_EDGE('',*,*,#4361,.F.) ;
#4424=ORIENTED_EDGE('',*,*,#4384,.T.) ;
#4425=ORIENTED_EDGE('',*,*,#4391,.F.) ;
#4426=ORIENTED_EDGE('',*,*,#4398,.F.) ;
#4427=ORIENTED_EDGE('',*,*,#4405,.T.) ;
#4428=ORIENTED_EDGE('',*,*,#4410,.T.) ;
#4429=ORIENTED_EDGE('',*,*,#4361,.T.) ;
#4430=ORIENTED_EDGE('',*,*,#4417,.T.) ;
#4431=ORIENTED_EDGE('',*,*,#4422,.F.) ;
#4471=ORIENTED_EDGE('',*,*,#4417,.F.) ;
#4472=ORIENTED_EDGE('',*,*,#4356,.T.) ;
#4473=ORIENTED_EDGE('',*,*,#4445,.F.) ;
#4474=ORIENTED_EDGE('',*,*,#4450,.T.) ;
#4475=ORIENTED_EDGE('',*,*,#4398,.T.) ;
#4476=ORIENTED_EDGE('',*,*,#4457,.F.) ;
#4477=ORIENTED_EDGE('',*,*,#4464,.F.) ;
#4478=ORIENTED_EDGE('',*,*,#4469,.F.) ;
#4509=ORIENTED_EDGE('',*,*,#4488,.F.) ;
#4510=ORIENTED_EDGE('',*,*,#4495,.F.) ;
#4511=ORIENTED_EDGE('',*,*,#4502,.T.) ;
#4512=ORIENTED_EDGE('',*,*,#4507,.T.) ;
#4533=ORIENTED_EDGE('',*,*,#4526,.F.) ;
#4534=ORIENTED_EDGE('',*,*,#4531,.T.) ;
#4535=ORIENTED_EDGE('',*,*,#4445,.T.) ;
#4536=ORIENTED_EDGE('',*,*,#4349,.F.) ;
#4557=ORIENTED_EDGE('',*,*,#4550,.F.) ;
#4558=ORIENTED_EDGE('',*,*,#4555,.T.) ;
#4559=ORIENTED_EDGE('',*,*,#4526,.T.) ;
#4560=ORIENTED_EDGE('',*,*,#4342,.F.) ;
#4581=ORIENTED_EDGE('',*,*,#4574,.F.) ;
#4582=ORIENTED_EDGE('',*,*,#4579,.T.) ;
#4583=ORIENTED_EDGE('',*,*,#4550,.T.) ;
#4584=ORIENTED_EDGE('',*,*,#4335,.F.) ;
#4598=ORIENTED_EDGE('',*,*,#4410,.F.) ;
#4599=ORIENTED_EDGE('',*,*,#4596,.T.) ;
#4600=ORIENTED_EDGE('',*,*,#4574,.T.) ;
#4601=ORIENTED_EDGE('',*,*,#4328,.F.) ;
#4629=ORIENTED_EDGE('',*,*,#4617,.T.) ;
#4630=ORIENTED_EDGE('',*,*,#4622,.F.) ;
#4631=ORIENTED_EDGE('',*,*,#4384,.F.) ;
#4632=ORIENTED_EDGE('',*,*,#4627,.F.) ;
#4646=ORIENTED_EDGE('',*,*,#4457,.T.) ;
#4647=ORIENTED_EDGE('',*,*,#4391,.T.) ;
#4648=ORIENTED_EDGE('',*,*,#4622,.T.) ;
#4649=ORIENTED_EDGE('',*,*,#4644,.T.) ;
#4658=ORIENTED_EDGE('',*,*,#4531,.F.) ;
#4659=ORIENTED_EDGE('',*,*,#4555,.F.) ;
#4660=ORIENTED_EDGE('',*,*,#4579,.F.) ;
#4661=ORIENTED_EDGE('',*,*,#4596,.F.) ;
#4662=ORIENTED_EDGE('',*,*,#4405,.F.) ;
#4663=ORIENTED_EDGE('',*,*,#4450,.F.) ;
#4680=ORIENTED_EDGE('',*,*,#4673,.F.) ;
#4681=ORIENTED_EDGE('',*,*,#4678,.F.) ;
#4695=ORIENTED_EDGE('',*,*,#4693,.T.) ;
#4696=ORIENTED_EDGE('',*,*,#4627,.T.) ;
#4697=ORIENTED_EDGE('',*,*,#4422,.T.) ;
#4698=ORIENTED_EDGE('',*,*,#4469,.T.) ;
#4707=ORIENTED_EDGE('',*,*,#4464,.T.) ;
#4708=ORIENTED_EDGE('',*,*,#4644,.F.) ;
#4709=ORIENTED_EDGE('',*,*,#4617,.F.) ;
#4710=ORIENTED_EDGE('',*,*,#4693,.F.) ;
#4789=ORIENTED_EDGE('',*,*,#4719,.T.) ;
#4790=ORIENTED_EDGE('',*,*,#4726,.F.) ;
#4791=ORIENTED_EDGE('',*,*,#4733,.T.) ;
#4792=ORIENTED_EDGE('',*,*,#4740,.T.) ;
#4793=ORIENTED_EDGE('',*,*,#4747,.T.) ;
#4794=ORIENTED_EDGE('',*,*,#4754,.T.) ;
#4795=ORIENTED_EDGE('',*,*,#4761,.F.) ;
#4796=ORIENTED_EDGE('',*,*,#4768,.F.) ;
#4797=ORIENTED_EDGE('',*,*,#4775,.T.) ;
#4798=ORIENTED_EDGE('',*,*,#4782,.F.) ;
#4799=ORIENTED_EDGE('',*,*,#4787,.T.) ;
#4800=ORIENTED_EDGE('',*,*,#4488,.T.) ;
#4831=ORIENTED_EDGE('',*,*,#4810,.F.) ;
#4832=ORIENTED_EDGE('',*,*,#4817,.F.) ;
#4833=ORIENTED_EDGE('',*,*,#4824,.F.) ;
#4834=ORIENTED_EDGE('',*,*,#4829,.F.) ;
#4902=ORIENTED_EDGE('',*,*,#4733,.F.) ;
#4903=ORIENTED_EDGE('',*,*,#4848,.F.) ;
#4904=ORIENTED_EDGE('',*,*,#4855,.F.) ;
#4905=ORIENTED_EDGE('',*,*,#4862,.F.) ;
#4906=ORIENTED_EDGE('',*,*,#4869,.F.) ;
#4907=ORIENTED_EDGE('',*,*,#4876,.F.) ;
#4908=ORIENTED_EDGE('',*,*,#4881,.F.) ;
#4909=ORIENTED_EDGE('',*,*,#4495,.T.) ;
#4910=ORIENTED_EDGE('',*,*,#4787,.F.) ;
#4911=ORIENTED_EDGE('',*,*,#4888,.F.) ;
#4912=ORIENTED_EDGE('',*,*,#4895,.F.) ;
#4913=ORIENTED_EDGE('',*,*,#4900,.F.) ;
#4944=ORIENTED_EDGE('',*,*,#4923,.F.) ;
#4945=ORIENTED_EDGE('',*,*,#4930,.F.) ;
#4946=ORIENTED_EDGE('',*,*,#4937,.F.) ;
#4947=ORIENTED_EDGE('',*,*,#4942,.F.) ;
#4963=ORIENTED_EDGE('',*,*,#4956,.F.) ;
#4964=ORIENTED_EDGE('',*,*,#4502,.F.) ;
#4965=ORIENTED_EDGE('',*,*,#4881,.T.) ;
#4966=ORIENTED_EDGE('',*,*,#4961,.T.) ;
#4980=ORIENTED_EDGE('',*,*,#4956,.T.) ;
#4981=ORIENTED_EDGE('',*,*,#4978,.F.) ;
#4982=ORIENTED_EDGE('',*,*,#4719,.F.) ;
#4983=ORIENTED_EDGE('',*,*,#4507,.F.) ;
#5018=ORIENTED_EDGE('',*,*,#4997,.T.) ;
#5019=ORIENTED_EDGE('',*,*,#5004,.T.) ;
#5020=ORIENTED_EDGE('',*,*,#5011,.T.) ;
#5021=ORIENTED_EDGE('',*,*,#5016,.F.) ;
#5022=ORIENTED_EDGE('',*,*,#4678,.T.) ;
#5043=ORIENTED_EDGE('',*,*,#4997,.F.) ;
#5044=ORIENTED_EDGE('',*,*,#4673,.T.) ;
#5045=ORIENTED_EDGE('',*,*,#5016,.T.) ;
#5046=ORIENTED_EDGE('',*,*,#5036,.T.) ;
#5047=ORIENTED_EDGE('',*,*,#5041,.T.) ;
#5068=ORIENTED_EDGE('',*,*,#5061,.F.) ;
#5069=ORIENTED_EDGE('',*,*,#4888,.T.) ;
#5070=ORIENTED_EDGE('',*,*,#4782,.T.) ;
#5071=ORIENTED_EDGE('',*,*,#5066,.F.) ;
#5111=ORIENTED_EDGE('',*,*,#5085,.T.) ;
#5112=ORIENTED_EDGE('',*,*,#5090,.T.) ;
#5113=ORIENTED_EDGE('',*,*,#5066,.T.) ;
#5114=ORIENTED_EDGE('',*,*,#4775,.F.) ;
#5115=ORIENTED_EDGE('',*,*,#5097,.F.) ;
#5116=ORIENTED_EDGE('',*,*,#5104,.F.) ;
#5117=ORIENTED_EDGE('',*,*,#5109,.F.) ;
#5118=ORIENTED_EDGE('',*,*,#4747,.F.) ;
#5139=ORIENTED_EDGE('',*,*,#5132,.F.) ;
#5140=ORIENTED_EDGE('',*,*,#5097,.T.) ;
#5141=ORIENTED_EDGE('',*,*,#4768,.T.) ;
#5142=ORIENTED_EDGE('',*,*,#5137,.F.) ;
#5163=ORIENTED_EDGE('',*,*,#5156,.T.) ;
#5164=ORIENTED_EDGE('',*,*,#5137,.T.) ;
#5165=ORIENTED_EDGE('',*,*,#4761,.T.) ;
#5166=ORIENTED_EDGE('',*,*,#5161,.T.) ;
#5183=ORIENTED_EDGE('',*,*,#5176,.F.) ;
#5184=ORIENTED_EDGE('',*,*,#5181,.F.) ;
#5198=ORIENTED_EDGE('',*,*,#4754,.F.) ;
#5199=ORIENTED_EDGE('',*,*,#5109,.T.) ;
#5200=ORIENTED_EDGE('',*,*,#5196,.T.) ;
#5201=ORIENTED_EDGE('',*,*,#5161,.F.) ;
#5215=ORIENTED_EDGE('',*,*,#4740,.F.) ;
#5216=ORIENTED_EDGE('',*,*,#4900,.T.) ;
#5217=ORIENTED_EDGE('',*,*,#5213,.T.) ;
#5218=ORIENTED_EDGE('',*,*,#5085,.F.) ;
#5241=ORIENTED_EDGE('',*,*,#4978,.T.) ;
#5242=ORIENTED_EDGE('',*,*,#4961,.F.) ;
#5243=ORIENTED_EDGE('',*,*,#4876,.T.) ;
#5244=ORIENTED_EDGE('',*,*,#5227,.T.) ;
#5245=ORIENTED_EDGE('',*,*,#5234,.F.) ;
#5246=ORIENTED_EDGE('',*,*,#5239,.F.) ;
#5247=ORIENTED_EDGE('',*,*,#4848,.T.) ;
#5248=ORIENTED_EDGE('',*,*,#4726,.T.) ;
#5279=ORIENTED_EDGE('',*,*,#5258,.F.) ;
#5280=ORIENTED_EDGE('',*,*,#5265,.F.) ;
#5281=ORIENTED_EDGE('',*,*,#5272,.F.) ;
#5282=ORIENTED_EDGE('',*,*,#5277,.F.) ;
#5310=ORIENTED_EDGE('',*,*,#5296,.F.) ;
#5311=ORIENTED_EDGE('',*,*,#4829,.T.) ;
#5312=ORIENTED_EDGE('',*,*,#5303,.T.) ;
#5313=ORIENTED_EDGE('',*,*,#5308,.F.) ;
#5334=ORIENTED_EDGE('',*,*,#5303,.F.) ;
#5335=ORIENTED_EDGE('',*,*,#4824,.T.) ;
#5336=ORIENTED_EDGE('',*,*,#5327,.T.) ;
#5337=ORIENTED_EDGE('',*,*,#5332,.F.) ;
#5358=ORIENTED_EDGE('',*,*,#5327,.F.) ;
#5359=ORIENTED_EDGE('',*,*,#4817,.T.) ;
#5360=ORIENTED_EDGE('',*,*,#5351,.T.) ;
#5361=ORIENTED_EDGE('',*,*,#5356,.F.) ;
#5375=ORIENTED_EDGE('',*,*,#5351,.F.) ;
#5376=ORIENTED_EDGE('',*,*,#4810,.T.) ;
#5377=ORIENTED_EDGE('',*,*,#5296,.T.) ;
#5378=ORIENTED_EDGE('',*,*,#5373,.F.) ;
#5399=ORIENTED_EDGE('',*,*,#5392,.F.) ;
#5400=ORIENTED_EDGE('',*,*,#4855,.T.) ;
#5401=ORIENTED_EDGE('',*,*,#5239,.T.) ;
#5402=ORIENTED_EDGE('',*,*,#5397,.F.) ;
#5423=ORIENTED_EDGE('',*,*,#5416,.F.) ;
#5424=ORIENTED_EDGE('',*,*,#4862,.T.) ;
#5425=ORIENTED_EDGE('',*,*,#5392,.T.) ;
#5426=ORIENTED_EDGE('',*,*,#5421,.F.) ;
#5440=ORIENTED_EDGE('',*,*,#5227,.F.) ;
#5441=ORIENTED_EDGE('',*,*,#4869,.T.) ;
#5442=ORIENTED_EDGE('',*,*,#5416,.T.) ;
#5443=ORIENTED_EDGE('',*,*,#5438,.F.) ;
#5452=ORIENTED_EDGE('',*,*,#5213,.F.) ;
#5453=ORIENTED_EDGE('',*,*,#4895,.T.) ;
#5454=ORIENTED_EDGE('',*,*,#5061,.T.) ;
#5455=ORIENTED_EDGE('',*,*,#5090,.F.) ;
#5483=ORIENTED_EDGE('',*,*,#5469,.F.) ;
#5484=ORIENTED_EDGE('',*,*,#4923,.T.) ;
#5485=ORIENTED_EDGE('',*,*,#5476,.T.) ;
#5486=ORIENTED_EDGE('',*,*,#5481,.F.) ;
#5507=ORIENTED_EDGE('',*,*,#5500,.F.) ;
#5508=ORIENTED_EDGE('',*,*,#4930,.T.) ;
#5509=ORIENTED_EDGE('',*,*,#5469,.T.) ;
#5510=ORIENTED_EDGE('',*,*,#5505,.F.) ;
#5531=ORIENTED_EDGE('',*,*,#5524,.F.) ;
#5532=ORIENTED_EDGE('',*,*,#4937,.T.) ;
#5533=ORIENTED_EDGE('',*,*,#5500,.T.) ;
#5534=ORIENTED_EDGE('',*,*,#5529,.F.) ;
#5543=ORIENTED_EDGE('',*,*,#5476,.F.) ;
#5544=ORIENTED_EDGE('',*,*,#4942,.T.) ;
#5545=ORIENTED_EDGE('',*,*,#5524,.T.) ;
#5546=ORIENTED_EDGE('',*,*,#5541,.F.) ;
#5586=ORIENTED_EDGE('',*,*,#5560,.F.) ;
#5587=ORIENTED_EDGE('',*,*,#5579,.T.) ;
#5588=ORIENTED_EDGE('',*,*,#5584,.T.) ;
#5589=ORIENTED_EDGE('',*,*,#5004,.F.) ;
#5590=ORIENTED_EDGE('',*,*,#5041,.F.) ;
#5611=ORIENTED_EDGE('',*,*,#5036,.F.) ;
#5612=ORIENTED_EDGE('',*,*,#5011,.F.) ;
#5613=ORIENTED_EDGE('',*,*,#5584,.F.) ;
#5614=ORIENTED_EDGE('',*,*,#5609,.T.) ;
#5615=ORIENTED_EDGE('',*,*,#5560,.T.) ;
#5624=ORIENTED_EDGE('',*,*,#5196,.F.) ;
#5625=ORIENTED_EDGE('',*,*,#5104,.T.) ;
#5626=ORIENTED_EDGE('',*,*,#5132,.T.) ;
#5627=ORIENTED_EDGE('',*,*,#5156,.F.) ;
#5655=ORIENTED_EDGE('',*,*,#5641,.F.) ;
#5656=ORIENTED_EDGE('',*,*,#5176,.T.) ;
#5657=ORIENTED_EDGE('',*,*,#5648,.T.) ;
#5658=ORIENTED_EDGE('',*,*,#5653,.F.) ;
#5667=ORIENTED_EDGE('',*,*,#5648,.F.) ;
#5668=ORIENTED_EDGE('',*,*,#5181,.T.) ;
#5669=ORIENTED_EDGE('',*,*,#5641,.T.) ;
#5670=ORIENTED_EDGE('',*,*,#5665,.F.) ;
#5679=ORIENTED_EDGE('',*,*,#5438,.T.) ;
#5680=ORIENTED_EDGE('',*,*,#5421,.T.) ;
#5681=ORIENTED_EDGE('',*,*,#5397,.T.) ;
#5682=ORIENTED_EDGE('',*,*,#5234,.T.) ;
#5731=ORIENTED_EDGE('',*,*,#5698,.F.) ;
#5732=ORIENTED_EDGE('',*,*,#5703,.F.) ;
#5733=ORIENTED_EDGE('',*,*,#5277,.T.) ;
#5734=ORIENTED_EDGE('',*,*,#5710,.T.) ;
#5735=ORIENTED_EDGE('',*,*,#5717,.F.) ;
#5736=ORIENTED_EDGE('',*,*,#5724,.F.) ;
#5737=ORIENTED_EDGE('',*,*,#5729,.F.) ;
#5758=ORIENTED_EDGE('',*,*,#5710,.F.) ;
#5759=ORIENTED_EDGE('',*,*,#5272,.T.) ;
#5760=ORIENTED_EDGE('',*,*,#5751,.T.) ;
#5761=ORIENTED_EDGE('',*,*,#5756,.F.) ;
#5803=ORIENTED_EDGE('',*,*,#5777,.T.) ;
#5804=ORIENTED_EDGE('',*,*,#5784,.T.) ;
#5805=ORIENTED_EDGE('',*,*,#5789,.T.) ;
#5806=ORIENTED_EDGE('',*,*,#5751,.F.) ;
#5807=ORIENTED_EDGE('',*,*,#5265,.T.) ;
#5808=ORIENTED_EDGE('',*,*,#5796,.T.) ;
#5809=ORIENTED_EDGE('',*,*,#5801,.F.) ;
#5823=ORIENTED_EDGE('',*,*,#5796,.F.) ;
#5824=ORIENTED_EDGE('',*,*,#5258,.T.) ;
#5825=ORIENTED_EDGE('',*,*,#5703,.T.) ;
#5826=ORIENTED_EDGE('',*,*,#5821,.F.) ;
#5835=ORIENTED_EDGE('',*,*,#5332,.T.) ;
#5836=ORIENTED_EDGE('',*,*,#5356,.T.) ;
#5837=ORIENTED_EDGE('',*,*,#5373,.T.) ;
#5838=ORIENTED_EDGE('',*,*,#5308,.T.) ;
#5847=ORIENTED_EDGE('',*,*,#5529,.T.) ;
#5848=ORIENTED_EDGE('',*,*,#5505,.T.) ;
#5849=ORIENTED_EDGE('',*,*,#5481,.T.) ;
#5850=ORIENTED_EDGE('',*,*,#5541,.T.) ;
#5867=ORIENTED_EDGE('',*,*,#5860,.F.) ;
#5868=ORIENTED_EDGE('',*,*,#5865,.F.) ;
#5939=ORIENTED_EDGE('',*,*,#5882,.F.) ;
#5940=ORIENTED_EDGE('',*,*,#5907,.T.) ;
#5941=ORIENTED_EDGE('',*,*,#5932,.T.) ;
#5942=ORIENTED_EDGE('',*,*,#5937,.T.) ;
#5943=ORIENTED_EDGE('',*,*,#5579,.F.) ;
#5995=ORIENTED_EDGE('',*,*,#5937,.F.) ;
#5996=ORIENTED_EDGE('',*,*,#5970,.T.) ;
#5997=ORIENTED_EDGE('',*,*,#5993,.F.) ;
#5998=ORIENTED_EDGE('',*,*,#5882,.T.) ;
#5999=ORIENTED_EDGE('',*,*,#5609,.F.) ;
#6008=ORIENTED_EDGE('',*,*,#5653,.T.) ;
#6009=ORIENTED_EDGE('',*,*,#5665,.T.) ;
#6026=ORIENTED_EDGE('',*,*,#6019,.F.) ;
#6027=ORIENTED_EDGE('',*,*,#6024,.F.) ;
#6046=ORIENTED_EDGE('',*,*,#5729,.T.) ;
#6047=ORIENTED_EDGE('',*,*,#6039,.F.) ;
#6048=ORIENTED_EDGE('',*,*,#5777,.F.) ;
#6049=ORIENTED_EDGE('',*,*,#6044,.T.) ;
#6058=ORIENTED_EDGE('',*,*,#5724,.T.) ;
#6059=ORIENTED_EDGE('',*,*,#6056,.F.) ;
#6060=ORIENTED_EDGE('',*,*,#5784,.F.) ;
#6061=ORIENTED_EDGE('',*,*,#6039,.T.) ;
#6065=ORIENTED_EDGE('',*,*,#5789,.F.) ;
#6066=ORIENTED_EDGE('',*,*,#6056,.T.) ;
#6067=ORIENTED_EDGE('',*,*,#5717,.T.) ;
#6068=ORIENTED_EDGE('',*,*,#5756,.T.) ;
#6077=ORIENTED_EDGE('',*,*,#5801,.T.) ;
#6078=ORIENTED_EDGE('',*,*,#5821,.T.) ;
#6079=ORIENTED_EDGE('',*,*,#5698,.T.) ;
#6080=ORIENTED_EDGE('',*,*,#6044,.F.) ;
#6122=ORIENTED_EDGE('',*,*,#5860,.T.) ;
#6123=ORIENTED_EDGE('',*,*,#6094,.T.) ;
#6124=ORIENTED_EDGE('',*,*,#6101,.F.) ;
#6125=ORIENTED_EDGE('',*,*,#6108,.F.) ;
#6126=ORIENTED_EDGE('',*,*,#6115,.F.) ;
#6127=ORIENTED_EDGE('',*,*,#6120,.F.) ;
#6143=ORIENTED_EDGE('',*,*,#5865,.T.) ;
#6144=ORIENTED_EDGE('',*,*,#6120,.T.) ;
#6145=ORIENTED_EDGE('',*,*,#6115,.T.) ;
#6146=ORIENTED_EDGE('',*,*,#6136,.F.) ;
#6147=ORIENTED_EDGE('',*,*,#6141,.F.) ;
#6148=ORIENTED_EDGE('',*,*,#6094,.F.) ;
#6204=ORIENTED_EDGE('',*,*,#6162,.F.) ;
#6205=ORIENTED_EDGE('',*,*,#5932,.F.) ;
#6206=ORIENTED_EDGE('',*,*,#5907,.F.) ;
#6207=ORIENTED_EDGE('',*,*,#6169,.F.) ;
#6208=ORIENTED_EDGE('',*,*,#6176,.T.) ;
#6209=ORIENTED_EDGE('',*,*,#6183,.F.) ;
#6210=ORIENTED_EDGE('',*,*,#6190,.T.) ;
#6211=ORIENTED_EDGE('',*,*,#6197,.T.) ;
#6212=ORIENTED_EDGE('',*,*,#6202,.F.) ;
#6226=ORIENTED_EDGE('',*,*,#6190,.F.) ;
#6227=ORIENTED_EDGE('',*,*,#6219,.F.) ;
#6228=ORIENTED_EDGE('',*,*,#6176,.F.) ;
#6229=ORIENTED_EDGE('',*,*,#6169,.T.) ;
#6230=ORIENTED_EDGE('',*,*,#5993,.T.) ;
#6231=ORIENTED_EDGE('',*,*,#5970,.F.) ;
#6232=ORIENTED_EDGE('',*,*,#6162,.T.) ;
#6233=ORIENTED_EDGE('',*,*,#6202,.T.) ;
#6234=ORIENTED_EDGE('',*,*,#6224,.T.) ;
#6262=ORIENTED_EDGE('',*,*,#6019,.T.) ;
#6263=ORIENTED_EDGE('',*,*,#6248,.F.) ;
#6264=ORIENTED_EDGE('',*,*,#6255,.F.) ;
#6265=ORIENTED_EDGE('',*,*,#6260,.T.) ;
#6274=ORIENTED_EDGE('',*,*,#6024,.T.) ;
#6275=ORIENTED_EDGE('',*,*,#6260,.F.) ;
#6276=ORIENTED_EDGE('',*,*,#6272,.F.) ;
#6277=ORIENTED_EDGE('',*,*,#6248,.T.) ;
#6317=ORIENTED_EDGE('',*,*,#6291,.F.) ;
#6318=ORIENTED_EDGE('',*,*,#6310,.F.) ;
#6319=ORIENTED_EDGE('',*,*,#6315,.T.) ;
#6320=ORIENTED_EDGE('',*,*,#6136,.T.) ;
#6321=ORIENTED_EDGE('',*,*,#6108,.T.) ;
#6342=ORIENTED_EDGE('',*,*,#6101,.T.) ;
#6343=ORIENTED_EDGE('',*,*,#6141,.T.) ;
#6344=ORIENTED_EDGE('',*,*,#6315,.F.) ;
#6345=ORIENTED_EDGE('',*,*,#6340,.F.) ;
#6346=ORIENTED_EDGE('',*,*,#6291,.T.) ;
#6386=ORIENTED_EDGE('',*,*,#6183,.T.) ;
#6387=ORIENTED_EDGE('',*,*,#6360,.F.) ;
#6388=ORIENTED_EDGE('',*,*,#6379,.T.) ;
#6389=ORIENTED_EDGE('',*,*,#6384,.T.) ;
#6429=ORIENTED_EDGE('',*,*,#6417,.T.) ;
#6430=ORIENTED_EDGE('',*,*,#6422,.F.) ;
#6431=ORIENTED_EDGE('',*,*,#6197,.F.) ;
#6432=ORIENTED_EDGE('',*,*,#6427,.T.) ;
#6453=ORIENTED_EDGE('',*,*,#6384,.F.) ;
#6454=ORIENTED_EDGE('',*,*,#6451,.T.) ;
#6455=ORIENTED_EDGE('',*,*,#6360,.T.) ;
#6456=ORIENTED_EDGE('',*,*,#6219,.T.) ;
#6477=ORIENTED_EDGE('',*,*,#6427,.F.) ;
#6478=ORIENTED_EDGE('',*,*,#6224,.F.) ;
#6479=ORIENTED_EDGE('',*,*,#6422,.T.) ;
#6480=ORIENTED_EDGE('',*,*,#6475,.T.) ;
#6484=ORIENTED_EDGE('',*,*,#6272,.T.) ;
#6485=ORIENTED_EDGE('',*,*,#6255,.T.) ;
#6559=ORIENTED_EDGE('',*,*,#6310,.T.) ;
#6560=ORIENTED_EDGE('',*,*,#6499,.F.) ;
#6561=ORIENTED_EDGE('',*,*,#6527,.F.) ;
#6562=ORIENTED_EDGE('',*,*,#6552,.T.) ;
#6563=ORIENTED_EDGE('',*,*,#6557,.T.) ;
#6615=ORIENTED_EDGE('',*,*,#6340,.T.) ;
#6616=ORIENTED_EDGE('',*,*,#6557,.F.) ;
#6617=ORIENTED_EDGE('',*,*,#6590,.F.) ;
#6618=ORIENTED_EDGE('',*,*,#6613,.T.) ;
#6619=ORIENTED_EDGE('',*,*,#6499,.T.) ;
#6647=ORIENTED_EDGE('',*,*,#6633,.F.) ;
#6648=ORIENTED_EDGE('',*,*,#6640,.F.) ;
#6649=ORIENTED_EDGE('',*,*,#6645,.T.) ;
#6650=ORIENTED_EDGE('',*,*,#6379,.F.) ;
#6678=ORIENTED_EDGE('',*,*,#6666,.T.) ;
#6679=ORIENTED_EDGE('',*,*,#6671,.F.) ;
#6680=ORIENTED_EDGE('',*,*,#6417,.F.) ;
#6681=ORIENTED_EDGE('',*,*,#6676,.T.) ;
#6690=ORIENTED_EDGE('',*,*,#6451,.F.) ;
#6691=ORIENTED_EDGE('',*,*,#6645,.F.) ;
#6692=ORIENTED_EDGE('',*,*,#6688,.F.) ;
#6693=ORIENTED_EDGE('',*,*,#6633,.T.) ;
#6702=ORIENTED_EDGE('',*,*,#6676,.F.) ;
#6703=ORIENTED_EDGE('',*,*,#6475,.F.) ;
#6704=ORIENTED_EDGE('',*,*,#6671,.T.) ;
#6705=ORIENTED_EDGE('',*,*,#6700,.T.) ;
#6761=ORIENTED_EDGE('',*,*,#6721,.F.) ;
#6762=ORIENTED_EDGE('',*,*,#6728,.F.) ;
#6763=ORIENTED_EDGE('',*,*,#6733,.F.) ;
#6764=ORIENTED_EDGE('',*,*,#6552,.F.) ;
#6765=ORIENTED_EDGE('',*,*,#6527,.T.) ;
#6766=ORIENTED_EDGE('',*,*,#6740,.F.) ;
#6767=ORIENTED_EDGE('',*,*,#6747,.T.) ;
#6768=ORIENTED_EDGE('',*,*,#6754,.T.) ;
#6769=ORIENTED_EDGE('',*,*,#6759,.T.) ;
#6783=ORIENTED_EDGE('',*,*,#6728,.T.) ;
#6784=ORIENTED_EDGE('',*,*,#6776,.F.) ;
#6785=ORIENTED_EDGE('',*,*,#6759,.F.) ;
#6786=ORIENTED_EDGE('',*,*,#6781,.T.) ;
#6787=ORIENTED_EDGE('',*,*,#6747,.F.) ;
#6788=ORIENTED_EDGE('',*,*,#6740,.T.) ;
#6789=ORIENTED_EDGE('',*,*,#6613,.F.) ;
#6790=ORIENTED_EDGE('',*,*,#6590,.T.) ;
#6791=ORIENTED_EDGE('',*,*,#6733,.T.) ;
#6850=ORIENTED_EDGE('',*,*,#6805,.F.) ;
#6851=ORIENTED_EDGE('',*,*,#6640,.T.) ;
#6852=ORIENTED_EDGE('',*,*,#6812,.T.) ;
#6853=ORIENTED_EDGE('',*,*,#6831,.T.) ;
#6854=ORIENTED_EDGE('',*,*,#6848,.T.) ;
#6913=ORIENTED_EDGE('',*,*,#6868,.F.) ;
#6914=ORIENTED_EDGE('',*,*,#6666,.F.) ;
#6915=ORIENTED_EDGE('',*,*,#6875,.T.) ;
#6916=ORIENTED_EDGE('',*,*,#6894,.F.) ;
#6917=ORIENTED_EDGE('',*,*,#6911,.F.) ;
#6945=ORIENTED_EDGE('',*,*,#6812,.F.) ;
#6946=ORIENTED_EDGE('',*,*,#6688,.T.) ;
#6947=ORIENTED_EDGE('',*,*,#6805,.T.) ;
#6948=ORIENTED_EDGE('',*,*,#6935,.F.) ;
#6949=ORIENTED_EDGE('',*,*,#6943,.F.) ;
#6977=ORIENTED_EDGE('',*,*,#6875,.F.) ;
#6978=ORIENTED_EDGE('',*,*,#6700,.F.) ;
#6979=ORIENTED_EDGE('',*,*,#6868,.T.) ;
#6980=ORIENTED_EDGE('',*,*,#6961,.T.) ;
#6981=ORIENTED_EDGE('',*,*,#6975,.T.) ;
#7021=ORIENTED_EDGE('',*,*,#6754,.F.) ;
#7022=ORIENTED_EDGE('',*,*,#6995,.F.) ;
#7023=ORIENTED_EDGE('',*,*,#7014,.F.) ;
#7024=ORIENTED_EDGE('',*,*,#7019,.T.) ;
#7064=ORIENTED_EDGE('',*,*,#7052,.F.) ;
#7065=ORIENTED_EDGE('',*,*,#7057,.F.) ;
#7066=ORIENTED_EDGE('',*,*,#6721,.T.) ;
#7067=ORIENTED_EDGE('',*,*,#7062,.T.) ;
#7088=ORIENTED_EDGE('',*,*,#7019,.F.) ;
#7089=ORIENTED_EDGE('',*,*,#7086,.F.) ;
#7090=ORIENTED_EDGE('',*,*,#6995,.T.) ;
#7091=ORIENTED_EDGE('',*,*,#6781,.F.) ;
#7112=ORIENTED_EDGE('',*,*,#7062,.F.) ;
#7113=ORIENTED_EDGE('',*,*,#6776,.T.) ;
#7114=ORIENTED_EDGE('',*,*,#7057,.T.) ;
#7115=ORIENTED_EDGE('',*,*,#7110,.F.) ;
#7167=ORIENTED_EDGE('',*,*,#7129,.F.) ;
#7168=ORIENTED_EDGE('',*,*,#7160,.F.) ;
#7169=ORIENTED_EDGE('',*,*,#7165,.T.) ;
#7170=ORIENTED_EDGE('',*,*,#6831,.F.) ;
#7171=ORIENTED_EDGE('',*,*,#6943,.T.) ;
#7207=ORIENTED_EDGE('',*,*,#7165,.F.) ;
#7208=ORIENTED_EDGE('',*,*,#7205,.F.) ;
#7209=ORIENTED_EDGE('',*,*,#7129,.T.) ;
#7210=ORIENTED_EDGE('',*,*,#6935,.T.) ;
#7211=ORIENTED_EDGE('',*,*,#6848,.F.) ;
#7239=ORIENTED_EDGE('',*,*,#7225,.F.) ;
#7240=ORIENTED_EDGE('',*,*,#7232,.T.) ;
#7241=ORIENTED_EDGE('',*,*,#7237,.T.) ;
#7242=ORIENTED_EDGE('',*,*,#7014,.T.) ;
#7270=ORIENTED_EDGE('',*,*,#7258,.F.) ;
#7271=ORIENTED_EDGE('',*,*,#7263,.F.) ;
#7272=ORIENTED_EDGE('',*,*,#7052,.T.) ;
#7273=ORIENTED_EDGE('',*,*,#7268,.T.) ;
#7282=ORIENTED_EDGE('',*,*,#7086,.T.) ;
#7283=ORIENTED_EDGE('',*,*,#7237,.F.) ;
#7284=ORIENTED_EDGE('',*,*,#7280,.T.) ;
#7285=ORIENTED_EDGE('',*,*,#7225,.T.) ;
#7294=ORIENTED_EDGE('',*,*,#7268,.F.) ;
#7295=ORIENTED_EDGE('',*,*,#7110,.T.) ;
#7296=ORIENTED_EDGE('',*,*,#7263,.T.) ;
#7297=ORIENTED_EDGE('',*,*,#7292,.F.) ;
#7407=ORIENTED_EDGE('',*,*,#7366,.F.) ;
#7408=ORIENTED_EDGE('',*,*,#7376,.T.) ;
#7409=ORIENTED_EDGE('',*,*,#7401,.T.) ;
#7410=ORIENTED_EDGE('',*,*,#7405,.T.) ;
#7411=ORIENTED_EDGE('',*,*,#7160,.T.) ;
#7515=ORIENTED_EDGE('',*,*,#7205,.T.) ;
#7516=ORIENTED_EDGE('',*,*,#7405,.F.) ;
#7517=ORIENTED_EDGE('',*,*,#7493,.T.) ;
#7518=ORIENTED_EDGE('',*,*,#7513,.T.) ;
#7519=ORIENTED_EDGE('',*,*,#7366,.T.) ;
#7566=ORIENTED_EDGE('',*,*,#7538,.F.) ;
#7567=ORIENTED_EDGE('',*,*,#7554,.F.) ;
#7568=ORIENTED_EDGE('',*,*,#7559,.F.) ;
#7569=ORIENTED_EDGE('',*,*,#7232,.F.) ;
#7570=ORIENTED_EDGE('',*,*,#7564,.T.) ;
#7620=ORIENTED_EDGE('',*,*,#7598,.F.) ;
#7621=ORIENTED_EDGE('',*,*,#7608,.F.) ;
#7622=ORIENTED_EDGE('',*,*,#7613,.F.) ;
#7623=ORIENTED_EDGE('',*,*,#7258,.T.) ;
#7624=ORIENTED_EDGE('',*,*,#7618,.T.) ;
#7652=ORIENTED_EDGE('',*,*,#7564,.F.) ;
#7653=ORIENTED_EDGE('',*,*,#7280,.F.) ;
#7654=ORIENTED_EDGE('',*,*,#7559,.T.) ;
#7655=ORIENTED_EDGE('',*,*,#7636,.F.) ;
#7656=ORIENTED_EDGE('',*,*,#7650,.F.) ;
#7687=ORIENTED_EDGE('',*,*,#7618,.F.) ;
#7688=ORIENTED_EDGE('',*,*,#7292,.T.) ;
#7689=ORIENTED_EDGE('',*,*,#7613,.T.) ;
#7690=ORIENTED_EDGE('',*,*,#7677,.F.) ;
#7691=ORIENTED_EDGE('',*,*,#7685,.F.) ;
#7710=ORIENTED_EDGE('',*,*,#7538,.T.) ;
#7711=ORIENTED_EDGE('',*,*,#7650,.T.) ;
#7712=ORIENTED_EDGE('',*,*,#7703,.F.) ;
#7713=ORIENTED_EDGE('',*,*,#7401,.F.) ;
#7714=ORIENTED_EDGE('',*,*,#7376,.F.) ;
#7715=ORIENTED_EDGE('',*,*,#7708,.T.) ;
#7719=ORIENTED_EDGE('',*,*,#7708,.F.) ;
#7720=ORIENTED_EDGE('',*,*,#7513,.F.) ;
#7721=ORIENTED_EDGE('',*,*,#7493,.F.) ;
#7722=ORIENTED_EDGE('',*,*,#7703,.T.) ;
#7723=ORIENTED_EDGE('',*,*,#7636,.T.) ;
#7724=ORIENTED_EDGE('',*,*,#7554,.T.) ;
#7897=ORIENTED_EDGE('',*,*,#7829,.T.) ;
#7898=ORIENTED_EDGE('',*,*,#7835,.F.) ;
#7899=ORIENTED_EDGE('',*,*,#7869,.F.) ;
#7900=ORIENTED_EDGE('',*,*,#7891,.F.) ;
#7901=ORIENTED_EDGE('',*,*,#7895,.T.) ;
#8064=ORIENTED_EDGE('',*,*,#7895,.F.) ;
#8065=ORIENTED_EDGE('',*,*,#7998,.F.) ;
#8066=ORIENTED_EDGE('',*,*,#8015,.F.) ;
#8067=ORIENTED_EDGE('',*,*,#7835,.T.) ;
#8068=ORIENTED_EDGE('',*,*,#8062,.T.) ;
#8087=ORIENTED_EDGE('',*,*,#8080,.T.) ;
#8088=ORIENTED_EDGE('',*,*,#7829,.F.) ;
#8089=ORIENTED_EDGE('',*,*,#8085,.F.) ;
#8090=ORIENTED_EDGE('',*,*,#6961,.F.) ;
#8091=ORIENTED_EDGE('',*,*,#6911,.T.) ;
#8095=ORIENTED_EDGE('',*,*,#8085,.T.) ;
#8096=ORIENTED_EDGE('',*,*,#8062,.F.) ;
#8097=ORIENTED_EDGE('',*,*,#8080,.F.) ;
#8098=ORIENTED_EDGE('',*,*,#6894,.T.) ;
#8099=ORIENTED_EDGE('',*,*,#6975,.F.) ;
#8118=ORIENTED_EDGE('',*,*,#8111,.F.) ;
#8119=ORIENTED_EDGE('',*,*,#7598,.T.) ;
#8120=ORIENTED_EDGE('',*,*,#7685,.T.) ;
#8121=ORIENTED_EDGE('',*,*,#8116,.T.) ;
#8122=ORIENTED_EDGE('',*,*,#8015,.T.) ;
#8123=ORIENTED_EDGE('',*,*,#7998,.T.) ;
#8127=ORIENTED_EDGE('',*,*,#7891,.T.) ;
#8128=ORIENTED_EDGE('',*,*,#7869,.T.) ;
#8129=ORIENTED_EDGE('',*,*,#8116,.F.) ;
#8130=ORIENTED_EDGE('',*,*,#7677,.T.) ;
#8131=ORIENTED_EDGE('',*,*,#7608,.T.) ;
#8132=ORIENTED_EDGE('',*,*,#8111,.T.) ;
#8173=ORIENTED_EDGE('',*,*,#8152,.F.) ;
#8174=ORIENTED_EDGE('',*,*,#8159,.F.) ;
#8175=ORIENTED_EDGE('',*,*,#8166,.F.) ;
#8176=ORIENTED_EDGE('',*,*,#8171,.T.) ;
#8190=ORIENTED_EDGE('',*,*,#8171,.F.) ;
#8191=ORIENTED_EDGE('',*,*,#8183,.F.) ;
#8192=ORIENTED_EDGE('',*,*,#8159,.T.) ;
#8193=ORIENTED_EDGE('',*,*,#8188,.F.) ;
#8228=ORIENTED_EDGE('',*,*,#8207,.T.) ;
#8229=ORIENTED_EDGE('',*,*,#8188,.T.) ;
#8230=ORIENTED_EDGE('',*,*,#8214,.F.) ;
#8231=ORIENTED_EDGE('',*,*,#8221,.F.) ;
#8232=ORIENTED_EDGE('',*,*,#8226,.F.) ;
#8248=ORIENTED_EDGE('',*,*,#8241,.F.) ;
#8249=ORIENTED_EDGE('',*,*,#8246,.F.) ;
#8250=ORIENTED_EDGE('',*,*,#8214,.T.) ;
#8251=ORIENTED_EDGE('',*,*,#8152,.T.) ;
#8252=ORIENTED_EDGE('',*,*,#8207,.F.) ;
#8287=ORIENTED_EDGE('',*,*,#8268,.T.) ;
#8288=ORIENTED_EDGE('',*,*,#8275,.T.) ;
#8289=ORIENTED_EDGE('',*,*,#8280,.T.) ;
#8290=ORIENTED_EDGE('',*,*,#8183,.T.) ;
#8291=ORIENTED_EDGE('',*,*,#8285,.F.) ;
#8310=ORIENTED_EDGE('',*,*,#8226,.T.) ;
#8311=ORIENTED_EDGE('',*,*,#8221,.T.) ;
#8312=ORIENTED_EDGE('',*,*,#8303,.F.) ;
#8313=ORIENTED_EDGE('',*,*,#8275,.F.) ;
#8314=ORIENTED_EDGE('',*,*,#8268,.F.) ;
#8315=ORIENTED_EDGE('',*,*,#8308,.T.) ;
#8331=ORIENTED_EDGE('',*,*,#8285,.T.) ;
#8332=ORIENTED_EDGE('',*,*,#8166,.T.) ;
#8333=ORIENTED_EDGE('',*,*,#8280,.F.) ;
#8334=ORIENTED_EDGE('',*,*,#8324,.T.) ;
#8335=ORIENTED_EDGE('',*,*,#8329,.T.) ;
#8339=ORIENTED_EDGE('',*,*,#8308,.F.) ;
#8340=ORIENTED_EDGE('',*,*,#8329,.F.) ;
#8341=ORIENTED_EDGE('',*,*,#8324,.F.) ;
#8342=ORIENTED_EDGE('',*,*,#8303,.T.) ;
#8343=ORIENTED_EDGE('',*,*,#8246,.T.) ;
#8344=ORIENTED_EDGE('',*,*,#8241,.T.) ;
#8434=ORIENTED_EDGE('',*,*,#8358,.F.) ;
#8435=ORIENTED_EDGE('',*,*,#8365,.T.) ;
#8436=ORIENTED_EDGE('',*,*,#8372,.T.) ;
#8437=ORIENTED_EDGE('',*,*,#8379,.F.) ;
#8438=ORIENTED_EDGE('',*,*,#8386,.F.) ;
#8439=ORIENTED_EDGE('',*,*,#8409,.F.) ;
#8440=ORIENTED_EDGE('',*,*,#8432,.T.) ;
#8503=ORIENTED_EDGE('',*,*,#8386,.T.) ;
#8504=ORIENTED_EDGE('',*,*,#8447,.F.) ;
#8505=ORIENTED_EDGE('',*,*,#8372,.F.) ;
#8506=ORIENTED_EDGE('',*,*,#8452,.T.) ;
#8507=ORIENTED_EDGE('',*,*,#8358,.T.) ;
#8508=ORIENTED_EDGE('',*,*,#8478,.F.) ;
#8509=ORIENTED_EDGE('',*,*,#8501,.T.) ;
#8532=ORIENTED_EDGE('',*,*,#8409,.T.) ;
#8533=ORIENTED_EDGE('',*,*,#8518,.F.) ;
#8534=ORIENTED_EDGE('',*,*,#8525,.T.) ;
#8535=ORIENTED_EDGE('',*,*,#8530,.T.) ;
#8536=ORIENTED_EDGE('',*,*,#8432,.F.) ;
#8545=ORIENTED_EDGE('',*,*,#8501,.F.) ;
#8546=ORIENTED_EDGE('',*,*,#8478,.T.) ;
#8547=ORIENTED_EDGE('',*,*,#8530,.F.) ;
#8548=ORIENTED_EDGE('',*,*,#8543,.T.) ;
#8549=ORIENTED_EDGE('',*,*,#8518,.T.) ;
#8590=ORIENTED_EDGE('',*,*,#8569,.F.) ;
#8591=ORIENTED_EDGE('',*,*,#8576,.T.) ;
#8592=ORIENTED_EDGE('',*,*,#8583,.T.) ;
#8593=ORIENTED_EDGE('',*,*,#8588,.F.) ;
#8612=ORIENTED_EDGE('',*,*,#8583,.F.) ;
#8613=ORIENTED_EDGE('',*,*,#8605,.T.) ;
#8614=ORIENTED_EDGE('',*,*,#8569,.T.) ;
#8615=ORIENTED_EDGE('',*,*,#8610,.F.) ;
#8649=ORIENTED_EDGE('',*,*,#8628,.F.) ;
#8650=ORIENTED_EDGE('',*,*,#8635,.T.) ;
#8651=ORIENTED_EDGE('',*,*,#8642,.T.) ;
#8652=ORIENTED_EDGE('',*,*,#8647,.F.) ;
#8666=ORIENTED_EDGE('',*,*,#8642,.F.) ;
#8667=ORIENTED_EDGE('',*,*,#8659,.T.) ;
#8668=ORIENTED_EDGE('',*,*,#8628,.T.) ;
#8669=ORIENTED_EDGE('',*,*,#8664,.F.) ;
#8708=ORIENTED_EDGE('',*,*,#8687,.F.) ;
#8709=ORIENTED_EDGE('',*,*,#8694,.T.) ;
#8710=ORIENTED_EDGE('',*,*,#8701,.T.) ;
#8711=ORIENTED_EDGE('',*,*,#8706,.F.) ;
#8725=ORIENTED_EDGE('',*,*,#8701,.F.) ;
#8726=ORIENTED_EDGE('',*,*,#8718,.T.) ;
#8727=ORIENTED_EDGE('',*,*,#8687,.T.) ;
#8728=ORIENTED_EDGE('',*,*,#8723,.F.) ;
#8767=ORIENTED_EDGE('',*,*,#8746,.F.) ;
#8768=ORIENTED_EDGE('',*,*,#8753,.T.) ;
#8769=ORIENTED_EDGE('',*,*,#8760,.T.) ;
#8770=ORIENTED_EDGE('',*,*,#8765,.F.) ;
#8784=ORIENTED_EDGE('',*,*,#8760,.F.) ;
#8785=ORIENTED_EDGE('',*,*,#8777,.T.) ;
#8786=ORIENTED_EDGE('',*,*,#8746,.T.) ;
#8787=ORIENTED_EDGE('',*,*,#8782,.F.) ;
#8821=ORIENTED_EDGE('',*,*,#8800,.F.) ;
#8822=ORIENTED_EDGE('',*,*,#8807,.T.) ;
#8823=ORIENTED_EDGE('',*,*,#8814,.T.) ;
#8824=ORIENTED_EDGE('',*,*,#8819,.F.) ;
#8838=ORIENTED_EDGE('',*,*,#8814,.F.) ;
#8839=ORIENTED_EDGE('',*,*,#8831,.T.) ;
#8840=ORIENTED_EDGE('',*,*,#8800,.T.) ;
#8841=ORIENTED_EDGE('',*,*,#8836,.F.) ;
#8875=ORIENTED_EDGE('',*,*,#8854,.F.) ;
#8876=ORIENTED_EDGE('',*,*,#8861,.T.) ;
#8877=ORIENTED_EDGE('',*,*,#8868,.T.) ;
#8878=ORIENTED_EDGE('',*,*,#8873,.F.) ;
#8892=ORIENTED_EDGE('',*,*,#8868,.F.) ;
#8893=ORIENTED_EDGE('',*,*,#8885,.T.) ;
#8894=ORIENTED_EDGE('',*,*,#8854,.T.) ;
#8895=ORIENTED_EDGE('',*,*,#8890,.F.) ;
#8929=ORIENTED_EDGE('',*,*,#8908,.F.) ;
#8930=ORIENTED_EDGE('',*,*,#8915,.T.) ;
#8931=ORIENTED_EDGE('',*,*,#8922,.T.) ;
#8932=ORIENTED_EDGE('',*,*,#8927,.F.) ;
#8946=ORIENTED_EDGE('',*,*,#8922,.F.) ;
#8947=ORIENTED_EDGE('',*,*,#8939,.T.) ;
#8948=ORIENTED_EDGE('',*,*,#8908,.T.) ;
#8949=ORIENTED_EDGE('',*,*,#8944,.F.) ;
#8983=ORIENTED_EDGE('',*,*,#8962,.F.) ;
#8984=ORIENTED_EDGE('',*,*,#8969,.T.) ;
#8985=ORIENTED_EDGE('',*,*,#8976,.T.) ;
#8986=ORIENTED_EDGE('',*,*,#8981,.F.) ;
#9000=ORIENTED_EDGE('',*,*,#8976,.F.) ;
#9001=ORIENTED_EDGE('',*,*,#8993,.T.) ;
#9002=ORIENTED_EDGE('',*,*,#8962,.T.) ;
#9003=ORIENTED_EDGE('',*,*,#8998,.F.) ;
#9042=ORIENTED_EDGE('',*,*,#9021,.F.) ;
#9043=ORIENTED_EDGE('',*,*,#9028,.T.) ;
#9044=ORIENTED_EDGE('',*,*,#9035,.T.) ;
#9045=ORIENTED_EDGE('',*,*,#9040,.F.) ;
#9059=ORIENTED_EDGE('',*,*,#9035,.F.) ;
#9060=ORIENTED_EDGE('',*,*,#9052,.T.) ;
#9061=ORIENTED_EDGE('',*,*,#9021,.T.) ;
#9062=ORIENTED_EDGE('',*,*,#9057,.F.) ;
#9096=ORIENTED_EDGE('',*,*,#9075,.F.) ;
#9097=ORIENTED_EDGE('',*,*,#9082,.T.) ;
#9098=ORIENTED_EDGE('',*,*,#9089,.T.) ;
#9099=ORIENTED_EDGE('',*,*,#9094,.F.) ;
#9113=ORIENTED_EDGE('',*,*,#9089,.F.) ;
#9114=ORIENTED_EDGE('',*,*,#9106,.T.) ;
#9115=ORIENTED_EDGE('',*,*,#9075,.T.) ;
#9116=ORIENTED_EDGE('',*,*,#9111,.F.) ;
#9150=ORIENTED_EDGE('',*,*,#9129,.F.) ;
#9151=ORIENTED_EDGE('',*,*,#9136,.T.) ;
#9152=ORIENTED_EDGE('',*,*,#9143,.T.) ;
#9153=ORIENTED_EDGE('',*,*,#9148,.F.) ;
#9167=ORIENTED_EDGE('',*,*,#9143,.F.) ;
#9168=ORIENTED_EDGE('',*,*,#9160,.T.) ;
#9169=ORIENTED_EDGE('',*,*,#9129,.T.) ;
#9170=ORIENTED_EDGE('',*,*,#9165,.F.) ;
#9204=ORIENTED_EDGE('',*,*,#9183,.F.) ;
#9205=ORIENTED_EDGE('',*,*,#9190,.T.) ;
#9206=ORIENTED_EDGE('',*,*,#9197,.T.) ;
#9207=ORIENTED_EDGE('',*,*,#9202,.F.) ;
#9221=ORIENTED_EDGE('',*,*,#9197,.F.) ;
#9222=ORIENTED_EDGE('',*,*,#9214,.T.) ;
#9223=ORIENTED_EDGE('',*,*,#9183,.T.) ;
#9224=ORIENTED_EDGE('',*,*,#9219,.F.) ;
#9258=ORIENTED_EDGE('',*,*,#9237,.F.) ;
#9259=ORIENTED_EDGE('',*,*,#9244,.T.) ;
#9260=ORIENTED_EDGE('',*,*,#9251,.T.) ;
#9261=ORIENTED_EDGE('',*,*,#9256,.F.) ;
#9275=ORIENTED_EDGE('',*,*,#9268,.F.) ;
#9276=ORIENTED_EDGE('',*,*,#9256,.T.) ;
#9277=ORIENTED_EDGE('',*,*,#9273,.T.) ;
#9278=ORIENTED_EDGE('',*,*,#9244,.F.) ;
#9312=ORIENTED_EDGE('',*,*,#9291,.F.) ;
#9313=ORIENTED_EDGE('',*,*,#9298,.T.) ;
#9314=ORIENTED_EDGE('',*,*,#9305,.T.) ;
#9315=ORIENTED_EDGE('',*,*,#9310,.F.) ;
#9329=ORIENTED_EDGE('',*,*,#9322,.F.) ;
#9330=ORIENTED_EDGE('',*,*,#9310,.T.) ;
#9331=ORIENTED_EDGE('',*,*,#9327,.T.) ;
#9332=ORIENTED_EDGE('',*,*,#9298,.F.) ;
#9393=ORIENTED_EDGE('',*,*,#9372,.F.) ;
#9394=ORIENTED_EDGE('',*,*,#9379,.T.) ;
#9395=ORIENTED_EDGE('',*,*,#9386,.T.) ;
#9396=ORIENTED_EDGE('',*,*,#9391,.F.) ;
#9410=ORIENTED_EDGE('',*,*,#9386,.F.) ;
#9411=ORIENTED_EDGE('',*,*,#9403,.T.) ;
#9412=ORIENTED_EDGE('',*,*,#9372,.T.) ;
#9413=ORIENTED_EDGE('',*,*,#9408,.F.) ;
#9422=ORIENTED_EDGE('',*,*,#9391,.T.) ;
#9423=ORIENTED_EDGE('',*,*,#9408,.T.) ;
#9440=ORIENTED_EDGE('',*,*,#9433,.F.) ;
#9441=ORIENTED_EDGE('',*,*,#9438,.F.) ;
#9458=ORIENTED_EDGE('',*,*,#9451,.F.) ;
#9459=ORIENTED_EDGE('',*,*,#9456,.F.) ;
#9476=ORIENTED_EDGE('',*,*,#9469,.F.) ;
#9477=ORIENTED_EDGE('',*,*,#9474,.F.) ;
#9494=ORIENTED_EDGE('',*,*,#9487,.F.) ;
#9495=ORIENTED_EDGE('',*,*,#9492,.F.) ;
#9512=ORIENTED_EDGE('',*,*,#9505,.F.) ;
#9513=ORIENTED_EDGE('',*,*,#9510,.F.) ;
#9530=ORIENTED_EDGE('',*,*,#9523,.F.) ;
#9531=ORIENTED_EDGE('',*,*,#9528,.F.) ;
#9548=ORIENTED_EDGE('',*,*,#9541,.F.) ;
#9549=ORIENTED_EDGE('',*,*,#9546,.F.) ;
#9566=ORIENTED_EDGE('',*,*,#9559,.F.) ;
#9567=ORIENTED_EDGE('',*,*,#9564,.F.) ;
#9584=ORIENTED_EDGE('',*,*,#9577,.F.) ;
#9585=ORIENTED_EDGE('',*,*,#9582,.F.) ;
#9602=ORIENTED_EDGE('',*,*,#9595,.F.) ;
#9603=ORIENTED_EDGE('',*,*,#9600,.F.) ;
#9620=ORIENTED_EDGE('',*,*,#9613,.F.) ;
#9621=ORIENTED_EDGE('',*,*,#9618,.F.) ;
#9638=ORIENTED_EDGE('',*,*,#9631,.F.) ;
#9639=ORIENTED_EDGE('',*,*,#9636,.F.) ;
#9656=ORIENTED_EDGE('',*,*,#9649,.F.) ;
#9657=ORIENTED_EDGE('',*,*,#9654,.F.) ;
#9685=ORIENTED_EDGE('',*,*,#9451,.T.) ;
#9686=ORIENTED_EDGE('',*,*,#9671,.F.) ;
#9687=ORIENTED_EDGE('',*,*,#9678,.F.) ;
#9688=ORIENTED_EDGE('',*,*,#9683,.T.) ;
#9697=ORIENTED_EDGE('',*,*,#9456,.T.) ;
#9698=ORIENTED_EDGE('',*,*,#9683,.F.) ;
#9699=ORIENTED_EDGE('',*,*,#9695,.F.) ;
#9700=ORIENTED_EDGE('',*,*,#9671,.T.) ;
#9728=ORIENTED_EDGE('',*,*,#9469,.T.) ;
#9729=ORIENTED_EDGE('',*,*,#9714,.F.) ;
#9730=ORIENTED_EDGE('',*,*,#9721,.F.) ;
#9731=ORIENTED_EDGE('',*,*,#9726,.T.) ;
#9740=ORIENTED_EDGE('',*,*,#9474,.T.) ;
#9741=ORIENTED_EDGE('',*,*,#9726,.F.) ;
#9742=ORIENTED_EDGE('',*,*,#9738,.F.) ;
#9743=ORIENTED_EDGE('',*,*,#9714,.T.) ;
#9771=ORIENTED_EDGE('',*,*,#9487,.T.) ;
#9772=ORIENTED_EDGE('',*,*,#9757,.F.) ;
#9773=ORIENTED_EDGE('',*,*,#9764,.F.) ;
#9774=ORIENTED_EDGE('',*,*,#9769,.T.) ;
#9783=ORIENTED_EDGE('',*,*,#9492,.T.) ;
#9784=ORIENTED_EDGE('',*,*,#9769,.F.) ;
#9785=ORIENTED_EDGE('',*,*,#9781,.F.) ;
#9786=ORIENTED_EDGE('',*,*,#9757,.T.) ;
#9814=ORIENTED_EDGE('',*,*,#9505,.T.) ;
#9815=ORIENTED_EDGE('',*,*,#9800,.F.) ;
#9816=ORIENTED_EDGE('',*,*,#9807,.F.) ;
#9817=ORIENTED_EDGE('',*,*,#9812,.T.) ;
#9826=ORIENTED_EDGE('',*,*,#9510,.T.) ;
#9827=ORIENTED_EDGE('',*,*,#9812,.F.) ;
#9828=ORIENTED_EDGE('',*,*,#9824,.F.) ;
#9829=ORIENTED_EDGE('',*,*,#9800,.T.) ;
#9857=ORIENTED_EDGE('',*,*,#9523,.T.) ;
#9858=ORIENTED_EDGE('',*,*,#9843,.F.) ;
#9859=ORIENTED_EDGE('',*,*,#9850,.F.) ;
#9860=ORIENTED_EDGE('',*,*,#9855,.T.) ;
#9869=ORIENTED_EDGE('',*,*,#9528,.T.) ;
#9870=ORIENTED_EDGE('',*,*,#9855,.F.) ;
#9871=ORIENTED_EDGE('',*,*,#9867,.F.) ;
#9872=ORIENTED_EDGE('',*,*,#9843,.T.) ;
#9900=ORIENTED_EDGE('',*,*,#9541,.T.) ;
#9901=ORIENTED_EDGE('',*,*,#9886,.F.) ;
#9902=ORIENTED_EDGE('',*,*,#9893,.F.) ;
#9903=ORIENTED_EDGE('',*,*,#9898,.T.) ;
#9912=ORIENTED_EDGE('',*,*,#9546,.T.) ;
#9913=ORIENTED_EDGE('',*,*,#9898,.F.) ;
#9914=ORIENTED_EDGE('',*,*,#9910,.F.) ;
#9915=ORIENTED_EDGE('',*,*,#9886,.T.) ;
#9943=ORIENTED_EDGE('',*,*,#9559,.T.) ;
#9944=ORIENTED_EDGE('',*,*,#9929,.F.) ;
#9945=ORIENTED_EDGE('',*,*,#9936,.F.) ;
#9946=ORIENTED_EDGE('',*,*,#9941,.T.) ;
#9955=ORIENTED_EDGE('',*,*,#9564,.T.) ;
#9956=ORIENTED_EDGE('',*,*,#9941,.F.) ;
#9957=ORIENTED_EDGE('',*,*,#9953,.F.) ;
#9958=ORIENTED_EDGE('',*,*,#9929,.T.) ;
#9986=ORIENTED_EDGE('',*,*,#9577,.T.) ;
#9987=ORIENTED_EDGE('',*,*,#9972,.F.) ;
#9988=ORIENTED_EDGE('',*,*,#9979,.F.) ;
#9989=ORIENTED_EDGE('',*,*,#9984,.T.) ;
#9998=ORIENTED_EDGE('',*,*,#9582,.T.) ;
#9999=ORIENTED_EDGE('',*,*,#9984,.F.) ;
#10000=ORIENTED_EDGE('',*,*,#9996,.F.) ;
#10001=ORIENTED_EDGE('',*,*,#9972,.T.) ;
#10029=ORIENTED_EDGE('',*,*,#9595,.T.) ;
#10030=ORIENTED_EDGE('',*,*,#10015,.F.) ;
#10031=ORIENTED_EDGE('',*,*,#10022,.F.) ;
#10032=ORIENTED_EDGE('',*,*,#10027,.T.) ;
#10041=ORIENTED_EDGE('',*,*,#9600,.T.) ;
#10042=ORIENTED_EDGE('',*,*,#10027,.F.) ;
#10043=ORIENTED_EDGE('',*,*,#10039,.F.) ;
#10044=ORIENTED_EDGE('',*,*,#10015,.T.) ;
#10072=ORIENTED_EDGE('',*,*,#9613,.T.) ;
#10073=ORIENTED_EDGE('',*,*,#10058,.F.) ;
#10074=ORIENTED_EDGE('',*,*,#10065,.F.) ;
#10075=ORIENTED_EDGE('',*,*,#10070,.T.) ;
#10084=ORIENTED_EDGE('',*,*,#9618,.T.) ;
#10085=ORIENTED_EDGE('',*,*,#10070,.F.) ;
#10086=ORIENTED_EDGE('',*,*,#10082,.F.) ;
#10087=ORIENTED_EDGE('',*,*,#10058,.T.) ;
#10115=ORIENTED_EDGE('',*,*,#9631,.T.) ;
#10116=ORIENTED_EDGE('',*,*,#10101,.F.) ;
#10117=ORIENTED_EDGE('',*,*,#10108,.F.) ;
#10118=ORIENTED_EDGE('',*,*,#10113,.T.) ;
#10127=ORIENTED_EDGE('',*,*,#9636,.T.) ;
#10128=ORIENTED_EDGE('',*,*,#10113,.F.) ;
#10129=ORIENTED_EDGE('',*,*,#10125,.F.) ;
#10130=ORIENTED_EDGE('',*,*,#10101,.T.) ;
#10158=ORIENTED_EDGE('',*,*,#9649,.T.) ;
#10159=ORIENTED_EDGE('',*,*,#10144,.F.) ;
#10160=ORIENTED_EDGE('',*,*,#10151,.F.) ;
#10161=ORIENTED_EDGE('',*,*,#10156,.T.) ;
#10170=ORIENTED_EDGE('',*,*,#9654,.T.) ;
#10171=ORIENTED_EDGE('',*,*,#10156,.F.) ;
#10172=ORIENTED_EDGE('',*,*,#10168,.F.) ;
#10173=ORIENTED_EDGE('',*,*,#10144,.T.) ;
#10196=ORIENTED_EDGE('',*,*,#10189,.T.) ;
#10197=ORIENTED_EDGE('',*,*,#10194,.T.) ;
#10225=ORIENTED_EDGE('',*,*,#10189,.F.) ;
#10226=ORIENTED_EDGE('',*,*,#10211,.F.) ;
#10227=ORIENTED_EDGE('',*,*,#10218,.F.) ;
#10228=ORIENTED_EDGE('',*,*,#10223,.T.) ;
#10237=ORIENTED_EDGE('',*,*,#10194,.F.) ;
#10238=ORIENTED_EDGE('',*,*,#10223,.F.) ;
#10239=ORIENTED_EDGE('',*,*,#10235,.F.) ;
#10240=ORIENTED_EDGE('',*,*,#10211,.T.) ;
#10268=ORIENTED_EDGE('',*,*,#10218,.T.) ;
#10269=ORIENTED_EDGE('',*,*,#10254,.F.) ;
#10270=ORIENTED_EDGE('',*,*,#10261,.F.) ;
#10271=ORIENTED_EDGE('',*,*,#10266,.T.) ;
#10280=ORIENTED_EDGE('',*,*,#10266,.F.) ;
#10281=ORIENTED_EDGE('',*,*,#10278,.F.) ;
#10282=ORIENTED_EDGE('',*,*,#10254,.T.) ;
#10283=ORIENTED_EDGE('',*,*,#10235,.T.) ;
#10311=ORIENTED_EDGE('',*,*,#10261,.T.) ;
#10312=ORIENTED_EDGE('',*,*,#10297,.F.) ;
#10313=ORIENTED_EDGE('',*,*,#10304,.F.) ;
#10314=ORIENTED_EDGE('',*,*,#10309,.T.) ;
#10323=ORIENTED_EDGE('',*,*,#10309,.F.) ;
#10324=ORIENTED_EDGE('',*,*,#10321,.F.) ;
#10325=ORIENTED_EDGE('',*,*,#10297,.T.) ;
#10326=ORIENTED_EDGE('',*,*,#10278,.T.) ;
#10363=ORIENTED_EDGE('',*,*,#10342,.F.) ;
#10364=ORIENTED_EDGE('',*,*,#10349,.T.) ;
#10365=ORIENTED_EDGE('',*,*,#10356,.T.) ;
#10366=ORIENTED_EDGE('',*,*,#10361,.F.) ;
#10380=ORIENTED_EDGE('',*,*,#10373,.F.) ;
#10381=ORIENTED_EDGE('',*,*,#10356,.F.) ;
#10382=ORIENTED_EDGE('',*,*,#10378,.T.) ;
#10383=ORIENTED_EDGE('',*,*,#10342,.T.) ;
#10402=ORIENTED_EDGE('',*,*,#10395,.T.) ;
#10403=ORIENTED_EDGE('',*,*,#10349,.F.) ;
#10404=ORIENTED_EDGE('',*,*,#10400,.F.) ;
#10405=ORIENTED_EDGE('',*,*,#9433,.T.) ;
#10433=ORIENTED_EDGE('',*,*,#10419,.F.) ;
#10434=ORIENTED_EDGE('',*,*,#10361,.T.) ;
#10435=ORIENTED_EDGE('',*,*,#10426,.T.) ;
#10436=ORIENTED_EDGE('',*,*,#10431,.T.) ;
#10445=ORIENTED_EDGE('',*,*,#10426,.F.) ;
#10446=ORIENTED_EDGE('',*,*,#10373,.T.) ;
#10447=ORIENTED_EDGE('',*,*,#10419,.T.) ;
#10448=ORIENTED_EDGE('',*,*,#10443,.T.) ;
#10452=ORIENTED_EDGE('',*,*,#10400,.T.) ;
#10453=ORIENTED_EDGE('',*,*,#10378,.F.) ;
#10454=ORIENTED_EDGE('',*,*,#10395,.F.) ;
#10455=ORIENTED_EDGE('',*,*,#9438,.T.) ;
#10487=ORIENTED_EDGE('',*,*,#10466,.F.) ;
#10488=ORIENTED_EDGE('',*,*,#10473,.T.) ;
#10489=ORIENTED_EDGE('',*,*,#10480,.T.) ;
#10490=ORIENTED_EDGE('',*,*,#10485,.T.) ;
#10493=ORIENTED_EDGE('',*,*,#10431,.F.) ;
#10494=ORIENTED_EDGE('',*,*,#10443,.F.) ;
#10550=ORIENTED_EDGE('',*,*,#10510,.F.) ;
#10551=ORIENTED_EDGE('',*,*,#10517,.T.) ;
#10552=ORIENTED_EDGE('',*,*,#10524,.T.) ;
#10553=ORIENTED_EDGE('',*,*,#10531,.F.) ;
#10554=ORIENTED_EDGE('',*,*,#10538,.F.) ;
#10555=ORIENTED_EDGE('',*,*,#10543,.T.) ;
#10556=ORIENTED_EDGE('',*,*,#10466,.T.) ;
#10557=ORIENTED_EDGE('',*,*,#10548,.T.) ;
#10597=ORIENTED_EDGE('',*,*,#10517,.F.) ;
#10598=ORIENTED_EDGE('',*,*,#10571,.F.) ;
#10599=ORIENTED_EDGE('',*,*,#10576,.F.) ;
#10600=ORIENTED_EDGE('',*,*,#10473,.F.) ;
#10601=ORIENTED_EDGE('',*,*,#10543,.F.) ;
#10602=ORIENTED_EDGE('',*,*,#10583,.F.) ;
#10603=ORIENTED_EDGE('',*,*,#10590,.F.) ;
#10604=ORIENTED_EDGE('',*,*,#10595,.F.) ;
#10625=ORIENTED_EDGE('',*,*,#10480,.F.) ;
#10626=ORIENTED_EDGE('',*,*,#10576,.T.) ;
#10627=ORIENTED_EDGE('',*,*,#10618,.T.) ;
#10628=ORIENTED_EDGE('',*,*,#10623,.F.) ;
#10642=ORIENTED_EDGE('',*,*,#10623,.T.) ;
#10643=ORIENTED_EDGE('',*,*,#10640,.F.) ;
#10644=ORIENTED_EDGE('',*,*,#10548,.F.) ;
#10645=ORIENTED_EDGE('',*,*,#10485,.F.) ;
#10666=ORIENTED_EDGE('',*,*,#10659,.F.) ;
#10667=ORIENTED_EDGE('',*,*,#10583,.T.) ;
#10668=ORIENTED_EDGE('',*,*,#10538,.T.) ;
#10669=ORIENTED_EDGE('',*,*,#10664,.F.) ;
#10690=ORIENTED_EDGE('',*,*,#10531,.T.) ;
#10691=ORIENTED_EDGE('',*,*,#10683,.T.) ;
#10692=ORIENTED_EDGE('',*,*,#10688,.T.) ;
#10693=ORIENTED_EDGE('',*,*,#10664,.T.) ;
#10707=ORIENTED_EDGE('',*,*,#10595,.T.) ;
#10708=ORIENTED_EDGE('',*,*,#10705,.T.) ;
#10709=ORIENTED_EDGE('',*,*,#10683,.F.) ;
#10710=ORIENTED_EDGE('',*,*,#10524,.F.) ;
#10719=ORIENTED_EDGE('',*,*,#10618,.F.) ;
#10720=ORIENTED_EDGE('',*,*,#10571,.T.) ;
#10721=ORIENTED_EDGE('',*,*,#10510,.T.) ;
#10722=ORIENTED_EDGE('',*,*,#10640,.T.) ;
#10731=ORIENTED_EDGE('',*,*,#10590,.T.) ;
#10732=ORIENTED_EDGE('',*,*,#10659,.T.) ;
#10733=ORIENTED_EDGE('',*,*,#10688,.F.) ;
#10734=ORIENTED_EDGE('',*,*,#10705,.F.) ;
#10743=ORIENTED_EDGE('',*,*,#9403,.F.) ;
#10744=ORIENTED_EDGE('',*,*,#9379,.F.) ;
#10747=ORIENTED_EDGE('',*,*,#10321,.T.) ;
#10748=ORIENTED_EDGE('',*,*,#10304,.T.) ;
#10751=ORIENTED_EDGE('',*,*,#10151,.T.) ;
#10752=ORIENTED_EDGE('',*,*,#10168,.T.) ;
#10755=ORIENTED_EDGE('',*,*,#10108,.T.) ;
#10756=ORIENTED_EDGE('',*,*,#10125,.T.) ;
#10759=ORIENTED_EDGE('',*,*,#10065,.T.) ;
#10760=ORIENTED_EDGE('',*,*,#10082,.T.) ;
#10763=ORIENTED_EDGE('',*,*,#10022,.T.) ;
#10764=ORIENTED_EDGE('',*,*,#10039,.T.) ;
#10767=ORIENTED_EDGE('',*,*,#9979,.T.) ;
#10768=ORIENTED_EDGE('',*,*,#9996,.T.) ;
#10771=ORIENTED_EDGE('',*,*,#9936,.T.) ;
#10772=ORIENTED_EDGE('',*,*,#9953,.T.) ;
#10775=ORIENTED_EDGE('',*,*,#9893,.T.) ;
#10776=ORIENTED_EDGE('',*,*,#9910,.T.) ;
#10779=ORIENTED_EDGE('',*,*,#9850,.T.) ;
#10780=ORIENTED_EDGE('',*,*,#9867,.T.) ;
#10783=ORIENTED_EDGE('',*,*,#9807,.T.) ;
#10784=ORIENTED_EDGE('',*,*,#9824,.T.) ;
#10787=ORIENTED_EDGE('',*,*,#9764,.T.) ;
#10788=ORIENTED_EDGE('',*,*,#9781,.T.) ;
#10791=ORIENTED_EDGE('',*,*,#9721,.T.) ;
#10792=ORIENTED_EDGE('',*,*,#9738,.T.) ;
#10795=ORIENTED_EDGE('',*,*,#9678,.T.) ;
#10796=ORIENTED_EDGE('',*,*,#9695,.T.) ;
#10810=ORIENTED_EDGE('',*,*,#10297,.F.) ;
#10811=ORIENTED_EDGE('',*,*,#10808,.T.) ;
#10812=ORIENTED_EDGE('',*,*,#10309,.T.) ;
#10813=ORIENTED_EDGE('',*,*,#10278,.F.) ;
#10822=ORIENTED_EDGE('',*,*,#10309,.F.) ;
#10823=ORIENTED_EDGE('',*,*,#10820,.T.) ;
#10824=ORIENTED_EDGE('',*,*,#10297,.T.) ;
#10825=ORIENTED_EDGE('',*,*,#10261,.F.) ;
#10829=ORIENTED_EDGE('',*,*,#10254,.F.) ;
#10830=ORIENTED_EDGE('',*,*,#10278,.T.) ;
#10831=ORIENTED_EDGE('',*,*,#10266,.T.) ;
#10832=ORIENTED_EDGE('',*,*,#10235,.F.) ;
#10836=ORIENTED_EDGE('',*,*,#10266,.F.) ;
#10837=ORIENTED_EDGE('',*,*,#10261,.T.) ;
#10838=ORIENTED_EDGE('',*,*,#10254,.T.) ;
#10839=ORIENTED_EDGE('',*,*,#10218,.F.) ;
#10862=ORIENTED_EDGE('',*,*,#10848,.F.) ;
#10863=ORIENTED_EDGE('',*,*,#10235,.T.) ;
#10864=ORIENTED_EDGE('',*,*,#10855,.T.) ;
#10865=ORIENTED_EDGE('',*,*,#10860,.F.) ;
#10874=ORIENTED_EDGE('',*,*,#10855,.F.) ;
#10875=ORIENTED_EDGE('',*,*,#10218,.T.) ;
#10876=ORIENTED_EDGE('',*,*,#10848,.T.) ;
#10877=ORIENTED_EDGE('',*,*,#10872,.F.) ;
#146=FACE_BOUND('',#143,.T.) ;
#164=FACE_BOUND('',#161,.T.) ;
#182=FACE_BOUND('',#179,.T.) ;
#200=FACE_BOUND('',#197,.T.) ;
#218=FACE_BOUND('',#215,.T.) ;
#236=FACE_BOUND('',#233,.T.) ;
#254=FACE_BOUND('',#251,.T.) ;
#272=FACE_BOUND('',#269,.T.) ;
#290=FACE_BOUND('',#287,.T.) ;
#308=FACE_BOUND('',#305,.T.) ;
#326=FACE_BOUND('',#323,.T.) ;
#344=FACE_BOUND('',#341,.T.) ;
#362=FACE_BOUND('',#359,.T.) ;
#1063=FACE_BOUND('',#1058,.T.) ;
#1310=FACE_BOUND('',#1305,.T.) ;
#1414=FACE_BOUND('',#1409,.T.) ;
#1582=FACE_BOUND('',#1577,.T.) ;
#1719=FACE_BOUND('',#1716,.T.) ;
#2048=FACE_BOUND('',#2045,.T.) ;
#2273=FACE_BOUND('',#2270,.T.) ;
#2413=FACE_BOUND('',#2410,.T.) ;
#3628=FACE_BOUND('',#3625,.T.) ;
#3632=FACE_BOUND('',#3629,.T.) ;
#3636=FACE_BOUND('',#3633,.T.) ;
#3640=FACE_BOUND('',#3637,.T.) ;
#3644=FACE_BOUND('',#3641,.T.) ;
#3648=FACE_BOUND('',#3645,.T.) ;
#3652=FACE_BOUND('',#3649,.T.) ;
#3656=FACE_BOUND('',#3653,.T.) ;
#3660=FACE_BOUND('',#3657,.T.) ;
#3664=FACE_BOUND('',#3661,.T.) ;
#3668=FACE_BOUND('',#3665,.T.) ;
#3672=FACE_BOUND('',#3669,.T.) ;
#3676=FACE_BOUND('',#3673,.T.) ;
#4513=FACE_BOUND('',#4508,.T.) ;
#4682=FACE_BOUND('',#4679,.T.) ;
#4835=FACE_BOUND('',#4830,.T.) ;
#4948=FACE_BOUND('',#4943,.T.) ;
#5185=FACE_BOUND('',#5182,.T.) ;
#5283=FACE_BOUND('',#5278,.T.) ;
#5869=FACE_BOUND('',#5866,.T.) ;
#6028=FACE_BOUND('',#6025,.T.) ;
#9442=FACE_BOUND('',#9439,.T.) ;
#9460=FACE_BOUND('',#9457,.T.) ;
#9478=FACE_BOUND('',#9475,.T.) ;
#9496=FACE_BOUND('',#9493,.T.) ;
#9514=FACE_BOUND('',#9511,.T.) ;
#9532=FACE_BOUND('',#9529,.T.) ;
#9550=FACE_BOUND('',#9547,.T.) ;
#9568=FACE_BOUND('',#9565,.T.) ;
#9586=FACE_BOUND('',#9583,.T.) ;
#9604=FACE_BOUND('',#9601,.T.) ;
#9622=FACE_BOUND('',#9619,.T.) ;
#9640=FACE_BOUND('',#9637,.T.) ;
#9658=FACE_BOUND('',#9655,.T.) ;
#10495=FACE_BOUND('',#10492,.T.) ;
#10749=FACE_BOUND('',#10746,.T.) ;
#10753=FACE_BOUND('',#10750,.T.) ;
#10757=FACE_BOUND('',#10754,.T.) ;
#10761=FACE_BOUND('',#10758,.T.) ;
#10765=FACE_BOUND('',#10762,.T.) ;
#10769=FACE_BOUND('',#10766,.T.) ;
#10773=FACE_BOUND('',#10770,.T.) ;
#10777=FACE_BOUND('',#10774,.T.) ;
#10781=FACE_BOUND('',#10778,.T.) ;
#10785=FACE_BOUND('',#10782,.T.) ;
#10789=FACE_BOUND('',#10786,.T.) ;
#10793=FACE_BOUND('',#10790,.T.) ;
#10797=FACE_BOUND('',#10794,.T.) ;
#62=CLOSED_SHELL('Closed Shell',(#102,#119,#363,#394,#406,#437,#449,#480,#492,#523,#535,#566,#578,#609,#621,#652,#664,#695,#707,#738,#750,#781,#793,#824,#836,#867,#879,#919,#974,#1064,#1112,#1129,#1146,#1163,#1175,#1182,#1311,#1415,#1439,#1463,#1480,#1504,#1521,#1583,#1607,#1654,#1678,#1720,#1737,#1754,#1785,#1809,#1833,#1850,#1862,#1874,#1905,#1929,#1953,#1965,#1991,#2049,#2089,#2113,#2137,#2177,#2189,#2220,#2232,#2244,#2274,#2286,#2303,#2310,#2349,#2374,#2386,#2414,#2461,#2482,#2526,#2551,#2582,#2594,#2638,#2663,#2694,#2706,#2711,#2742,#2754,#2797,#2821,#2864,#2888,#2919,#2931,#2962,#2974,#3017,#3041,#3084,#3108,#3139,#3151,#3182,#3194,#3237,#3261,#3304,#3328,#3359,#3371,#3402,#3414,#3457,#3481,#3524,#3548,#3570,#3577,#3608,#3620,#3677)) ;
#4314=CLOSED_SHELL('Closed Shell',(#4370,#4433,#4514,#4538,#4562,#4586,#4603,#4634,#4651,#4683,#4700,#4712,#4836,#4949,#4968,#4985,#5024,#5049,#5073,#5120,#5144,#5186,#5203,#5220,#5284,#5315,#5339,#5363,#5380,#5404,#5428,#5445,#5457,#5488,#5512,#5536,#5548,#5592,#5617,#5629,#5660,#5672,#5684,#5739,#5763,#5811,#5828,#5840,#5870,#5945,#6001,#6029,#6051,#6063,#6070,#6082,#6129,#6150,#6214,#6236,#6267,#6279,#6323,#6348,#6391,#6434,#6458,#6482,#6487,#6565,#6621,#6652,#6683,#6695,#6707,#6771,#6793,#6856,#6919,#6951,#6983,#7026,#7069,#7093,#7117,#7173,#7213,#7244,#7275,#7287,#7299,#7413,#7521,#7572,#7626,#7658,#7693,#7717,#7726,#7903,#8070,#8093,#8101,#8125,#8134)) ;
#8138=CLOSED_SHELL('Closed Shell',(#8178,#8195,#8234,#8254,#8293,#8317,#8337,#8346)) ;
#9358=CLOSED_SHELL('Closed Shell',(#9398,#9415,#9659,#9690,#9702,#9733,#9745,#9776,#9788,#9819,#9831,#9862,#9874,#9905,#9917,#9948,#9960,#9991,#10003,#10034,#10046,#10077,#10089,#10120,#10132,#10163,#10175,#10199,#10230,#10242,#10273,#10285,#10316,#10328,#10368,#10385,#10407,#10438,#10450,#10457,#10496,#10559,#10606,#10630,#10647,#10671,#10695,#10712,#10724,#10736,#10798)) ;
#3685=OPEN_SHELL('Sweep.7',(#3726,#3748)) ;
#3751=OPEN_SHELL('Sweep.8',(#3787,#3804)) ;
#3805=OPEN_SHELL('Sweep.9',(#3841,#3858)) ;
#3859=OPEN_SHELL('Sweep.10',(#3895,#3912)) ;
#3913=OPEN_SHELL('Sweep.11',(#3949,#3966)) ;
#3967=OPEN_SHELL('Sweep.12',(#4003,#4020)) ;
#4021=OPEN_SHELL('Sweep.13',(#4057,#4074)) ;
#4075=OPEN_SHELL('Sweep.14',(#4111,#4128)) ;
#4129=OPEN_SHELL('Sweep.15',(#4165,#4182)) ;
#4183=OPEN_SHELL('Sweep.16',(#4219,#4236)) ;
#4237=OPEN_SHELL('Sweep.17',(#4273,#4290)) ;
#8348=OPEN_SHELL('Trim.1',(#8442,#8511,#8538,#8551)) ;
#8554=OPEN_SHELL('Sweep.5',(#8595,#8617)) ;
#8618=OPEN_SHELL('Sweep.6',(#8654,#8671)) ;
#8672=OPEN_SHELL('Sweep.7',(#8713,#8730)) ;
#8731=OPEN_SHELL('Sweep.8',(#8772,#8789)) ;
#8790=OPEN_SHELL('Sweep.9',(#8826,#8843)) ;
#8844=OPEN_SHELL('Sweep.11',(#8880,#8897)) ;
#8898=OPEN_SHELL('Sweep.12',(#8934,#8951)) ;
#8952=OPEN_SHELL('Sweep.13',(#8988,#9005)) ;
#9006=OPEN_SHELL('Sweep.14',(#9047,#9064)) ;
#9065=OPEN_SHELL('Sweep.15',(#9101,#9118)) ;
#9119=OPEN_SHELL('Sweep.16',(#9155,#9172)) ;
#9173=OPEN_SHELL('Sweep.17',(#9209,#9226)) ;
#9227=OPEN_SHELL('Revolute.3',(#9263,#9280)) ;
#9281=OPEN_SHELL('Revolute.4',(#9317,#9334)) ;
#10802=OPEN_SHELL('Sweep.2',(#10815,#10827,#10834,#10841,#10867,#10879)) ;
#3686=SHELL_BASED_SURFACE_MODEL('NONE',(#3685)) ;
#3752=SHELL_BASED_SURFACE_MODEL('NONE',(#3751)) ;
#3806=SHELL_BASED_SURFACE_MODEL('NONE',(#3805)) ;
#3860=SHELL_BASED_SURFACE_MODEL('NONE',(#3859)) ;
#3914=SHELL_BASED_SURFACE_MODEL('NONE',(#3913)) ;
#3968=SHELL_BASED_SURFACE_MODEL('NONE',(#3967)) ;
#4022=SHELL_BASED_SURFACE_MODEL('NONE',(#4021)) ;
#4076=SHELL_BASED_SURFACE_MODEL('NONE',(#4075)) ;
#4130=SHELL_BASED_SURFACE_MODEL('NONE',(#4129)) ;
#4184=SHELL_BASED_SURFACE_MODEL('NONE',(#4183)) ;
#4238=SHELL_BASED_SURFACE_MODEL('NONE',(#4237)) ;
#8349=SHELL_BASED_SURFACE_MODEL('NONE',(#8348)) ;
#8555=SHELL_BASED_SURFACE_MODEL('NONE',(#8554)) ;
#8619=SHELL_BASED_SURFACE_MODEL('NONE',(#8618)) ;
#8673=SHELL_BASED_SURFACE_MODEL('NONE',(#8672)) ;
#8732=SHELL_BASED_SURFACE_MODEL('NONE',(#8731)) ;
#8791=SHELL_BASED_SURFACE_MODEL('NONE',(#8790)) ;
#8845=SHELL_BASED_SURFACE_MODEL('NONE',(#8844)) ;
#8899=SHELL_BASED_SURFACE_MODEL('NONE',(#8898)) ;
#8953=SHELL_BASED_SURFACE_MODEL('NONE',(#8952)) ;
#9007=SHELL_BASED_SURFACE_MODEL('NONE',(#9006)) ;
#9066=SHELL_BASED_SURFACE_MODEL('NONE',(#9065)) ;
#9120=SHELL_BASED_SURFACE_MODEL('NONE',(#9119)) ;
#9174=SHELL_BASED_SURFACE_MODEL('NONE',(#9173)) ;
#9228=SHELL_BASED_SURFACE_MODEL('NONE',(#9227)) ;
#9282=SHELL_BASED_SURFACE_MODEL('NONE',(#9281)) ;
#10803=SHELL_BASED_SURFACE_MODEL('NONE',(#10802)) ;
#4295=ITEM_DEFINED_TRANSFORMATION(' ',' ',#4297,#4296) ;
#9339=ITEM_DEFINED_TRANSFORMATION(' ',' ',#9341,#9340) ;
#10886=ITEM_DEFINED_TRANSFORMATION(' ',' ',#10888,#10887) ;
#79=VECTOR('Line Direction',#78,1.) ;
#93=VECTOR('Line Direction',#92,1.) ;
#371=VECTOR('Line Direction',#370,1.) ;
#385=VECTOR('Line Direction',#384,1.) ;
#414=VECTOR('Line Direction',#413,1.) ;
#428=VECTOR('Line Direction',#427,1.) ;
#457=VECTOR('Line Direction',#456,1.) ;
#471=VECTOR('Line Direction',#470,1.) ;
#500=VECTOR('Line Direction',#499,1.) ;
#514=VECTOR('Line Direction',#513,1.) ;
#543=VECTOR('Line Direction',#542,1.) ;
#557=VECTOR('Line Direction',#556,1.) ;
#586=VECTOR('Line Direction',#585,1.) ;
#600=VECTOR('Line Direction',#599,1.) ;
#629=VECTOR('Line Direction',#628,1.) ;
#643=VECTOR('Line Direction',#642,1.) ;
#672=VECTOR('Line Direction',#671,1.) ;
#686=VECTOR('Line Direction',#685,1.) ;
#715=VECTOR('Line Direction',#714,1.) ;
#729=VECTOR('Line Direction',#728,1.) ;
#758=VECTOR('Line Direction',#757,1.) ;
#772=VECTOR('Line Direction',#771,1.) ;
#801=VECTOR('Line Direction',#800,1.) ;
#815=VECTOR('Line Direction',#814,1.) ;
#844=VECTOR('Line Direction',#843,1.) ;
#858=VECTOR('Line Direction',#857,1.) ;
#887=VECTOR('Line Direction',#886,1.) ;
#896=VECTOR('Line Direction',#895,1.) ;
#903=VECTOR('Line Direction',#902,1.) ;
#910=VECTOR('Line Direction',#909,1.) ;
#950=VECTOR('Line Direction',#949,1.) ;
#957=VECTOR('Line Direction',#956,1.) ;
#962=VECTOR('Line Direction',#961,1.) ;
#982=VECTOR('Line Direction',#981,1.) ;
#991=VECTOR('Line Direction',#990,1.) ;
#998=VECTOR('Line Direction',#997,1.) ;
#1005=VECTOR('Line Direction',#1004,1.) ;
#1012=VECTOR('Line Direction',#1011,1.) ;
#1019=VECTOR('Line Direction',#1018,1.) ;
#1026=VECTOR('Line Direction',#1025,1.) ;
#1033=VECTOR('Line Direction',#1032,1.) ;
#1048=VECTOR('Line Direction',#1047,1.) ;
#1055=VECTOR('Line Direction',#1054,1.) ;
#1072=VECTOR('Line Direction',#1071,1.) ;
#1079=VECTOR('Line Direction',#1078,1.) ;
#1120=VECTOR('Line Direction',#1119,1.) ;
#1137=VECTOR('Line Direction',#1136,1.) ;
#1154=VECTOR('Line Direction',#1153,1.) ;
#1166=VECTOR('Line Direction',#1165,1.) ;
#1190=VECTOR('Line Direction',#1189,1.) ;
#1197=VECTOR('Line Direction',#1196,1.) ;
#1204=VECTOR('Line Direction',#1203,1.) ;
#1211=VECTOR('Line Direction',#1210,1.) ;
#1218=VECTOR('Line Direction',#1217,1.) ;
#1225=VECTOR('Line Direction',#1224,1.) ;
#1232=VECTOR('Line Direction',#1231,1.) ;
#1239=VECTOR('Line Direction',#1238,1.) ;
#1246=VECTOR('Line Direction',#1245,1.) ;
#1253=VECTOR('Line Direction',#1252,1.) ;
#1260=VECTOR('Line Direction',#1259,1.) ;
#1279=VECTOR('Line Direction',#1278,1.) ;
#1288=VECTOR('Line Direction',#1287,1.) ;
#1295=VECTOR('Line Direction',#1294,1.) ;
#1302=VECTOR('Line Direction',#1301,1.) ;
#1319=VECTOR('Line Direction',#1318,1.) ;
#1326=VECTOR('Line Direction',#1325,1.) ;
#1333=VECTOR('Line Direction',#1332,1.) ;
#1338=VECTOR('Line Direction',#1337,1.) ;
#1345=VECTOR('Line Direction',#1344,1.) ;
#1350=VECTOR('Line Direction',#1349,1.) ;
#1357=VECTOR('Line Direction',#1356,1.) ;
#1364=VECTOR('Line Direction',#1363,1.) ;
#1383=VECTOR('Line Direction',#1382,1.) ;
#1392=VECTOR('Line Direction',#1391,1.) ;
#1399=VECTOR('Line Direction',#1398,1.) ;
#1406=VECTOR('Line Direction',#1405,1.) ;
#1423=VECTOR('Line Direction',#1422,1.) ;
#1430=VECTOR('Line Direction',#1429,1.) ;
#1447=VECTOR('Line Direction',#1446,1.) ;
#1454=VECTOR('Line Direction',#1453,1.) ;
#1471=VECTOR('Line Direction',#1470,1.) ;
#1488=VECTOR('Line Direction',#1487,1.) ;
#1495=VECTOR('Line Direction',#1494,1.) ;
#1512=VECTOR('Line Direction',#1511,1.) ;
#1529=VECTOR('Line Direction',#1528,1.) ;
#1538=VECTOR('Line Direction',#1537,1.) ;
#1545=VECTOR('Line Direction',#1544,1.) ;
#1552=VECTOR('Line Direction',#1551,1.) ;
#1559=VECTOR('Line Direction',#1558,1.) ;
#1566=VECTOR('Line Direction',#1565,1.) ;
#1591=VECTOR('Line Direction',#1590,1.) ;
#1598=VECTOR('Line Direction',#1597,1.) ;
#1615=VECTOR('Line Direction',#1614,1.) ;
#1622=VECTOR('Line Direction',#1621,1.) ;
#1627=VECTOR('Line Direction',#1626,1.) ;
#1634=VECTOR('Line Direction',#1633,1.) ;
#1641=VECTOR('Line Direction',#1640,1.) ;
#1662=VECTOR('Line Direction',#1661,1.) ;
#1669=VECTOR('Line Direction',#1668,1.) ;
#1686=VECTOR('Line Direction',#1685,1.) ;
#1693=VECTOR('Line Direction',#1692,1.) ;
#1728=VECTOR('Line Direction',#1727,1.) ;
#1745=VECTOR('Line Direction',#1744,1.) ;
#1762=VECTOR('Line Direction',#1761,1.) ;
#1769=VECTOR('Line Direction',#1768,1.) ;
#1776=VECTOR('Line Direction',#1775,1.) ;
#1793=VECTOR('Line Direction',#1792,1.) ;
#1800=VECTOR('Line Direction',#1799,1.) ;
#1817=VECTOR('Line Direction',#1816,1.) ;
#1824=VECTOR('Line Direction',#1823,1.) ;
#1841=VECTOR('Line Direction',#1840,1.) ;
#1882=VECTOR('Line Direction',#1881,1.) ;
#1889=VECTOR('Line Direction',#1888,1.) ;
#1896=VECTOR('Line Direction',#1895,1.) ;
#1913=VECTOR('Line Direction',#1912,1.) ;
#1920=VECTOR('Line Direction',#1919,1.) ;
#1937=VECTOR('Line Direction',#1936,1.) ;
#1944=VECTOR('Line Direction',#1943,1.) ;
#1956=VECTOR('Line Direction',#1955,1.) ;
#1968=VECTOR('Line Direction',#1967,1.) ;
#1977=VECTOR('Line Direction',#1976,1.) ;
#1982=VECTOR('Line Direction',#1981,1.) ;
#1999=VECTOR('Line Direction',#1998,1.) ;
#2006=VECTOR('Line Direction',#2005,1.) ;
#2013=VECTOR('Line Direction',#2012,1.) ;
#2020=VECTOR('Line Direction',#2019,1.) ;
#2057=VECTOR('Line Direction',#2056,1.) ;
#2066=VECTOR('Line Direction',#2065,1.) ;
#2071=VECTOR('Line Direction',#2070,1.) ;
#2078=VECTOR('Line Direction',#2077,1.) ;
#2097=VECTOR('Line Direction',#2096,1.) ;
#2104=VECTOR('Line Direction',#2103,1.) ;
#2121=VECTOR('Line Direction',#2120,1.) ;
#2128=VECTOR('Line Direction',#2127,1.) ;
#2145=VECTOR('Line Direction',#2144,1.) ;
#2150=VECTOR('Line Direction',#2149,1.) ;
#2157=VECTOR('Line Direction',#2156,1.) ;
#2164=VECTOR('Line Direction',#2163,1.) ;
#2197=VECTOR('Line Direction',#2196,1.) ;
#2204=VECTOR('Line Direction',#2203,1.) ;
#2277=VECTOR('Line Direction',#2276,1.) ;
#2294=VECTOR('Line Direction',#2293,1.) ;
#2318=VECTOR('Line Direction',#2317,1.) ;
#2339=VECTOR('Line Direction',#2338,1.) ;
#2422=VECTOR('Line Direction',#2421,1.) ;
#2443=VECTOR('Line Direction',#2442,1.) ;
#2450=VECTOR('Line Direction',#2449,1.) ;
#2559=VECTOR('Line Direction',#2558,1.) ;
#2573=VECTOR('Line Direction',#2572,1.) ;
#2671=VECTOR('Line Direction',#2670,1.) ;
#2685=VECTOR('Line Direction',#2684,1.) ;
#2719=VECTOR('Line Direction',#2718,1.) ;
#2733=VECTOR('Line Direction',#2732,1.) ;
#2905=VECTOR('Line Direction',#2904,1.) ;
#2910=VECTOR('Line Direction',#2909,1.) ;
#2948=VECTOR('Line Direction',#2947,1.) ;
#2953=VECTOR('Line Direction',#2952,1.) ;
#3116=VECTOR('Line Direction',#3115,1.) ;
#3130=VECTOR('Line Direction',#3129,1.) ;
#3159=VECTOR('Line Direction',#3158,1.) ;
#3173=VECTOR('Line Direction',#3172,1.) ;
#3336=VECTOR('Line Direction',#3335,1.) ;
#3350=VECTOR('Line Direction',#3349,1.) ;
#3379=VECTOR('Line Direction',#3378,1.) ;
#3393=VECTOR('Line Direction',#3392,1.) ;
#3556=VECTOR('Line Direction',#3555,1.) ;
#3561=VECTOR('Line Direction',#3560,1.) ;
#3594=VECTOR('Line Direction',#3593,1.) ;
#3599=VECTOR('Line Direction',#3598,1.) ;
#3694=VECTOR('Line Direction',#3693,1.) ;
#3710=VECTOR('Line Direction',#3709,1.) ;
#3809=VECTOR('Line Direction',#3808,1.) ;
#3825=VECTOR('Line Direction',#3824,1.) ;
#3917=VECTOR('Line Direction',#3916,1.) ;
#3933=VECTOR('Line Direction',#3932,1.) ;
#4025=VECTOR('Line Direction',#4024,1.) ;
#4041=VECTOR('Line Direction',#4040,1.) ;
#4133=VECTOR('Line Direction',#4132,1.) ;
#4149=VECTOR('Line Direction',#4148,1.) ;
#4241=VECTOR('Line Direction',#4240,1.) ;
#4257=VECTOR('Line Direction',#4256,1.) ;
#4322=VECTOR('Line Direction',#4321,1.) ;
#4331=VECTOR('Line Direction',#4330,1.) ;
#4338=VECTOR('Line Direction',#4337,1.) ;
#4345=VECTOR('Line Direction',#4344,1.) ;
#4352=VECTOR('Line Direction',#4351,1.) ;
#4359=VECTOR('Line Direction',#4358,1.) ;
#4378=VECTOR('Line Direction',#4377,1.) ;
#4387=VECTOR('Line Direction',#4386,1.) ;
#4394=VECTOR('Line Direction',#4393,1.) ;
#4401=VECTOR('Line Direction',#4400,1.) ;
#4408=VECTOR('Line Direction',#4407,1.) ;
#4413=VECTOR('Line Direction',#4412,1.) ;
#4420=VECTOR('Line Direction',#4419,1.) ;
#4441=VECTOR('Line Direction',#4440,1.) ;
#4448=VECTOR('Line Direction',#4447,1.) ;
#4453=VECTOR('Line Direction',#4452,1.) ;
#4460=VECTOR('Line Direction',#4459,1.) ;
#4467=VECTOR('Line Direction',#4466,1.) ;
#4482=VECTOR('Line Direction',#4481,1.) ;
#4491=VECTOR('Line Direction',#4490,1.) ;
#4498=VECTOR('Line Direction',#4497,1.) ;
#4505=VECTOR('Line Direction',#4504,1.) ;
#4522=VECTOR('Line Direction',#4521,1.) ;
#4529=VECTOR('Line Direction',#4528,1.) ;
#4546=VECTOR('Line Direction',#4545,1.) ;
#4553=VECTOR('Line Direction',#4552,1.) ;
#4570=VECTOR('Line Direction',#4569,1.) ;
#4577=VECTOR('Line Direction',#4576,1.) ;
#4594=VECTOR('Line Direction',#4593,1.) ;
#4611=VECTOR('Line Direction',#4610,1.) ;
#4620=VECTOR('Line Direction',#4619,1.) ;
#4625=VECTOR('Line Direction',#4624,1.) ;
#4642=VECTOR('Line Direction',#4641,1.) ;
#4691=VECTOR('Line Direction',#4690,1.) ;
#4715=VECTOR('Line Direction',#4714,1.) ;
#4722=VECTOR('Line Direction',#4721,1.) ;
#4729=VECTOR('Line Direction',#4728,1.) ;
#4736=VECTOR('Line Direction',#4735,1.) ;
#4743=VECTOR('Line Direction',#4742,1.) ;
#4750=VECTOR('Line Direction',#4749,1.) ;
#4757=VECTOR('Line Direction',#4756,1.) ;
#4764=VECTOR('Line Direction',#4763,1.) ;
#4771=VECTOR('Line Direction',#4770,1.) ;
#4778=VECTOR('Line Direction',#4777,1.) ;
#4785=VECTOR('Line Direction',#4784,1.) ;
#4804=VECTOR('Line Direction',#4803,1.) ;
#4813=VECTOR('Line Direction',#4812,1.) ;
#4820=VECTOR('Line Direction',#4819,1.) ;
#4827=VECTOR('Line Direction',#4826,1.) ;
#4844=VECTOR('Line Direction',#4843,1.) ;
#4851=VECTOR('Line Direction',#4850,1.) ;
#4858=VECTOR('Line Direction',#4857,1.) ;
#4865=VECTOR('Line Direction',#4864,1.) ;
#4872=VECTOR('Line Direction',#4871,1.) ;
#4879=VECTOR('Line Direction',#4878,1.) ;
#4884=VECTOR('Line Direction',#4883,1.) ;
#4891=VECTOR('Line Direction',#4890,1.) ;
#4898=VECTOR('Line Direction',#4897,1.) ;
#4917=VECTOR('Line Direction',#4916,1.) ;
#4926=VECTOR('Line Direction',#4925,1.) ;
#4933=VECTOR('Line Direction',#4932,1.) ;
#4940=VECTOR('Line Direction',#4939,1.) ;
#4952=VECTOR('Line Direction',#4951,1.) ;
#4959=VECTOR('Line Direction',#4958,1.) ;
#4976=VECTOR('Line Direction',#4975,1.) ;
#4993=VECTOR('Line Direction',#4992,1.) ;
#5014=VECTOR('Line Direction',#5013,1.) ;
#5057=VECTOR('Line Direction',#5056,1.) ;
#5064=VECTOR('Line Direction',#5063,1.) ;
#5081=VECTOR('Line Direction',#5080,1.) ;
#5088=VECTOR('Line Direction',#5087,1.) ;
#5093=VECTOR('Line Direction',#5092,1.) ;
#5100=VECTOR('Line Direction',#5099,1.) ;
#5107=VECTOR('Line Direction',#5106,1.) ;
#5128=VECTOR('Line Direction',#5127,1.) ;
#5135=VECTOR('Line Direction',#5134,1.) ;
#5152=VECTOR('Line Direction',#5151,1.) ;
#5159=VECTOR('Line Direction',#5158,1.) ;
#5194=VECTOR('Line Direction',#5193,1.) ;
#5211=VECTOR('Line Direction',#5210,1.) ;
#5223=VECTOR('Line Direction',#5222,1.) ;
#5230=VECTOR('Line Direction',#5229,1.) ;
#5237=VECTOR('Line Direction',#5236,1.) ;
#5252=VECTOR('Line Direction',#5251,1.) ;
#5261=VECTOR('Line Direction',#5260,1.) ;
#5268=VECTOR('Line Direction',#5267,1.) ;
#5275=VECTOR('Line Direction',#5274,1.) ;
#5292=VECTOR('Line Direction',#5291,1.) ;
#5299=VECTOR('Line Direction',#5298,1.) ;
#5306=VECTOR('Line Direction',#5305,1.) ;
#5323=VECTOR('Line Direction',#5322,1.) ;
#5330=VECTOR('Line Direction',#5329,1.) ;
#5347=VECTOR('Line Direction',#5346,1.) ;
#5354=VECTOR('Line Direction',#5353,1.) ;
#5371=VECTOR('Line Direction',#5370,1.) ;
#5388=VECTOR('Line Direction',#5387,1.) ;
#5395=VECTOR('Line Direction',#5394,1.) ;
#5412=VECTOR('Line Direction',#5411,1.) ;
#5419=VECTOR('Line Direction',#5418,1.) ;
#5436=VECTOR('Line Direction',#5435,1.) ;
#5465=VECTOR('Line Direction',#5464,1.) ;
#5472=VECTOR('Line Direction',#5471,1.) ;
#5479=VECTOR('Line Direction',#5478,1.) ;
#5496=VECTOR('Line Direction',#5495,1.) ;
#5503=VECTOR('Line Direction',#5502,1.) ;
#5520=VECTOR('Line Direction',#5519,1.) ;
#5527=VECTOR('Line Direction',#5526,1.) ;
#5539=VECTOR('Line Direction',#5538,1.) ;
#5637=VECTOR('Line Direction',#5636,1.) ;
#5644=VECTOR('Line Direction',#5643,1.) ;
#5692=VECTOR('Line Direction',#5691,1.) ;
#5701=VECTOR('Line Direction',#5700,1.) ;
#5706=VECTOR('Line Direction',#5705,1.) ;
#5747=VECTOR('Line Direction',#5746,1.) ;
#5754=VECTOR('Line Direction',#5753,1.) ;
#5792=VECTOR('Line Direction',#5791,1.) ;
#5799=VECTOR('Line Direction',#5798,1.) ;
#5819=VECTOR('Line Direction',#5818,1.) ;
#5878=VECTOR('Line Direction',#5877,1.) ;
#5935=VECTOR('Line Direction',#5934,1.) ;
#6037=VECTOR('Line Direction',#6036,1.) ;
#6042=VECTOR('Line Direction',#6041,1.) ;
#6054=VECTOR('Line Direction',#6053,1.) ;
#6090=VECTOR('Line Direction',#6089,1.) ;
#6111=VECTOR('Line Direction',#6110,1.) ;
#6118=VECTOR('Line Direction',#6117,1.) ;
#6158=VECTOR('Line Direction',#6157,1.) ;
#6165=VECTOR('Line Direction',#6164,1.) ;
#6172=VECTOR('Line Direction',#6171,1.) ;
#6186=VECTOR('Line Direction',#6185,1.) ;
#6200=VECTOR('Line Direction',#6199,1.) ;
#6244=VECTOR('Line Direction',#6243,1.) ;
#6258=VECTOR('Line Direction',#6257,1.) ;
#6495=VECTOR('Line Direction',#6494,1.) ;
#6555=VECTOR('Line Direction',#6554,1.) ;
#6629=VECTOR('Line Direction',#6628,1.) ;
#6643=VECTOR('Line Direction',#6642,1.) ;
#6669=VECTOR('Line Direction',#6668,1.) ;
#6674=VECTOR('Line Direction',#6673,1.) ;
#6724=VECTOR('Line Direction',#6723,1.) ;
#6731=VECTOR('Line Direction',#6730,1.) ;
#6736=VECTOR('Line Direction',#6735,1.) ;
#6743=VECTOR('Line Direction',#6742,1.) ;
#6757=VECTOR('Line Direction',#6756,1.) ;
#7125=VECTOR('Line Direction',#7124,1.) ;
#7163=VECTOR('Line Direction',#7162,1.) ;
#7221=VECTOR('Line Direction',#7220,1.) ;
#7235=VECTOR('Line Direction',#7234,1.) ;
#7261=VECTOR('Line Direction',#7260,1.) ;
#7266=VECTOR('Line Direction',#7265,1.) ;
#7701=VECTOR('Line Direction',#7700,1.) ;
#7706=VECTOR('Line Direction',#7705,1.) ;
#8078=VECTOR('Line Direction',#8077,1.) ;
#8083=VECTOR('Line Direction',#8082,1.) ;
#8109=VECTOR('Line Direction',#8108,1.) ;
#8114=VECTOR('Line Direction',#8113,1.) ;
#8155=VECTOR('Line Direction',#8154,1.) ;
#8169=VECTOR('Line Direction',#8168,1.) ;
#8203=VECTOR('Line Direction',#8202,1.) ;
#8210=VECTOR('Line Direction',#8209,1.) ;
#8278=VECTOR('Line Direction',#8277,1.) ;
#8283=VECTOR('Line Direction',#8282,1.) ;
#8301=VECTOR('Line Direction',#8300,1.) ;
#8306=VECTOR('Line Direction',#8305,1.) ;
#8352=VECTOR('Line Direction',#8351,1.) ;
#8368=VECTOR('Line Direction',#8367,1.) ;
#8382=VECTOR('Line Direction',#8381,1.) ;
#8514=VECTOR('Line Direction',#8513,1.) ;
#8528=VECTOR('Line Direction',#8527,1.) ;
#8563=VECTOR('Line Direction',#8562,1.) ;
#8579=VECTOR('Line Direction',#8578,1.) ;
#8681=VECTOR('Line Direction',#8680,1.) ;
#8697=VECTOR('Line Direction',#8696,1.) ;
#8740=VECTOR('Line Direction',#8739,1.) ;
#8756=VECTOR('Line Direction',#8755,1.) ;
#8902=VECTOR('Line Direction',#8901,1.) ;
#8918=VECTOR('Line Direction',#8917,1.) ;
#9015=VECTOR('Line Direction',#9014,1.) ;
#9031=VECTOR('Line Direction',#9030,1.) ;
#9123=VECTOR('Line Direction',#9122,1.) ;
#9139=VECTOR('Line Direction',#9138,1.) ;
#9177=VECTOR('Line Direction',#9176,1.) ;
#9193=VECTOR('Line Direction',#9192,1.) ;
#9240=VECTOR('Line Direction',#9239,1.) ;
#9254=VECTOR('Line Direction',#9253,1.) ;
#9294=VECTOR('Line Direction',#9293,1.) ;
#9308=VECTOR('Line Direction',#9307,1.) ;
#9366=VECTOR('Line Direction',#9365,1.) ;
#9382=VECTOR('Line Direction',#9381,1.) ;
#9667=VECTOR('Line Direction',#9666,1.) ;
#9681=VECTOR('Line Direction',#9680,1.) ;
#9710=VECTOR('Line Direction',#9709,1.) ;
#9724=VECTOR('Line Direction',#9723,1.) ;
#9753=VECTOR('Line Direction',#9752,1.) ;
#9767=VECTOR('Line Direction',#9766,1.) ;
#9796=VECTOR('Line Direction',#9795,1.) ;
#9810=VECTOR('Line Direction',#9809,1.) ;
#9839=VECTOR('Line Direction',#9838,1.) ;
#9853=VECTOR('Line Direction',#9852,1.) ;
#9882=VECTOR('Line Direction',#9881,1.) ;
#9896=VECTOR('Line Direction',#9895,1.) ;
#9925=VECTOR('Line Direction',#9924,1.) ;
#9939=VECTOR('Line Direction',#9938,1.) ;
#9968=VECTOR('Line Direction',#9967,1.) ;
#9982=VECTOR('Line Direction',#9981,1.) ;
#10011=VECTOR('Line Direction',#10010,1.) ;
#10025=VECTOR('Line Direction',#10024,1.) ;
#10054=VECTOR('Line Direction',#10053,1.) ;
#10068=VECTOR('Line Direction',#10067,1.) ;
#10097=VECTOR('Line Direction',#10096,1.) ;
#10111=VECTOR('Line Direction',#10110,1.) ;
#10140=VECTOR('Line Direction',#10139,1.) ;
#10154=VECTOR('Line Direction',#10153,1.) ;
#10207=VECTOR('Line Direction',#10206,1.) ;
#10221=VECTOR('Line Direction',#10220,1.) ;
#10293=VECTOR('Line Direction',#10292,1.) ;
#10307=VECTOR('Line Direction',#10306,1.) ;
#10393=VECTOR('Line Direction',#10392,1.) ;
#10398=VECTOR('Line Direction',#10397,1.) ;
#10415=VECTOR('Line Direction',#10414,1.) ;
#10422=VECTOR('Line Direction',#10421,1.) ;
#10460=VECTOR('Line Direction',#10459,1.) ;
#10469=VECTOR('Line Direction',#10468,1.) ;
#10476=VECTOR('Line Direction',#10475,1.) ;
#10483=VECTOR('Line Direction',#10482,1.) ;
#10504=VECTOR('Line Direction',#10503,1.) ;
#10513=VECTOR('Line Direction',#10512,1.) ;
#10520=VECTOR('Line Direction',#10519,1.) ;
#10527=VECTOR('Line Direction',#10526,1.) ;
#10534=VECTOR('Line Direction',#10533,1.) ;
#10541=VECTOR('Line Direction',#10540,1.) ;
#10546=VECTOR('Line Direction',#10545,1.) ;
#10567=VECTOR('Line Direction',#10566,1.) ;
#10574=VECTOR('Line Direction',#10573,1.) ;
#10579=VECTOR('Line Direction',#10578,1.) ;
#10586=VECTOR('Line Direction',#10585,1.) ;
#10593=VECTOR('Line Direction',#10592,1.) ;
#10614=VECTOR('Line Direction',#10613,1.) ;
#10621=VECTOR('Line Direction',#10620,1.) ;
#10638=VECTOR('Line Direction',#10637,1.) ;
#10655=VECTOR('Line Direction',#10654,1.) ;
#10662=VECTOR('Line Direction',#10661,1.) ;
#10679=VECTOR('Line Direction',#10678,1.) ;
#10686=VECTOR('Line Direction',#10685,1.) ;
#10703=VECTOR('Line Direction',#10702,1.) ;
#10844=VECTOR('Line Direction',#10843,1.) ;
#10851=VECTOR('Line Direction',#10850,1.) ;
#3679=ADVANCED_BREP_SHAPE_REPRESENTATION('NONE',(#3678),#53) ;
#8136=ADVANCED_BREP_SHAPE_REPRESENTATION('NONE',(#8135,#8347),#4305) ;
#10800=ADVANCED_BREP_SHAPE_REPRESENTATION('NONE',(#10799),#9349) ;
#44=SHAPE_REPRESENTATION(' ',(#4296,#9340,#10887),#51) ;
#54=SHAPE_REPRESENTATION(' ',(#4297),#53) ;
#4306=SHAPE_REPRESENTATION(' ',(#9341),#4305) ;
#9350=SHAPE_REPRESENTATION(' ',(#10888),#9349) ;
#102=ADVANCED_FACE('PartBody',(#101),#67,.T.) ;
#119=ADVANCED_FACE('PartBody',(#118),#67,.T.) ;
#363=ADVANCED_FACE('PartBody',(#128,#146,#164,#182,#200,#218,#236,#254,#272,#290,#308,#326,#344,#362),#124,.F.) ;
#394=ADVANCED_FACE('PartBody',(#393),#368,.F.) ;
#406=ADVANCED_FACE('PartBody',(#405),#368,.F.) ;
#437=ADVANCED_FACE('PartBody',(#436),#411,.F.) ;
#449=ADVANCED_FACE('PartBody',(#448),#411,.F.) ;
#480=ADVANCED_FACE('PartBody',(#479),#454,.F.) ;
#492=ADVANCED_FACE('PartBody',(#491),#454,.F.) ;
#523=ADVANCED_FACE('PartBody',(#522),#497,.F.) ;
#535=ADVANCED_FACE('PartBody',(#534),#497,.F.) ;
#566=ADVANCED_FACE('PartBody',(#565),#540,.F.) ;
#578=ADVANCED_FACE('PartBody',(#577),#540,.F.) ;
#609=ADVANCED_FACE('PartBody',(#608),#583,.F.) ;
#621=ADVANCED_FACE('PartBody',(#620),#583,.F.) ;
#652=ADVANCED_FACE('PartBody',(#651),#626,.F.) ;
#664=ADVANCED_FACE('PartBody',(#663),#626,.F.) ;
#695=ADVANCED_FACE('PartBody',(#694),#669,.F.) ;
#707=ADVANCED_FACE('PartBody',(#706),#669,.F.) ;
#738=ADVANCED_FACE('PartBody',(#737),#712,.F.) ;
#750=ADVANCED_FACE('PartBody',(#749),#712,.F.) ;
#781=ADVANCED_FACE('PartBody',(#780),#755,.F.) ;
#793=ADVANCED_FACE('PartBody',(#792),#755,.F.) ;
#824=ADVANCED_FACE('PartBody',(#823),#798,.F.) ;
#836=ADVANCED_FACE('PartBody',(#835),#798,.F.) ;
#867=ADVANCED_FACE('PartBody',(#866),#841,.F.) ;
#879=ADVANCED_FACE('PartBody',(#878),#841,.F.) ;
#919=ADVANCED_FACE('PartBody',(#918),#884,.T.) ;
#974=ADVANCED_FACE('PartBody',(#973),#924,.F.) ;
#1064=ADVANCED_FACE('PartBody',(#1045,#1063),#979,.F.) ;
#1112=ADVANCED_FACE('PartBody',(#1111),#1069,.F.) ;
#1129=ADVANCED_FACE('PartBody',(#1128),#1117,.T.) ;
#1146=ADVANCED_FACE('PartBody',(#1145),#1134,.T.) ;
#1163=ADVANCED_FACE('PartBody',(#1162),#1151,.T.) ;
#1175=ADVANCED_FACE('PartBody',(#1174),#1151,.T.) ;
#1182=ADVANCED_FACE('PartBody',(#1181),#1151,.T.) ;
#1311=ADVANCED_FACE('PartBody',(#1276,#1310),#1187,.F.) ;
#1415=ADVANCED_FACE('PartBody',(#1380,#1414),#1316,.T.) ;
#1439=ADVANCED_FACE('PartBody',(#1438),#1420,.T.) ;
#1463=ADVANCED_FACE('PartBody',(#1462),#1444,.T.) ;
#1480=ADVANCED_FACE('PartBody',(#1479),#1468,.T.) ;
#1504=ADVANCED_FACE('PartBody',(#1503),#1485,.F.) ;
#1521=ADVANCED_FACE('PartBody',(#1520),#1509,.F.) ;
#1583=ADVANCED_FACE('PartBody',(#1576,#1582),#1526,.T.) ;
#1607=ADVANCED_FACE('PartBody',(#1606),#1588,.F.) ;
#1654=ADVANCED_FACE('PartBody',(#1653),#1612,.F.) ;
#1678=ADVANCED_FACE('PartBody',(#1677),#1659,.F.) ;
#1720=ADVANCED_FACE('PartBody',(#1701,#1719),#1683,.T.) ;
#1737=ADVANCED_FACE('PartBody',(#1736),#1725,.F.) ;
#1754=ADVANCED_FACE('PartBody',(#1753),#1742,.F.) ;
#1785=ADVANCED_FACE('PartBody',(#1784),#1759,.F.) ;
#1809=ADVANCED_FACE('PartBody',(#1808),#1790,.T.) ;
#1833=ADVANCED_FACE('PartBody',(#1832),#1814,.F.) ;
#1850=ADVANCED_FACE('PartBody',(#1849),#1838,.T.) ;
#1862=ADVANCED_FACE('PartBody',(#1861),#1855,.F.) ;
#1874=ADVANCED_FACE('PartBody',(#1873),#1867,.F.) ;
#1905=ADVANCED_FACE('PartBody',(#1904),#1879,.T.) ;
#1929=ADVANCED_FACE('PartBody',(#1928),#1910,.F.) ;
#1953=ADVANCED_FACE('PartBody',(#1952),#1934,.T.) ;
#1965=ADVANCED_FACE('PartBody',(#1964),#1790,.F.) ;
#1991=ADVANCED_FACE('PartBody',(#1990),#1485,.F.) ;
#2049=ADVANCED_FACE('PartBody',(#2030,#2048),#1996,.F.) ;
#2089=ADVANCED_FACE('PartBody',(#2088),#2054,.T.) ;
#2113=ADVANCED_FACE('PartBody',(#2112),#2094,.T.) ;
#2137=ADVANCED_FACE('PartBody',(#2136),#2118,.T.) ;
#2177=ADVANCED_FACE('PartBody',(#2176),#2142,.T.) ;
#2189=ADVANCED_FACE('PartBody',(#2188),#2182,.T.) ;
#2220=ADVANCED_FACE('PartBody',(#2219),#2194,.T.) ;
#2232=ADVANCED_FACE('PartBody',(#2231),#2194,.T.) ;
#2244=ADVANCED_FACE('PartBody',(#2243),#2237,.T.) ;
#2274=ADVANCED_FACE('PartBody',(#2255,#2273),#2249,.T.) ;
#2286=ADVANCED_FACE('PartBody',(#2285),#979,.F.) ;
#2303=ADVANCED_FACE('PartBody',(#2302),#2291,.T.) ;
#2310=ADVANCED_FACE('PartBody',(#2309),#1187,.F.) ;
#2349=ADVANCED_FACE('PartBody',(#2348),#2315,.T.) ;
#2374=ADVANCED_FACE('PartBody',(#2373),#2354,.T.) ;
#2386=ADVANCED_FACE('PartBody',(#2385),#2379,.T.) ;
#2414=ADVANCED_FACE('PartBody',(#2395,#2413),#2391,.T.) ;
#2461=ADVANCED_FACE('PartBody',(#2460),#2419,.F.) ;
#2482=ADVANCED_FACE('PartBody',(#2481),#2419,.F.) ;
#2526=ADVANCED_FACE('PartBody',(#2525),#2487,.T.) ;
#2551=ADVANCED_FACE('PartBody',(#2550),#2487,.T.) ;
#2582=ADVANCED_FACE('PartBody',(#2581),#2556,.F.) ;
#2594=ADVANCED_FACE('PartBody',(#2593),#2556,.F.) ;
#2638=ADVANCED_FACE('PartBody',(#2637),#2599,.F.) ;
#2663=ADVANCED_FACE('PartBody',(#2662),#2599,.F.) ;
#2694=ADVANCED_FACE('PartBody',(#2693),#2668,.T.) ;
#2706=ADVANCED_FACE('PartBody',(#2705),#2668,.T.) ;
#2711=ADVANCED_FACE('PartBody',(#2710),#1683,.T.) ;
#2742=ADVANCED_FACE('PartBody',(#2741),#2716,.F.) ;
#2754=ADVANCED_FACE('PartBody',(#2753),#2716,.F.) ;
#2797=ADVANCED_FACE('PartBody',(#2796),#2759,.T.) ;
#2821=ADVANCED_FACE('PartBody',(#2820),#2759,.T.) ;
#2864=ADVANCED_FACE('PartBody',(#2863),#2826,.F.) ;
#2888=ADVANCED_FACE('PartBody',(#2887),#2826,.F.) ;
#2919=ADVANCED_FACE('PartBody',(#2918),#2893,.T.) ;
#2931=ADVANCED_FACE('PartBody',(#2930),#2893,.T.) ;
#2962=ADVANCED_FACE('PartBody',(#2961),#2936,.F.) ;
#2974=ADVANCED_FACE('PartBody',(#2973),#2936,.F.) ;
#3017=ADVANCED_FACE('PartBody',(#3016),#2979,.T.) ;
#3041=ADVANCED_FACE('PartBody',(#3040),#2979,.T.) ;
#3084=ADVANCED_FACE('PartBody',(#3083),#3046,.F.) ;
#3108=ADVANCED_FACE('PartBody',(#3107),#3046,.F.) ;
#3139=ADVANCED_FACE('PartBody',(#3138),#3113,.T.) ;
#3151=ADVANCED_FACE('PartBody',(#3150),#3113,.T.) ;
#3182=ADVANCED_FACE('PartBody',(#3181),#3156,.F.) ;
#3194=ADVANCED_FACE('PartBody',(#3193),#3156,.F.) ;
#3237=ADVANCED_FACE('PartBody',(#3236),#3199,.T.) ;
#3261=ADVANCED_FACE('PartBody',(#3260),#3199,.T.) ;
#3304=ADVANCED_FACE('PartBody',(#3303),#3266,.F.) ;
#3328=ADVANCED_FACE('PartBody',(#3327),#3266,.F.) ;
#3359=ADVANCED_FACE('PartBody',(#3358),#3333,.T.) ;
#3371=ADVANCED_FACE('PartBody',(#3370),#3333,.T.) ;
#3402=ADVANCED_FACE('PartBody',(#3401),#3376,.F.) ;
#3414=ADVANCED_FACE('PartBody',(#3413),#3376,.F.) ;
#3457=ADVANCED_FACE('PartBody',(#3456),#3419,.T.) ;
#3481=ADVANCED_FACE('PartBody',(#3480),#3419,.T.) ;
#3524=ADVANCED_FACE('PartBody',(#3523),#3486,.F.) ;
#3548=ADVANCED_FACE('PartBody',(#3547),#3486,.F.) ;
#3570=ADVANCED_FACE('PartBody',(#3569),#3553,.T.) ;
#3577=ADVANCED_FACE('PartBody',(#3576),#3553,.T.) ;
#3608=ADVANCED_FACE('PartBody',(#3607),#3582,.F.) ;
#3620=ADVANCED_FACE('PartBody',(#3619),#3582,.F.) ;
#3677=ADVANCED_FACE('PartBody',(#3624,#3628,#3632,#3636,#3640,#3644,#3648,#3652,#3656,#3660,#3664,#3668,#3672,#3676),#2054,.T.) ;
#3726=ADVANCED_FACE('Sweep.7',(#3725),#3691,.T.) ;
#3748=ADVANCED_FACE('Sweep.7',(#3747),#3731,.T.) ;
#3787=ADVANCED_FACE('Sweep.8',(#3786),#2599,.F.) ;
#3804=ADVANCED_FACE('Sweep.8',(#3803),#2599,.F.) ;
#3841=ADVANCED_FACE('Sweep.9',(#3840),#2716,.F.) ;
#3858=ADVANCED_FACE('Sweep.9',(#3857),#2716,.F.) ;
#3895=ADVANCED_FACE('Sweep.10',(#3894),#2826,.F.) ;
#3912=ADVANCED_FACE('Sweep.10',(#3911),#2826,.F.) ;
#3949=ADVANCED_FACE('Sweep.11',(#3948),#2936,.T.) ;
#3966=ADVANCED_FACE('Sweep.11',(#3965),#2936,.T.) ;
#4003=ADVANCED_FACE('Sweep.12',(#4002),#3046,.F.) ;
#4020=ADVANCED_FACE('Sweep.12',(#4019),#3046,.F.) ;
#4057=ADVANCED_FACE('Sweep.13',(#4056),#3156,.F.) ;
#4074=ADVANCED_FACE('Sweep.13',(#4073),#3156,.F.) ;
#4111=ADVANCED_FACE('Sweep.14',(#4110),#3266,.F.) ;
#4128=ADVANCED_FACE('Sweep.14',(#4127),#3266,.F.) ;
#4165=ADVANCED_FACE('Sweep.15',(#4164),#3376,.T.) ;
#4182=ADVANCED_FACE('Sweep.15',(#4181),#3376,.T.) ;
#4219=ADVANCED_FACE('Sweep.16',(#4218),#3486,.F.) ;
#4236=ADVANCED_FACE('Sweep.16',(#4235),#3486,.F.) ;
#4273=ADVANCED_FACE('Sweep.17',(#4272),#3582,.T.) ;
#4290=ADVANCED_FACE('Sweep.17',(#4289),#3582,.T.) ;
#4370=ADVANCED_FACE('PartBody',(#4369),#4319,.F.) ;
#4433=ADVANCED_FACE('PartBody',(#4432),#4375,.T.) ;
#4514=ADVANCED_FACE('PartBody',(#4479,#4513),#4438,.T.) ;
#4538=ADVANCED_FACE('PartBody',(#4537),#4519,.F.) ;
#4562=ADVANCED_FACE('PartBody',(#4561),#4543,.F.) ;
#4586=ADVANCED_FACE('PartBody',(#4585),#4567,.F.) ;
#4603=ADVANCED_FACE('PartBody',(#4602),#4591,.T.) ;
#4634=ADVANCED_FACE('PartBody',(#4633),#4608,.T.) ;
#4651=ADVANCED_FACE('PartBody',(#4650),#4639,.T.) ;
#4683=ADVANCED_FACE('PartBody',(#4664,#4682),#4656,.F.) ;
#4700=ADVANCED_FACE('PartBody',(#4699),#4688,.T.) ;
#4712=ADVANCED_FACE('PartBody',(#4711),#4705,.T.) ;
#4836=ADVANCED_FACE('PartBody',(#4801,#4835),#4567,.F.) ;
#4949=ADVANCED_FACE('PartBody',(#4914,#4948),#4841,.T.) ;
#4968=ADVANCED_FACE('PartBody',(#4967),#4519,.F.) ;
#4985=ADVANCED_FACE('PartBody',(#4984),#4973,.F.) ;
#5024=ADVANCED_FACE('PartBody',(#5023),#4990,.T.) ;
#5049=ADVANCED_FACE('PartBody',(#5048),#5029,.T.) ;
#5073=ADVANCED_FACE('PartBody',(#5072),#5054,.F.) ;
#5120=ADVANCED_FACE('PartBody',(#5119),#5078,.F.) ;
#5144=ADVANCED_FACE('PartBody',(#5143),#5125,.F.) ;
#5186=ADVANCED_FACE('PartBody',(#5167,#5185),#5149,.T.) ;
#5203=ADVANCED_FACE('PartBody',(#5202),#5191,.F.) ;
#5220=ADVANCED_FACE('PartBody',(#5219),#5208,.F.) ;
#5284=ADVANCED_FACE('PartBody',(#5249,#5283),#4543,.F.) ;
#5315=ADVANCED_FACE('PartBody',(#5314),#5289,.F.) ;
#5339=ADVANCED_FACE('PartBody',(#5338),#5320,.T.) ;
#5363=ADVANCED_FACE('PartBody',(#5362),#5344,.F.) ;
#5380=ADVANCED_FACE('PartBody',(#5379),#5368,.T.) ;
#5404=ADVANCED_FACE('PartBody',(#5403),#5385,.T.) ;
#5428=ADVANCED_FACE('PartBody',(#5427),#5409,.F.) ;
#5445=ADVANCED_FACE('PartBody',(#5444),#5433,.T.) ;
#5457=ADVANCED_FACE('PartBody',(#5456),#5450,.F.) ;
#5488=ADVANCED_FACE('PartBody',(#5487),#5462,.T.) ;
#5512=ADVANCED_FACE('PartBody',(#5511),#5493,.F.) ;
#5536=ADVANCED_FACE('PartBody',(#5535),#5517,.T.) ;
#5548=ADVANCED_FACE('PartBody',(#5547),#5320,.F.) ;
#5592=ADVANCED_FACE('PartBody',(#5591),#5553,.T.) ;
#5617=ADVANCED_FACE('PartBody',(#5616),#5553,.T.) ;
#5629=ADVANCED_FACE('PartBody',(#5628),#5622,.T.) ;
#5660=ADVANCED_FACE('PartBody',(#5659),#5634,.T.) ;
#5672=ADVANCED_FACE('PartBody',(#5671),#5634,.T.) ;
#5684=ADVANCED_FACE('PartBody',(#5683),#5677,.T.) ;
#5739=ADVANCED_FACE('PartBody',(#5738),#5689,.F.) ;
#5763=ADVANCED_FACE('PartBody',(#5762),#5744,.T.) ;
#5811=ADVANCED_FACE('PartBody',(#5810),#5768,.F.) ;
#5828=ADVANCED_FACE('PartBody',(#5827),#5816,.T.) ;
#5840=ADVANCED_FACE('PartBody',(#5839),#5833,.T.) ;
#5870=ADVANCED_FACE('PartBody',(#5851,#5869),#5845,.T.) ;
#5945=ADVANCED_FACE('PartBody',(#5944),#5875,.T.) ;
#6001=ADVANCED_FACE('PartBody',(#6000),#5875,.T.) ;
#6029=ADVANCED_FACE('PartBody',(#6010,#6028),#6006,.T.) ;
#6051=ADVANCED_FACE('PartBody',(#6050),#6034,.T.) ;
#6063=ADVANCED_FACE('PartBody',(#6062),#6034,.T.) ;
#6070=ADVANCED_FACE('PartBody',(#6069),#6034,.T.) ;
#6082=ADVANCED_FACE('PartBody',(#6081),#6075,.T.) ;
#6129=ADVANCED_FACE('PartBody',(#6128),#6087,.F.) ;
#6150=ADVANCED_FACE('PartBody',(#6149),#6087,.F.) ;
#6214=ADVANCED_FACE('PartBody',(#6213),#6155,.T.) ;
#6236=ADVANCED_FACE('PartBody',(#6235),#6155,.T.) ;
#6267=ADVANCED_FACE('PartBody',(#6266),#6241,.F.) ;
#6279=ADVANCED_FACE('PartBody',(#6278),#6241,.F.) ;
#6323=ADVANCED_FACE('PartBody',(#6322),#6284,.F.) ;
#6348=ADVANCED_FACE('PartBody',(#6347),#6284,.F.) ;
#6391=ADVANCED_FACE('PartBody',(#6390),#6353,.T.) ;
#6434=ADVANCED_FACE('PartBody',(#6433),#6396,.T.) ;
#6458=ADVANCED_FACE('PartBody',(#6457),#6353,.T.) ;
#6482=ADVANCED_FACE('PartBody',(#6481),#6396,.T.) ;
#6487=ADVANCED_FACE('PartBody',(#6486),#5149,.T.) ;
#6565=ADVANCED_FACE('PartBody',(#6564),#6492,.F.) ;
#6621=ADVANCED_FACE('PartBody',(#6620),#6492,.F.) ;
#6652=ADVANCED_FACE('PartBody',(#6651),#6626,.T.) ;
#6683=ADVANCED_FACE('PartBody',(#6682),#6657,.T.) ;
#6695=ADVANCED_FACE('PartBody',(#6694),#6626,.T.) ;
#6707=ADVANCED_FACE('PartBody',(#6706),#6657,.T.) ;
#6771=ADVANCED_FACE('PartBody',(#6770),#6712,.F.) ;
#6793=ADVANCED_FACE('PartBody',(#6792),#6712,.F.) ;
#6856=ADVANCED_FACE('PartBody',(#6855),#6798,.T.) ;
#6919=ADVANCED_FACE('PartBody',(#6918),#6861,.T.) ;
#6951=ADVANCED_FACE('PartBody',(#6950),#6798,.T.) ;
#6983=ADVANCED_FACE('PartBody',(#6982),#6861,.T.) ;
#7026=ADVANCED_FACE('PartBody',(#7025),#6988,.F.) ;
#7069=ADVANCED_FACE('PartBody',(#7068),#7031,.F.) ;
#7093=ADVANCED_FACE('PartBody',(#7092),#6988,.F.) ;
#7117=ADVANCED_FACE('PartBody',(#7116),#7031,.F.) ;
#7173=ADVANCED_FACE('PartBody',(#7172),#7122,.T.) ;
#7213=ADVANCED_FACE('PartBody',(#7212),#7122,.T.) ;
#7244=ADVANCED_FACE('PartBody',(#7243),#7218,.F.) ;
#7275=ADVANCED_FACE('PartBody',(#7274),#7249,.F.) ;
#7287=ADVANCED_FACE('PartBody',(#7286),#7218,.F.) ;
#7299=ADVANCED_FACE('PartBody',(#7298),#7249,.F.) ;
#7413=ADVANCED_FACE('PartBody',(#7412),#7300,.T.) ;
#7521=ADVANCED_FACE('PartBody',(#7520),#7414,.T.) ;
#7572=ADVANCED_FACE('PartBody',(#7571),#7526,.F.) ;
#7626=ADVANCED_FACE('PartBody',(#7625),#7577,.F.) ;
#7658=ADVANCED_FACE('PartBody',(#7657),#7526,.F.) ;
#7693=ADVANCED_FACE('PartBody',(#7692),#7577,.F.) ;
#7717=ADVANCED_FACE('PartBody',(#7716),#7698,.F.) ;
#7726=ADVANCED_FACE('PartBody',(#7725),#7698,.F.) ;
#7903=ADVANCED_FACE('PartBody',(#7902),#7727,.F.) ;
#8070=ADVANCED_FACE('PartBody',(#8069),#7904,.F.) ;
#8093=ADVANCED_FACE('PartBody',(#8092),#8075,.T.) ;
#8101=ADVANCED_FACE('PartBody',(#8100),#8075,.T.) ;
#8125=ADVANCED_FACE('PartBody',(#8124),#8106,.F.) ;
#8134=ADVANCED_FACE('PartBody',(#8133),#8106,.F.) ;
#8178=ADVANCED_FACE('PartBody',(#8177),#8143,.T.) ;
#8195=ADVANCED_FACE('PartBody',(#8194),#8143,.T.) ;
#8234=ADVANCED_FACE('PartBody',(#8233),#8200,.F.) ;
#8254=ADVANCED_FACE('PartBody',(#8253),#8200,.F.) ;
#8293=ADVANCED_FACE('PartBody',(#8292),#8259,.T.) ;
#8317=ADVANCED_FACE('PartBody',(#8316),#8298,.F.) ;
#8337=ADVANCED_FACE('PartBody',(#8336),#8259,.T.) ;
#8346=ADVANCED_FACE('PartBody',(#8345),#8298,.F.) ;
#8442=ADVANCED_FACE('Trim.1',(#8441),#6712,.T.) ;
#8511=ADVANCED_FACE('Trim.1',(#8510),#6712,.T.) ;
#8538=ADVANCED_FACE('Trim.1',(#8537),#6492,.T.) ;
#8551=ADVANCED_FACE('Trim.1',(#8550),#6492,.T.) ;
#8595=ADVANCED_FACE('Sweep.5',(#8594),#8560,.T.) ;
#8617=ADVANCED_FACE('Sweep.5',(#8616),#8600,.T.) ;
#8654=ADVANCED_FACE('Sweep.6',(#8653),#6284,.F.) ;
#8671=ADVANCED_FACE('Sweep.6',(#8670),#6284,.F.) ;
#8713=ADVANCED_FACE('Sweep.7',(#8712),#8678,.F.) ;
#8730=ADVANCED_FACE('Sweep.7',(#8729),#8678,.F.) ;
#8772=ADVANCED_FACE('Sweep.8',(#8771),#8737,.F.) ;
#8789=ADVANCED_FACE('Sweep.8',(#8788),#8737,.F.) ;
#8826=ADVANCED_FACE('Sweep.9',(#8825),#6988,.T.) ;
#8843=ADVANCED_FACE('Sweep.9',(#8842),#6988,.T.) ;
#8880=ADVANCED_FACE('Sweep.11',(#8879),#7577,.T.) ;
#8897=ADVANCED_FACE('Sweep.11',(#8896),#7577,.T.) ;
#8934=ADVANCED_FACE('Sweep.12',(#8933),#7249,.T.) ;
#8951=ADVANCED_FACE('Sweep.12',(#8950),#7249,.T.) ;
#8988=ADVANCED_FACE('Sweep.13',(#8987),#7031,.T.) ;
#9005=ADVANCED_FACE('Sweep.13',(#9004),#7031,.T.) ;
#9047=ADVANCED_FACE('Sweep.14',(#9046),#9012,.T.) ;
#9064=ADVANCED_FACE('Sweep.14',(#9063),#9012,.T.) ;
#9101=ADVANCED_FACE('Sweep.15',(#9100),#7526,.T.) ;
#9118=ADVANCED_FACE('Sweep.15',(#9117),#7526,.T.) ;
#9155=ADVANCED_FACE('Sweep.16',(#9154),#7218,.F.) ;
#9172=ADVANCED_FACE('Sweep.16',(#9171),#7218,.F.) ;
#9209=ADVANCED_FACE('Sweep.17',(#9208),#8298,.F.) ;
#9226=ADVANCED_FACE('Sweep.17',(#9225),#8298,.F.) ;
#9263=ADVANCED_FACE('Revolute.3',(#9262),#7698,.F.) ;
#9280=ADVANCED_FACE('Revolute.3',(#9279),#7698,.F.) ;
#9317=ADVANCED_FACE('Revolute.4',(#9316),#8106,.F.) ;
#9334=ADVANCED_FACE('Revolute.4',(#9333),#8106,.F.) ;
#9398=ADVANCED_FACE('PartBody',(#9397),#9363,.T.) ;
#9415=ADVANCED_FACE('PartBody',(#9414),#9363,.T.) ;
#9659=ADVANCED_FACE('PartBody',(#9424,#9442,#9460,#9478,#9496,#9514,#9532,#9550,#9568,#9586,#9604,#9622,#9640,#9658),#9420,.T.) ;
#9690=ADVANCED_FACE('PartBody',(#9689),#9664,.F.) ;
#9702=ADVANCED_FACE('PartBody',(#9701),#9664,.F.) ;
#9733=ADVANCED_FACE('PartBody',(#9732),#9707,.F.) ;
#9745=ADVANCED_FACE('PartBody',(#9744),#9707,.F.) ;
#9776=ADVANCED_FACE('PartBody',(#9775),#9750,.F.) ;
#9788=ADVANCED_FACE('PartBody',(#9787),#9750,.F.) ;
#9819=ADVANCED_FACE('PartBody',(#9818),#9793,.F.) ;
#9831=ADVANCED_FACE('PartBody',(#9830),#9793,.F.) ;
#9862=ADVANCED_FACE('PartBody',(#9861),#9836,.F.) ;
#9874=ADVANCED_FACE('PartBody',(#9873),#9836,.F.) ;
#9905=ADVANCED_FACE('PartBody',(#9904),#9879,.F.) ;
#9917=ADVANCED_FACE('PartBody',(#9916),#9879,.F.) ;
#9948=ADVANCED_FACE('PartBody',(#9947),#9922,.F.) ;
#9960=ADVANCED_FACE('PartBody',(#9959),#9922,.F.) ;
#9991=ADVANCED_FACE('PartBody',(#9990),#9965,.F.) ;
#10003=ADVANCED_FACE('PartBody',(#10002),#9965,.F.) ;
#10034=ADVANCED_FACE('PartBody',(#10033),#10008,.F.) ;
#10046=ADVANCED_FACE('PartBody',(#10045),#10008,.F.) ;
#10077=ADVANCED_FACE('PartBody',(#10076),#10051,.F.) ;
#10089=ADVANCED_FACE('PartBody',(#10088),#10051,.F.) ;
#10120=ADVANCED_FACE('PartBody',(#10119),#10094,.F.) ;
#10132=ADVANCED_FACE('PartBody',(#10131),#10094,.F.) ;
#10163=ADVANCED_FACE('PartBody',(#10162),#10137,.F.) ;
#10175=ADVANCED_FACE('PartBody',(#10174),#10137,.F.) ;
#10199=ADVANCED_FACE('PartBody',(#10198),#10180,.T.) ;
#10230=ADVANCED_FACE('PartBody',(#10229),#10204,.F.) ;
#10242=ADVANCED_FACE('PartBody',(#10241),#10204,.F.) ;
#10273=ADVANCED_FACE('PartBody',(#10272),#10247,.F.) ;
#10285=ADVANCED_FACE('PartBody',(#10284),#10247,.F.) ;
#10316=ADVANCED_FACE('PartBody',(#10315),#10290,.F.) ;
#10328=ADVANCED_FACE('PartBody',(#10327),#10290,.F.) ;
#10368=ADVANCED_FACE('PartBody',(#10367),#10333,.T.) ;
#10385=ADVANCED_FACE('PartBody',(#10384),#10333,.T.) ;
#10407=ADVANCED_FACE('PartBody',(#10406),#10390,.T.) ;
#10438=ADVANCED_FACE('PartBody',(#10437),#10412,.T.) ;
#10450=ADVANCED_FACE('PartBody',(#10449),#10412,.T.) ;
#10457=ADVANCED_FACE('PartBody',(#10456),#10390,.T.) ;
#10496=ADVANCED_FACE('PartBody',(#10491,#10495),#10180,.T.) ;
#10559=ADVANCED_FACE('PartBody',(#10558),#10501,.F.) ;
#10606=ADVANCED_FACE('PartBody',(#10605),#10564,.F.) ;
#10630=ADVANCED_FACE('PartBody',(#10629),#10611,.T.) ;
#10647=ADVANCED_FACE('PartBody',(#10646),#10635,.F.) ;
#10671=ADVANCED_FACE('PartBody',(#10670),#10652,.T.) ;
#10695=ADVANCED_FACE('PartBody',(#10694),#10676,.T.) ;
#10712=ADVANCED_FACE('PartBody',(#10711),#10700,.T.) ;
#10724=ADVANCED_FACE('PartBody',(#10723),#10717,.T.) ;
#10736=ADVANCED_FACE('PartBody',(#10735),#10729,.T.) ;
#10798=ADVANCED_FACE('PartBody',(#10745,#10749,#10753,#10757,#10761,#10765,#10769,#10773,#10777,#10781,#10785,#10789,#10793,#10797),#10741,.F.) ;
#10815=ADVANCED_FACE('Sweep.2',(#10814),#10290,.T.) ;
#10827=ADVANCED_FACE('Sweep.2',(#10826),#10290,.T.) ;
#10834=ADVANCED_FACE('Sweep.2',(#10833),#10247,.T.) ;
#10841=ADVANCED_FACE('Sweep.2',(#10840),#10247,.T.) ;
#10867=ADVANCED_FACE('Sweep.2',(#10866),#10204,.T.) ;
#10879=ADVANCED_FACE('Sweep.2',(#10878),#10204,.T.) ;
#4=APPLICATION_PROTOCOL_DEFINITION('international standard','config_control_design',1994,#1) ;
#35=APPROVAL_DATE_TIME(#13,#24) ;
#2495=B_SPLINE_CURVE_WITH_KNOTS('',5,(#2496,#2497,#2498,#2499,#2500,#2501,#2502,#2503,#2504,#2505,#2506,#2507,#2508,#2509,#2510),.UNSPECIFIED.,.F.,.U.,(6,3,3,3,6),(0.,58.9509302001,117.902500789,176.854071375,233.514132665),.UNSPECIFIED.) ;
#2527=B_SPLINE_CURVE_WITH_KNOTS('',5,(#2528,#2529,#2530,#2531,#2532,#2533,#2534,#2535,#2536,#2537,#2538,#2539,#2540,#2541,#2542),.UNSPECIFIED.,.F.,.U.,(6,3,3,3,6),(233.514132665,292.46506287,351.416633455,410.36820404,467.028266426),.UNSPECIFIED.) ;
#2607=B_SPLINE_CURVE_WITH_KNOTS('',5,(#2608,#2609,#2610,#2611,#2612,#2613,#2614,#2615,#2616,#2617,#2618,#2619,#2620,#2621,#2622),.UNSPECIFIED.,.F.,.U.,(6,3,3,3,6),(222.142975139,280.960797468,339.779274271,398.59775108,444.285950724),.UNSPECIFIED.) ;
#2639=B_SPLINE_CURVE_WITH_KNOTS('',5,(#2640,#2641,#2642,#2643,#2644,#2645,#2646,#2647,#2648,#2649,#2650,#2651,#2652,#2653,#2654),.UNSPECIFIED.,.F.,.U.,(6,3,3,3,6),(0.,58.8178223274,117.636299131,176.454775938,222.142975139),.UNSPECIFIED.) ;
#2767=B_SPLINE_CURVE_WITH_KNOTS('',5,(#2768,#2769,#2770,#2771,#2772,#2773,#2774,#2775,#2776,#2777,#2778,#2779,#2780,#2781,#2782),.UNSPECIFIED.,.F.,.U.,(6,3,3,3,6),(0.,58.9509301988,117.902500782,176.854071367,233.514132655),.UNSPECIFIED.) ;
#2798=B_SPLINE_CURVE_WITH_KNOTS('',5,(#2799,#2800,#2801,#2802,#2803,#2804,#2805,#2806,#2807,#2808,#2809,#2810,#2811,#2812,#2813),.UNSPECIFIED.,.F.,.U.,(6,3,3,3,6),(233.514132655,292.465062875,351.416633462,410.368204046,467.02826642),.UNSPECIFIED.) ;
#2834=B_SPLINE_CURVE_WITH_KNOTS('',5,(#2835,#2836,#2837,#2838,#2839,#2840,#2841,#2842,#2843,#2844,#2845,#2846,#2847,#2848,#2849),.UNSPECIFIED.,.F.,.U.,(6,3,3,3,6),(222.142975154,280.960797508,339.779274316,398.597751118,444.285950734),.UNSPECIFIED.) ;
#2865=B_SPLINE_CURVE_WITH_KNOTS('',5,(#2866,#2867,#2868,#2869,#2870,#2871,#2872,#2873,#2874,#2875,#2876,#2877,#2878,#2879,#2880),.UNSPECIFIED.,.F.,.U.,(6,3,3,3,6),(0.,58.8178223319,117.636299143,176.454775956,222.142975154),.UNSPECIFIED.) ;
#2987=B_SPLINE_CURVE_WITH_KNOTS('',5,(#2988,#2989,#2990,#2991,#2992,#2993,#2994,#2995,#2996,#2997,#2998,#2999,#3000,#3001,#3002),.UNSPECIFIED.,.F.,.U.,(6,3,3,3,6),(0.,58.9509302008,117.902500788,176.854071377,233.51413267),.UNSPECIFIED.) ;
#3018=B_SPLINE_CURVE_WITH_KNOTS('',5,(#3019,#3020,#3021,#3022,#3023,#3024,#3025,#3026,#3027,#3028,#3029,#3030,#3031,#3032,#3033),.UNSPECIFIED.,.F.,.U.,(6,3,3,3,6),(233.51413267,292.465062874,351.416633468,410.368204053,467.028266442),.UNSPECIFIED.) ;
#3054=B_SPLINE_CURVE_WITH_KNOTS('',5,(#3055,#3056,#3057,#3058,#3059,#3060,#3061,#3062,#3063,#3064,#3065,#3066,#3067,#3068,#3069),.UNSPECIFIED.,.F.,.U.,(6,3,3,3,6),(222.142975126,280.960797461,339.779274265,398.597751071,444.285950708),.UNSPECIFIED.) ;
#3085=B_SPLINE_CURVE_WITH_KNOTS('',5,(#3086,#3087,#3088,#3089,#3090,#3091,#3092,#3093,#3094,#3095,#3096,#3097,#3098,#3099,#3100),.UNSPECIFIED.,.F.,.U.,(6,3,3,3,6),(0.,58.8178223268,117.636299129,176.454775931,222.142975126),.UNSPECIFIED.) ;
#3214=B_SPLINE_CURVE_WITH_KNOTS('',5,(#3215,#3216,#3217,#3218,#3219,#3220,#3221,#3222,#3223,#3224,#3225,#3226,#3227,#3228,#3229),.UNSPECIFIED.,.F.,.U.,(6,3,3,3,6),(233.514132675,292.465062864,351.416633453,410.368204046,467.028266451),.UNSPECIFIED.) ;
#3238=B_SPLINE_CURVE_WITH_KNOTS('',5,(#3239,#3240,#3241,#3242,#3243,#3244,#3245,#3246,#3247,#3248,#3249,#3250,#3251,#3252,#3253),.UNSPECIFIED.,.F.,.U.,(6,3,3,3,6),(0.,58.9509302102,117.902500793,176.854071383,233.514132675),.UNSPECIFIED.) ;
#3281=B_SPLINE_CURVE_WITH_KNOTS('',5,(#3282,#3283,#3284,#3285,#3286,#3287,#3288,#3289,#3290,#3291,#3292,#3293,#3294,#3295,#3296),.UNSPECIFIED.,.F.,.U.,(6,3,3,3,6),(0.,58.8178223548,117.636299158,176.454775959,222.142975143),.UNSPECIFIED.) ;
#3305=B_SPLINE_CURVE_WITH_KNOTS('',5,(#3306,#3307,#3308,#3309,#3310,#3311,#3312,#3313,#3314,#3315,#3316,#3317,#3318,#3319,#3320),.UNSPECIFIED.,.F.,.U.,(6,3,3,3,6),(222.142975143,280.960797468,339.779274272,398.597751074,444.285950723),.UNSPECIFIED.) ;
#3427=B_SPLINE_CURVE_WITH_KNOTS('',5,(#3428,#3429,#3430,#3431,#3432,#3433,#3434,#3435,#3436,#3437,#3438,#3439,#3440,#3441,#3442),.UNSPECIFIED.,.F.,.U.,(6,3,3,3,6),(0.,58.9509301988,117.902500782,176.854071367,233.514132655),.UNSPECIFIED.) ;
#3458=B_SPLINE_CURVE_WITH_KNOTS('',5,(#3459,#3460,#3461,#3462,#3463,#3464,#3465,#3466,#3467,#3468,#3469,#3470,#3471,#3472,#3473),.UNSPECIFIED.,.F.,.U.,(6,3,3,3,6),(233.514132655,292.465062875,351.416633462,410.368204046,467.02826642),.UNSPECIFIED.) ;
#3494=B_SPLINE_CURVE_WITH_KNOTS('',5,(#3495,#3496,#3497,#3498,#3499,#3500,#3501,#3502,#3503,#3504,#3505,#3506,#3507,#3508,#3509),.UNSPECIFIED.,.F.,.U.,(6,3,3,3,6),(222.142975154,280.960797508,339.779274316,398.597751118,444.285950734),.UNSPECIFIED.) ;
#3525=B_SPLINE_CURVE_WITH_KNOTS('',5,(#3526,#3527,#3528,#3529,#3530,#3531,#3532,#3533,#3534,#3535,#3536,#3537,#3538,#3539,#3540),.UNSPECIFIED.,.F.,.U.,(6,3,3,3,6),(0.,58.8178223319,117.636299143,176.454775956,222.142975154),.UNSPECIFIED.) ;
#5561=B_SPLINE_CURVE_WITH_KNOTS('',5,(#5562,#5563,#5564,#5565,#5566,#5567,#5568,#5569,#5570,#5571,#5572,#5573,#5574,#5575,#5576),.UNSPECIFIED.,.F.,.U.,(6,3,3,3,6),(0.,58.9509301997,117.902500792,176.85407138,233.514132669),.UNSPECIFIED.) ;
#5593=B_SPLINE_CURVE_WITH_KNOTS('',5,(#5594,#5595,#5596,#5597,#5598,#5599,#5600,#5601,#5602,#5603,#5604,#5605,#5606,#5607,#5608),.UNSPECIFIED.,.F.,.U.,(6,3,3,3,6),(233.514132669,292.465062874,351.416633458,410.36820405,467.028266435),.UNSPECIFIED.) ;
#5883=B_SPLINE_CURVE_WITH_KNOTS('',5,(#5884,#5885,#5886,#5887,#5888,#5889,#5890,#5891,#5892,#5893,#5894,#5895,#5896,#5897,#5898,#5899,#5900,#5901,#5902,#5903,#5904),.UNSPECIFIED.,.F.,.U.,(6,3,3,3,3,3,6),(0.,18.5880162006,46.1970933988,93.5353707843,126.391586586,134.078827631,141.766068676),.UNSPECIFIED.) ;
#5908=B_SPLINE_CURVE_WITH_KNOTS('',5,(#5909,#5910,#5911,#5912,#5913,#5914,#5915,#5916,#5917,#5918,#5919,#5920,#5921,#5922,#5923,#5924,#5925,#5926,#5927,#5928,#5929),.UNSPECIFIED.,.F.,.U.,(6,3,3,3,3,3,6),(420.246546996,429.336914847,438.427282699,479.497677305,520.143852421,544.94134989,558.401432492),.UNSPECIFIED.) ;
#5946=B_SPLINE_CURVE_WITH_KNOTS('',5,(#5947,#5948,#5949,#5950,#5951,#5952,#5953,#5954,#5955,#5956,#5957,#5958,#5959,#5960,#5961,#5962,#5963,#5964,#5965,#5966,#5967),.UNSPECIFIED.,.F.,.U.,(6,3,3,3,3,3,6),(0.,18.5880161988,46.1970933941,93.5353707812,126.391586573,134.078990175,141.766393777),.UNSPECIFIED.) ;
#5971=B_SPLINE_CURVE_WITH_KNOTS('',5,(#5972,#5973,#5974,#5975,#5976,#5977,#5978,#5979,#5980,#5981,#5982,#5983,#5984,#5985,#5986,#5987,#5988,#5989,#5990,#5991,#5992),.UNSPECIFIED.,.F.,.U.,(6,3,3,3,3,3,6),(0.,18.5880162018,46.1970934008,93.5353707897,126.391586595,134.078827682,141.766068769),.UNSPECIFIED.) ;
#6292=B_SPLINE_CURVE_WITH_KNOTS('',5,(#6293,#6294,#6295,#6296,#6297,#6298,#6299,#6300,#6301,#6302,#6303,#6304,#6305,#6306,#6307),.UNSPECIFIED.,.F.,.U.,(6,3,3,3,6),(222.142975139,280.960797475,339.779274274,398.597751079,444.285950722),.UNSPECIFIED.) ;
#6324=B_SPLINE_CURVE_WITH_KNOTS('',5,(#6325,#6326,#6327,#6328,#6329,#6330,#6331,#6332,#6333,#6334,#6335,#6336,#6337,#6338,#6339),.UNSPECIFIED.,.F.,.U.,(6,3,3,3,6),(0.,58.8178223283,117.636299132,176.45477594,222.142975139),.UNSPECIFIED.) ;
#6361=B_SPLINE_CURVE_WITH_KNOTS('',5,(#6362,#6363,#6364,#6365,#6366,#6367,#6368,#6369,#6370,#6371,#6372,#6373,#6374,#6375,#6376),.UNSPECIFIED.,.F.,.U.,(6,3,3,3,6),(0.,58.950930215,117.902500801,176.854071386,233.514132665),.UNSPECIFIED.) ;
#6397=B_SPLINE_CURVE_WITH_KNOTS('',5,(#6398,#6399,#6400,#6401,#6402,#6403,#6404,#6405,#6406,#6407,#6408,#6409,#6410,#6411,#6412),.UNSPECIFIED.,.F.,.U.,(6,3,3,3,6),(233.514132666,292.465062862,351.416633456,410.368204045,467.028266433),.UNSPECIFIED.) ;
#6435=B_SPLINE_CURVE_WITH_KNOTS('',5,(#6436,#6437,#6438,#6439,#6440,#6441,#6442,#6443,#6444,#6445,#6446,#6447,#6448,#6449,#6450),.UNSPECIFIED.,.F.,.U.,(6,3,3,3,6),(233.514132665,292.465062877,351.416633464,410.368204054,467.028266432),.UNSPECIFIED.) ;
#6459=B_SPLINE_CURVE_WITH_KNOTS('',5,(#6460,#6461,#6462,#6463,#6464,#6465,#6466,#6467,#6468,#6469,#6470,#6471,#6472,#6473,#6474),.UNSPECIFIED.,.F.,.U.,(6,3,3,3,6),(0.,58.9509301997,117.902500788,176.854071373,233.514132666),.UNSPECIFIED.) ;
#6500=B_SPLINE_CURVE_WITH_KNOTS('',5,(#6501,#6502,#6503,#6504,#6505,#6506,#6507,#6508,#6509,#6510,#6511,#6512,#6513,#6514,#6515,#6516,#6517,#6518,#6519,#6520,#6521,#6522,#6523,#6524),.UNSPECIFIED.,.F.,.U.,(6,3,3,3,3,3,3,6),(0.,4.18129948899,8.36259897798,15.3440003184,58.4353345016,99.027892053,124.334933179,136.421266481),.UNSPECIFIED.) ;
#6528=B_SPLINE_CURVE_WITH_KNOTS('',5,(#6529,#6530,#6531,#6532,#6533,#6534,#6535,#6536,#6537,#6538,#6539,#6540,#6541,#6542,#6543,#6544,#6545,#6546,#6547,#6548,#6549),.UNSPECIFIED.,.F.,.U.,(6,3,3,3,3,3,6),(0.,4.36441439376,8.72882878752,16.0130496599,64.3420373901,102.695965389,136.490452207),.UNSPECIFIED.) ;
#6566=B_SPLINE_CURVE_WITH_KNOTS('',5,(#6567,#6568,#6569,#6570,#6571,#6572,#6573,#6574,#6575,#6576,#6577,#6578,#6579,#6580,#6581,#6582,#6583,#6584,#6585,#6586,#6587),.UNSPECIFIED.,.F.,.U.,(6,3,3,3,3,3,6),(0.,4.36388697663,8.72777395327,16.0119948257,64.3409825612,102.694910559,136.489397378),.UNSPECIFIED.) ;
#6591=B_SPLINE_CURVE_WITH_KNOTS('',5,(#6592,#6593,#6594,#6595,#6596,#6597,#6598,#6599,#6600,#6601,#6602,#6603,#6604,#6605,#6606,#6607,#6608,#6609,#6610,#6611,#6612),.UNSPECIFIED.,.F.,.U.,(6,3,3,3,3,3,6),(0.,4.3644143939,8.72882878779,16.0130496602,64.3420373933,102.695965391,136.49045221),.UNSPECIFIED.) ;
#6813=B_SPLINE_CURVE_WITH_KNOTS('',5,(#6814,#6815,#6816,#6817,#6818,#6819,#6820,#6821,#6822,#6823,#6824,#6825,#6826,#6827,#6828),.UNSPECIFIED.,.F.,.U.,(6,3,3,3,6),(0.,40.5151358482,81.0302716963,121.545407544,162.060543393),.UNSPECIFIED.) ;
#6832=B_SPLINE_CURVE_WITH_KNOTS('',5,(#6833,#6834,#6835,#6836,#6837,#6838,#6839,#6840,#6841,#6842,#6843,#6844,#6845,#6846,#6847),.UNSPECIFIED.,.F.,.U.,(6,3,3,3,6),(0.,21.2907577811,42.5815155622,74.8932022746,85.1630311244),.UNSPECIFIED.) ;
#6876=B_SPLINE_CURVE_WITH_KNOTS('',5,(#6877,#6878,#6879,#6880,#6881,#6882,#6883,#6884,#6885,#6886,#6887,#6888,#6889,#6890,#6891),.UNSPECIFIED.,.F.,.U.,(6,3,3,3,6),(0.,21.2907298412,42.5814596825,74.8930905149,85.162919365),.UNSPECIFIED.) ;
#6895=B_SPLINE_CURVE_WITH_KNOTS('',5,(#6896,#6897,#6898,#6899,#6900,#6901,#6902,#6903,#6904,#6905,#6906,#6907,#6908,#6909,#6910),.UNSPECIFIED.,.F.,.U.,(6,3,3,3,6),(0.,40.5151738548,81.0303477097,121.545521565,162.060695419),.UNSPECIFIED.) ;
#6920=B_SPLINE_CURVE_WITH_KNOTS('',5,(#6921,#6922,#6923,#6924,#6925,#6926,#6927,#6928,#6929,#6930,#6931,#6932),.UNSPECIFIED.,.F.,.U.,(6,3,3,6),(0.,50.2905241209,100.581048242,165.744648759),.UNSPECIFIED.) ;
#6936=B_SPLINE_CURVE_WITH_KNOTS('',5,(#6937,#6938,#6939,#6940,#6941,#6942),.UNSPECIFIED.,.F.,.U.,(6,6),(0.,85.705491209),.UNSPECIFIED.) ;
#6952=B_SPLINE_CURVE_WITH_KNOTS('',5,(#6953,#6954,#6955,#6956,#6957,#6958),.UNSPECIFIED.,.F.,.U.,(6,6),(0.,85.7054912083),.UNSPECIFIED.) ;
#6962=B_SPLINE_CURVE_WITH_KNOTS('',5,(#6963,#6964,#6965,#6966,#6967,#6968,#6969,#6970,#6971,#6972,#6973,#6974),.UNSPECIFIED.,.F.,.U.,(6,3,3,6),(0.,50.2905241209,100.581048242,165.744648759),.UNSPECIFIED.) ;
#6996=B_SPLINE_CURVE_WITH_KNOTS('',5,(#6997,#6998,#6999,#7000,#7001,#7002,#7003,#7004,#7005,#7006,#7007,#7008,#7009,#7010,#7011),.UNSPECIFIED.,.F.,.U.,(6,3,3,3,6),(222.142975143,280.96079748,339.779274285,398.597751087,444.28595072),.UNSPECIFIED.) ;
#7032=B_SPLINE_CURVE_WITH_KNOTS('',5,(#7033,#7034,#7035,#7036,#7037,#7038,#7039,#7040,#7041,#7042,#7043,#7044,#7045,#7046,#7047),.UNSPECIFIED.,.F.,.U.,(6,3,3,3,6),(0.,58.817822329,117.636299131,176.454775934,222.142975131),.UNSPECIFIED.) ;
#7070=B_SPLINE_CURVE_WITH_KNOTS('',5,(#7071,#7072,#7073,#7074,#7075,#7076,#7077,#7078,#7079,#7080,#7081,#7082,#7083,#7084,#7085),.UNSPECIFIED.,.F.,.U.,(6,3,3,3,6),(0.,58.817822338,117.636299145,176.454775947,222.142975143),.UNSPECIFIED.) ;
#7094=B_SPLINE_CURVE_WITH_KNOTS('',5,(#7095,#7096,#7097,#7098,#7099,#7100,#7101,#7102,#7103,#7104,#7105,#7106,#7107,#7108,#7109),.UNSPECIFIED.,.F.,.U.,(6,3,3,3,6),(222.142975131,280.960797465,339.779274266,398.597751065,444.285950698),.UNSPECIFIED.) ;
#7130=B_SPLINE_CURVE_WITH_KNOTS('',5,(#7131,#7132,#7133,#7134,#7135,#7136,#7137,#7138,#7139,#7140,#7141,#7142,#7143,#7144,#7145,#7146,#7147,#7148,#7149,#7150,#7151,#7152,#7153,#7154,#7155,#7156,#7157),.UNSPECIFIED.,.F.,.U.,(6,3,3,3,3,3,3,3,6),(0.,17.7460474179,35.4920948358,53.2381422537,70.9841896717,119.7449362,168.505682728,209.82428146,251.142880192),.UNSPECIFIED.) ;
#7174=B_SPLINE_CURVE_WITH_KNOTS('',5,(#7175,#7176,#7177,#7178,#7179,#7180,#7181,#7182,#7183,#7184,#7185,#7186,#7187,#7188,#7189,#7190,#7191,#7192,#7193,#7194,#7195,#7196,#7197,#7198,#7199,#7200,#7201,#7202,#7203,#7204),.UNSPECIFIED.,.F.,.U.,(6,3,3,3,3,3,3,3,3,6),(251.142880192,306.679471192,348.331914442,389.984357692,413.735749618,425.611445581,437.487141544,449.362837507,461.23853347,484.989925395),.UNSPECIFIED.) ;
#7361=B_SPLINE_CURVE_WITH_KNOTS('',1,(#7362,#7363),.UNSPECIFIED.,.F.,.U.,(2,2),(8.95305678556E-007,5.00000095488),.UNSPECIFIED.) ;
#7367=B_SPLINE_CURVE_WITH_KNOTS('',5,(#7368,#7369,#7370,#7371,#7372,#7373),.UNSPECIFIED.,.F.,.U.,(6,6),(156.201589855,250.847507845),.UNSPECIFIED.) ;
#7377=B_SPLINE_CURVE_WITH_KNOTS('',5,(#7378,#7379,#7380,#7381,#7382,#7383,#7384,#7385,#7386,#7387,#7388,#7389,#7390,#7391,#7392,#7393,#7394,#7395,#7396,#7397,#7398),.UNSPECIFIED.,.F.,.U.,(6,3,3,3,3,3,6),(5.98786380332E-013,17.6722043305,35.3444086611,53.0166129916,70.6888173222,119.449563849,156.201589855),.UNSPECIFIED.) ;
#7402=B_SPLINE_CURVE_WITH_KNOTS('',1,(#7403,#7404),.UNSPECIFIED.,.F.,.U.,(2,2),(4.23669168381E-014,5.),.UNSPECIFIED.) ;
#7475=B_SPLINE_CURVE_WITH_KNOTS('',5,(#7476,#7477,#7478,#7479,#7480,#7481,#7482,#7483,#7484,#7485,#7486,#7487,#7488,#7489,#7490),.UNSPECIFIED.,.F.,.U.,(6,3,3,3,6),(423.997119735,439.772720992,455.548322249,471.323923506,487.099524763),.UNSPECIFIED.) ;
#7494=B_SPLINE_CURVE_WITH_KNOTS('',5,(#7495,#7496,#7497,#7498,#7499,#7500,#7501,#7502,#7503,#7504,#7505,#7506,#7507,#7508,#7509,#7510,#7511,#7512),.UNSPECIFIED.,.F.,.U.,(6,3,3,3,3,6),(250.847507845,306.384098845,348.036542095,389.688985345,406.843052122,423.997118898),.UNSPECIFIED.) ;
#7527=B_SPLINE_CURVE_WITH_KNOTS('',5,(#7528,#7529,#7530,#7531,#7532,#7533),.UNSPECIFIED.,.F.,.U.,(6,6),(146.42658186,222.142975131),.UNSPECIFIED.) ;
#7539=B_SPLINE_CURVE_WITH_KNOTS('',5,(#7540,#7541,#7542,#7543,#7544,#7545,#7546,#7547,#7548,#7549,#7550,#7551),.UNSPECIFIED.,.F.,.U.,(6,3,3,6),(0.,58.8178223243,88.2270607258,146.42658186),.UNSPECIFIED.) ;
#7578=B_SPLINE_CURVE_WITH_KNOTS('',5,(#7579,#7580,#7581,#7582,#7583,#7584,#7585,#7586,#7587,#7588,#7589,#7590,#7591,#7592,#7593),.UNSPECIFIED.,.F.,.U.,(6,3,3,3,6),(75.7162961717,117.636299131,147.045537532,176.454775934,222.142975131),.UNSPECIFIED.) ;
#7599=B_SPLINE_CURVE_WITH_KNOTS('',5,(#7600,#7601,#7602,#7603,#7604,#7605),.UNSPECIFIED.,.F.,.U.,(6,6),(0.,75.7162961338),.UNSPECIFIED.) ;
#7627=B_SPLINE_CURVE_WITH_KNOTS('',5,(#7628,#7629,#7630,#7631,#7632,#7633),.UNSPECIFIED.,.F.,.U.,(6,6),(368.569556999,444.285949359),.UNSPECIFIED.) ;
#7637=B_SPLINE_CURVE_WITH_KNOTS('',5,(#7638,#7639,#7640,#7641,#7642,#7643,#7644,#7645,#7646,#7647,#7648,#7649),.UNSPECIFIED.,.F.,.U.,(6,3,3,6),(222.142976169,280.960797475,310.370035879,368.569556999),.UNSPECIFIED.) ;
#7659=B_SPLINE_CURVE_WITH_KNOTS('',5,(#7660,#7661,#7662,#7663,#7664,#7665,#7666,#7667,#7668,#7669,#7670,#7671,#7672,#7673,#7674),.UNSPECIFIED.,.F.,.U.,(6,3,3,3,6),(297.859271303,339.779274266,369.188512667,398.597751065,444.285950698),.UNSPECIFIED.) ;
#7678=B_SPLINE_CURVE_WITH_KNOTS('',5,(#7679,#7680,#7681,#7682,#7683,#7684),.UNSPECIFIED.,.F.,.U.,(6,6),(222.142975131,297.859271265),.UNSPECIFIED.) ;
#7788=B_SPLINE_CURVE_WITH_KNOTS('',5,(#7789,#7790,#7791,#7792,#7793,#7794,#7795,#7796,#7797,#7798,#7799,#7800,#7801,#7802,#7803,#7804,#7805,#7806,#7807,#7808,#7809,#7810,#7811,#7812,#7813,#7814,#7815,#7816,#7817,#7818,#7819,#7820,#7821,#7822,#7823,#7824),.UNSPECIFIED.,.F.,.U.,(6,3,3,3,3,3,3,3,3,3,3,6),(214.875419733,270.412010733,312.064453983,353.716897233,362.619983604,371.523069975,380.426156347,389.329242718,398.232329089,407.13541546,416.038501831,424.941588203),.UNSPECIFIED.) ;
#7830=B_SPLINE_CURVE_WITH_KNOTS('',1,(#7831,#7832),.UNSPECIFIED.,.F.,.U.,(2,2),(-5.06457586173E-015,5.),.UNSPECIFIED.) ;
#7836=B_SPLINE_CURVE_WITH_KNOTS('',5,(#7837,#7838,#7839,#7840,#7841,#7842,#7843,#7844,#7845,#7846,#7847,#7848,#7849,#7850,#7851,#7852,#7853,#7854,#7855,#7856,#7857,#7858,#7859,#7860,#7861,#7862,#7863,#7864,#7865,#7866),.UNSPECIFIED.,.F.,.U.,(6,3,3,3,3,3,3,3,3,6),(284.110696512,328.306255919,337.611844212,346.917432504,356.223020797,365.528609089,374.834197382,384.139785674,393.445373967,402.750962259),.UNSPECIFIED.) ;
#7870=B_SPLINE_CURVE_WITH_KNOTS('',5,(#7871,#7872,#7873,#7874,#7875,#7876,#7877,#7878,#7879,#7880,#7881,#7882,#7883,#7884,#7885,#7886,#7887,#7888),.UNSPECIFIED.,.F.,.U.,(6,3,3,3,3,6),(214.421692656,222.066611847,229.711531038,237.356450228,245.001369419,284.110696512),.UNSPECIFIED.) ;
#7892=B_SPLINE_CURVE_WITH_KNOTS('',1,(#7893,#7894),.UNSPECIFIED.,.F.,.U.,(2,2),(8.95305559172E-007,5.00000095488),.UNSPECIFIED.) ;
#7965=B_SPLINE_CURVE_WITH_KNOTS('',5,(#7966,#7967,#7968,#7969,#7970,#7971,#7972,#7973,#7974,#7975,#7976,#7977,#7978,#7979,#7980,#7981,#7982,#7983,#7984,#7985,#7986,#7987,#7988,#7989,#7990,#7991,#7992,#7993,#7994,#7995),.UNSPECIFIED.,.F.,.U.,(6,3,3,3,3,3,3,3,3,6),(63.5922052226,72.1162414263,80.64027763,89.1643138337,97.6883500374,106.212386241,114.736422445,131.784494852,173.103093754,214.421692656),.UNSPECIFIED.) ;
#7999=B_SPLINE_CURVE_WITH_KNOTS('',5,(#8000,#8001,#8002,#8003,#8004,#8005,#8006,#8007,#8008,#8009,#8010,#8011,#8012,#8013,#8014),.UNSPECIFIED.,.F.,.U.,(6,3,3,3,6),(0.,15.8980513057,31.7961026113,47.694153917,63.5922052226),.UNSPECIFIED.) ;
#8016=B_SPLINE_CURVE_WITH_KNOTS('',5,(#8017,#8018,#8019,#8020,#8021,#8022,#8023,#8024,#8025,#8026,#8027,#8028,#8029,#8030,#8031,#8032,#8033,#8034,#8035,#8036,#8037,#8038,#8039,#8040,#8041,#8042,#8043,#8044,#8045,#8046,#8047,#8048,#8049,#8050,#8051,#8052,#8053,#8054,#8055,#8056,#8057,#8058,#8059,#8060,#8061),.UNSPECIFIED.,.F.,.U.,(6,3,3,3,3,3,3,3,3,3,3,3,3,3,6),(0.,16.9026612161,25.3539918241,33.8053224321,42.2566530401,50.7079836482,67.6106448642,83.7675391288,91.8459862611,99.9244333933,108.002880526,116.081327658,132.238221922,173.556820828,214.875419733),.UNSPECIFIED.) ;
#8387=B_SPLINE_CURVE_WITH_KNOTS('',5,(#8388,#8389,#8390,#8391,#8392,#8393,#8394,#8395,#8396,#8397,#8398,#8399,#8400,#8401,#8402,#8403,#8404,#8405,#8406,#8407,#8408),.UNSPECIFIED.,.F.,.U.,(6,3,3,3,3,3,6),(0.,4.36388697663,8.72777395327,16.0119948257,64.3409825612,102.694910559,136.489397378),.UNSPECIFIED.) ;
#8410=B_SPLINE_CURVE_WITH_KNOTS('',5,(#8411,#8412,#8413,#8414,#8415,#8416,#8417,#8418,#8419,#8420,#8421,#8422,#8423,#8424,#8425,#8426,#8427,#8428,#8429,#8430,#8431),.UNSPECIFIED.,.F.,.U.,(6,3,3,3,3,3,6),(0.,4.3644143939,8.72882878779,16.0130496602,64.3420373933,102.695965391,136.49045221),.UNSPECIFIED.) ;
#8453=B_SPLINE_CURVE_WITH_KNOTS('',5,(#8454,#8455,#8456,#8457,#8458,#8459,#8460,#8461,#8462,#8463,#8464,#8465,#8466,#8467,#8468,#8469,#8470,#8471,#8472,#8473,#8474,#8475,#8476,#8477),.UNSPECIFIED.,.F.,.U.,(6,3,3,3,3,3,3,6),(0.,4.18129948899,8.36259897798,15.3440003184,58.4353345016,99.027892053,124.334933179,136.421266481),.UNSPECIFIED.) ;
#8479=B_SPLINE_CURVE_WITH_KNOTS('',5,(#8480,#8481,#8482,#8483,#8484,#8485,#8486,#8487,#8488,#8489,#8490,#8491,#8492,#8493,#8494,#8495,#8496,#8497,#8498,#8499,#8500),.UNSPECIFIED.,.F.,.U.,(6,3,3,3,3,3,6),(0.,4.36441439376,8.72882878752,16.0130496599,64.3420373901,102.695965389,136.490452207),.UNSPECIFIED.) ;
#7300=B_SPLINE_SURFACE_WITH_KNOTS('',5,1,((#7301,#7302),(#7303,#7304),(#7305,#7306),(#7307,#7308),(#7309,#7310),(#7311,#7312),(#7313,#7314),(#7315,#7316),(#7317,#7318),(#7319,#7320),(#7321,#7322),(#7323,#7324),(#7325,#7326),(#7327,#7328),(#7329,#7330),(#7331,#7332),(#7333,#7334),(#7335,#7336),(#7337,#7338),(#7339,#7340),(#7341,#7342),(#7343,#7344),(#7345,#7346),(#7347,#7348),(#7349,#7350),(#7351,#7352),(#7353,#7354),(#7355,#7356),(#7357,#7358),(#7359,#7360)),.UNSPECIFIED.,.F.,.F.,.U.,(6,3,3,3,3,3,3,3,3,6),(2,2),(196.349540932,216.385208283,240.428009203,264.470810124,288.513611044,312.556411964,336.599212885,360.642013805,384.684814725,392.699081699),(-7.69766662747E-006,5.00000855222),.UNSPECIFIED.) ;
#7414=B_SPLINE_SURFACE_WITH_KNOTS('',5,1,((#7415,#7416),(#7417,#7418),(#7419,#7420),(#7421,#7422),(#7423,#7424),(#7425,#7426),(#7427,#7428),(#7429,#7430),(#7431,#7432),(#7433,#7434),(#7435,#7436),(#7437,#7438),(#7439,#7440),(#7441,#7442),(#7443,#7444),(#7445,#7446),(#7447,#7448),(#7449,#7450),(#7451,#7452),(#7453,#7454),(#7455,#7456),(#7457,#7458),(#7459,#7460),(#7461,#7462),(#7463,#7464),(#7465,#7466),(#7467,#7468),(#7469,#7470),(#7471,#7472),(#7473,#7474)),.UNSPECIFIED.,.F.,.F.,.U.,(6,3,3,3,3,3,3,3,3,6),(2,2),(0.,24.0428009203,48.0856018407,72.128402761,96.1712036813,120.214004602,144.256805522,168.299606442,192.342407363,196.349540932),(-5.84991337415E-006,5.00001345925),.UNSPECIFIED.) ;
#7727=B_SPLINE_SURFACE_WITH_KNOTS('',5,1,((#7728,#7729),(#7730,#7731),(#7732,#7733),(#7734,#7735),(#7736,#7737),(#7738,#7739),(#7740,#7741),(#7742,#7743),(#7744,#7745),(#7746,#7747),(#7748,#7749),(#7750,#7751),(#7752,#7753),(#7754,#7755),(#7756,#7757),(#7758,#7759),(#7760,#7761),(#7762,#7763),(#7764,#7765),(#7766,#7767),(#7768,#7769),(#7770,#7771),(#7772,#7773),(#7774,#7775),(#7776,#7777),(#7778,#7779),(#7780,#7781),(#7782,#7783),(#7784,#7785),(#7786,#7787)),.UNSPECIFIED.,.F.,.F.,.U.,(6,3,3,3,3,3,3,3,3,6),(2,2),(192.902821626,216.385208283,240.428009203,264.470810124,288.513611044,312.556411964,336.599212885,360.642013805,384.684814725,392.699081699),(-6.03072508954E-006,5.00001531581),.UNSPECIFIED.) ;
#7904=B_SPLINE_SURFACE_WITH_KNOTS('',5,1,((#7905,#7906),(#7907,#7908),(#7909,#7910),(#7911,#7912),(#7913,#7914),(#7915,#7916),(#7917,#7918),(#7919,#7920),(#7921,#7922),(#7923,#7924),(#7925,#7926),(#7927,#7928),(#7929,#7930),(#7931,#7932),(#7933,#7934),(#7935,#7936),(#7937,#7938),(#7939,#7940),(#7941,#7942),(#7943,#7944),(#7945,#7946),(#7947,#7948),(#7949,#7950),(#7951,#7952),(#7953,#7954),(#7955,#7956),(#7957,#7958),(#7959,#7960),(#7961,#7962),(#7963,#7964)),.UNSPECIFIED.,.F.,.F.,.U.,(6,3,3,3,3,3,3,3,3,6),(2,2),(0.,24.0428009203,48.0856018407,72.128402761,96.1712036813,120.214004602,144.256805522,168.299606442,192.342407363,196.349540932),(-5.43552424379E-006,5.00001584234),.UNSPECIFIED.) ;
#3678=MANIFOLD_SOLID_BREP('PartBody',#62) ;
#8135=MANIFOLD_SOLID_BREP('PartBody.1',#4314) ;
#8347=MANIFOLD_SOLID_BREP('PartBody.2',#8138) ;
#10799=MANIFOLD_SOLID_BREP('PartBody',#9358) ;
#11=CALENDAR_DATE(2026,7,8) ;
#33=CC_DESIGN_APPROVAL(#24,(#19,#6,#17)) ;
#21=CC_DESIGN_DATE_AND_TIME_ASSIGNMENT(#13,#20,(#19)) ;
#32=CC_DESIGN_DATE_AND_TIME_ASSIGNMENT(#13,#31,(#17)) ;
#20=DATE_TIME_ROLE('classification_date') ;
#31=DATE_TIME_ROLE('creation_date') ;
#30=CC_DESIGN_PERSON_AND_ORGANIZATION_ASSIGNMENT(#28,#29,(#19)) ;
#36=CC_DESIGN_PERSON_AND_ORGANIZATION_ASSIGNMENT(#28,#37,(#6)) ;
#38=CC_DESIGN_PERSON_AND_ORGANIZATION_ASSIGNMENT(#28,#39,(#6,#17)) ;
#40=CC_DESIGN_PERSON_AND_ORGANIZATION_ASSIGNMENT(#28,#41,(#5)) ;
#29=PERSON_AND_ORGANIZATION_ROLE('classification_officer') ;
#37=PERSON_AND_ORGANIZATION_ROLE('design_supplier') ;
#39=PERSON_AND_ORGANIZATION_ROLE('creator') ;
#41=PERSON_AND_ORGANIZATION_ROLE('design_owner') ;
#42=CC_DESIGN_SECURITY_CLASSIFICATION(#19,(#6,#4291,#9335,#10882)) ;
#60=DOCUMENT('1','floor2_R150.CATPart','CATPart document',#59) ;
#4312=DOCUMENT('2','floor1_R150.CATPart','CATPart document',#4311) ;
#9356=DOCUMENT('3','aisle_R150.CATPart','CATPart document',#9355) ;
#59=DOCUMENT_TYPE('') ;
#4311=DOCUMENT_TYPE('') ;
#9355=DOCUMENT_TYPE('') ;
#71=CIRCLE('generated circle',#70,70.) ;
#87=CIRCLE('generated circle',#86,70.) ;
#106=CIRCLE('generated circle',#105,70.) ;
#111=CIRCLE('generated circle',#110,70.) ;
#132=CIRCLE('generated circle',#131,55.) ;
#141=CIRCLE('generated circle',#140,55.) ;
#150=CIRCLE('generated circle',#149,5.) ;
#159=CIRCLE('generated circle',#158,5.) ;
#168=CIRCLE('generated circle',#167,5.) ;
#177=CIRCLE('generated circle',#176,5.) ;
#186=CIRCLE('generated circle',#185,5.) ;
#195=CIRCLE('generated circle',#194,5.) ;
#204=CIRCLE('generated circle',#203,5.) ;
#213=CIRCLE('generated circle',#212,5.) ;
#222=CIRCLE('generated circle',#221,5.) ;
#231=CIRCLE('generated circle',#230,5.) ;
#240=CIRCLE('generated circle',#239,5.) ;
#249=CIRCLE('generated circle',#248,5.) ;
#258=CIRCLE('generated circle',#257,5.) ;
#267=CIRCLE('generated circle',#266,5.) ;
#276=CIRCLE('generated circle',#275,5.) ;
#285=CIRCLE('generated circle',#284,5.) ;
#294=CIRCLE('generated circle',#293,5.) ;
#303=CIRCLE('generated circle',#302,5.) ;
#312=CIRCLE('generated circle',#311,5.) ;
#321=CIRCLE('generated circle',#320,5.) ;
#330=CIRCLE('generated circle',#329,5.) ;
#339=CIRCLE('generated circle',#338,5.) ;
#348=CIRCLE('generated circle',#347,5.) ;
#357=CIRCLE('generated circle',#356,5.) ;
#379=CIRCLE('generated circle',#378,5.) ;
#398=CIRCLE('generated circle',#397,5.) ;
#422=CIRCLE('generated circle',#421,5.) ;
#441=CIRCLE('generated circle',#440,5.) ;
#465=CIRCLE('generated circle',#464,5.) ;
#484=CIRCLE('generated circle',#483,5.) ;
#508=CIRCLE('generated circle',#507,5.) ;
#527=CIRCLE('generated circle',#526,5.) ;
#551=CIRCLE('generated circle',#550,5.) ;
#570=CIRCLE('generated circle',#569,5.) ;
#594=CIRCLE('generated circle',#593,5.) ;
#613=CIRCLE('generated circle',#612,5.) ;
#637=CIRCLE('generated circle',#636,5.) ;
#656=CIRCLE('generated circle',#655,5.) ;
#680=CIRCLE('generated circle',#679,5.) ;
#699=CIRCLE('generated circle',#698,5.) ;
#723=CIRCLE('generated circle',#722,5.) ;
#742=CIRCLE('generated circle',#741,5.) ;
#766=CIRCLE('generated circle',#765,5.) ;
#785=CIRCLE('generated circle',#784,5.) ;
#809=CIRCLE('generated circle',#808,5.) ;
#828=CIRCLE('generated circle',#827,5.) ;
#852=CIRCLE('generated circle',#851,5.) ;
#871=CIRCLE('generated circle',#870,5.) ;
#928=CIRCLE('generated circle',#927,100.) ;
#937=CIRCLE('generated circle',#936,100.) ;
#944=CIRCLE('generated circle',#943,100.) ;
#1087=CIRCLE('generated circle',#1086,100.) ;
#1094=CIRCLE('generated circle',#1093,100.) ;
#1101=CIRCLE('generated circle',#1100,100.) ;
#1705=CIRCLE('generated circle',#1704,135.) ;
#1714=CIRCLE('generated circle',#1713,135.) ;
#2034=CIRCLE('generated circle',#2033,55.) ;
#2043=CIRCLE('generated circle',#2042,55.) ;
#2212=CIRCLE('generated circle',#2211,135.) ;
#2224=CIRCLE('generated circle',#2223,135.) ;
#2259=CIRCLE('generated circle',#2258,50.) ;
#2268=CIRCLE('generated circle',#2267,50.) ;
#2326=CIRCLE('generated circle',#2325,55.) ;
#2333=CIRCLE('generated circle',#2332,55.) ;
#2358=CIRCLE('generated circle',#2357,55.) ;
#2365=CIRCLE('generated circle',#2364,55.) ;
#2399=CIRCLE('generated circle',#2398,120.) ;
#2408=CIRCLE('generated circle',#2407,120.) ;
#2430=CIRCLE('generated circle',#2429,50.) ;
#2437=CIRCLE('generated circle',#2436,50.) ;
#2465=CIRCLE('generated circle',#2464,50.) ;
#2472=CIRCLE('generated circle',#2471,50.) ;
#2491=CIRCLE('generated circle',#2490,150.) ;
#2517=CIRCLE('generated circle',#2516,150.) ;
#2567=CIRCLE('generated circle',#2566,120.) ;
#2586=CIRCLE('generated circle',#2585,120.) ;
#2603=CIRCLE('generated circle',#2602,150.) ;
#2629=CIRCLE('generated circle',#2628,150.) ;
#2679=CIRCLE('generated circle',#2678,55.) ;
#2698=CIRCLE('generated circle',#2697,55.) ;
#2727=CIRCLE('generated circle',#2726,50.) ;
#2746=CIRCLE('generated circle',#2745,50.) ;
#2763=CIRCLE('generated circle',#2762,205.) ;
#2789=CIRCLE('generated circle',#2788,95.) ;
#2830=CIRCLE('generated circle',#2829,200.) ;
#2856=CIRCLE('generated circle',#2855,100.) ;
#2897=CIRCLE('generated circle',#2896,55.) ;
#2923=CIRCLE('generated circle',#2922,55.) ;
#2940=CIRCLE('generated circle',#2939,50.) ;
#2966=CIRCLE('generated circle',#2965,50.) ;
#2983=CIRCLE('generated circle',#2982,95.) ;
#3009=CIRCLE('generated circle',#3008,205.) ;
#3050=CIRCLE('generated circle',#3049,100.) ;
#3076=CIRCLE('generated circle',#3075,200.) ;
#3124=CIRCLE('generated circle',#3123,55.) ;
#3143=CIRCLE('generated circle',#3142,55.) ;
#3167=CIRCLE('generated circle',#3166,50.) ;
#3186=CIRCLE('generated circle',#3185,50.) ;
#3203=CIRCLE('generated circle',#3202,205.) ;
#3210=CIRCLE('generated circle',#3209,95.) ;
#3270=CIRCLE('generated circle',#3269,200.) ;
#3277=CIRCLE('generated circle',#3276,100.) ;
#3344=CIRCLE('generated circle',#3343,55.) ;
#3363=CIRCLE('generated circle',#3362,55.) ;
#3387=CIRCLE('generated circle',#3386,50.) ;
#3406=CIRCLE('generated circle',#3405,50.) ;
#3423=CIRCLE('generated circle',#3422,205.) ;
#3449=CIRCLE('generated circle',#3448,95.) ;
#3490=CIRCLE('generated circle',#3489,200.) ;
#3516=CIRCLE('generated circle',#3515,100.) ;
#3586=CIRCLE('generated circle',#3585,50.) ;
#3612=CIRCLE('generated circle',#3611,50.) ;
#3704=CIRCLE('generated circle',#3703,50.) ;
#3718=CIRCLE('generated circle',#3717,50.) ;
#3735=CIRCLE('generated circle',#3734,50.) ;
#3740=CIRCLE('generated circle',#3739,50.) ;
#3756=CIRCLE('generated circle',#3755,150.) ;
#3765=CIRCLE('generated circle',#3764,50.) ;
#3772=CIRCLE('generated circle',#3771,150.) ;
#3779=CIRCLE('generated circle',#3778,50.) ;
#3791=CIRCLE('generated circle',#3790,50.) ;
#3796=CIRCLE('generated circle',#3795,50.) ;
#3819=CIRCLE('generated circle',#3818,50.) ;
#3833=CIRCLE('generated circle',#3832,50.) ;
#3845=CIRCLE('generated circle',#3844,50.) ;
#3850=CIRCLE('generated circle',#3849,50.) ;
#3864=CIRCLE('generated circle',#3863,100.) ;
#3873=CIRCLE('generated circle',#3872,50.) ;
#3880=CIRCLE('generated circle',#3879,200.) ;
#3887=CIRCLE('generated circle',#3886,50.) ;
#3899=CIRCLE('generated circle',#3898,50.) ;
#3904=CIRCLE('generated circle',#3903,50.) ;
#3927=CIRCLE('generated circle',#3926,50.) ;
#3941=CIRCLE('generated circle',#3940,50.) ;
#3953=CIRCLE('generated circle',#3952,50.) ;
#3958=CIRCLE('generated circle',#3957,50.) ;
#3972=CIRCLE('generated circle',#3971,200.) ;
#3981=CIRCLE('generated circle',#3980,50.) ;
#3988=CIRCLE('generated circle',#3987,100.) ;
#3995=CIRCLE('generated circle',#3994,50.) ;
#4007=CIRCLE('generated circle',#4006,50.) ;
#4012=CIRCLE('generated circle',#4011,50.) ;
#4035=CIRCLE('generated circle',#4034,50.) ;
#4049=CIRCLE('generated circle',#4048,50.) ;
#4061=CIRCLE('generated circle',#4060,50.) ;
#4066=CIRCLE('generated circle',#4065,50.) ;
#4080=CIRCLE('generated circle',#4079,100.) ;
#4089=CIRCLE('generated circle',#4088,50.) ;
#4096=CIRCLE('generated circle',#4095,200.) ;
#4103=CIRCLE('generated circle',#4102,50.) ;
#4115=CIRCLE('generated circle',#4114,50.) ;
#4120=CIRCLE('generated circle',#4119,50.) ;
#4143=CIRCLE('generated circle',#4142,50.) ;
#4157=CIRCLE('generated circle',#4156,50.) ;
#4169=CIRCLE('generated circle',#4168,50.) ;
#4174=CIRCLE('generated circle',#4173,50.) ;
#4188=CIRCLE('generated circle',#4187,100.) ;
#4197=CIRCLE('generated circle',#4196,50.) ;
#4204=CIRCLE('generated circle',#4203,200.) ;
#4211=CIRCLE('generated circle',#4210,50.) ;
#4223=CIRCLE('generated circle',#4222,50.) ;
#4228=CIRCLE('generated circle',#4227,50.) ;
#4251=CIRCLE('generated circle',#4250,50.) ;
#4265=CIRCLE('generated circle',#4264,50.) ;
#4277=CIRCLE('generated circle',#4276,50.) ;
#4282=CIRCLE('generated circle',#4281,50.) ;
#4668=CIRCLE('generated circle',#4667,55.) ;
#4677=CIRCLE('generated circle',#4676,55.) ;
#5001=CIRCLE('generated circle',#5000,55.) ;
#5008=CIRCLE('generated circle',#5007,55.) ;
#5033=CIRCLE('generated circle',#5032,55.) ;
#5040=CIRCLE('generated circle',#5039,55.) ;
#5171=CIRCLE('generated circle',#5170,135.) ;
#5180=CIRCLE('generated circle',#5179,135.) ;
#5557=CIRCLE('generated circle',#5556,150.) ;
#5583=CIRCLE('generated circle',#5582,150.) ;
#5652=CIRCLE('generated circle',#5651,135.) ;
#5664=CIRCLE('generated circle',#5663,135.) ;
#5714=CIRCLE('generated circle',#5713,100.) ;
#5721=CIRCLE('generated circle',#5720,100.) ;
#5728=CIRCLE('generated circle',#5727,100.) ;
#5772=CIRCLE('generated circle',#5771,100.) ;
#5781=CIRCLE('generated circle',#5780,100.) ;
#5788=CIRCLE('generated circle',#5787,100.) ;
#5855=CIRCLE('generated circle',#5854,50.) ;
#5864=CIRCLE('generated circle',#5863,50.) ;
#6014=CIRCLE('generated circle',#6013,120.) ;
#6023=CIRCLE('generated circle',#6022,120.) ;
#6098=CIRCLE('generated circle',#6097,50.) ;
#6105=CIRCLE('generated circle',#6104,50.) ;
#6133=CIRCLE('generated circle',#6132,50.) ;
#6140=CIRCLE('generated circle',#6139,50.) ;
#6180=CIRCLE('generated circle',#6179,55.) ;
#6194=CIRCLE('generated circle',#6193,55.) ;
#6218=CIRCLE('generated circle',#6217,55.) ;
#6223=CIRCLE('generated circle',#6222,55.) ;
#6252=CIRCLE('generated circle',#6251,120.) ;
#6271=CIRCLE('generated circle',#6270,120.) ;
#6288=CIRCLE('generated circle',#6287,150.) ;
#6314=CIRCLE('generated circle',#6313,150.) ;
#6357=CIRCLE('generated circle',#6356,205.) ;
#6383=CIRCLE('generated circle',#6382,95.) ;
#6421=CIRCLE('generated circle',#6420,205.) ;
#6426=CIRCLE('generated circle',#6425,95.) ;
#6637=CIRCLE('generated circle',#6636,55.) ;
#6661=CIRCLE('generated circle',#6660,55.) ;
#6687=CIRCLE('generated circle',#6686,55.) ;
#6699=CIRCLE('generated circle',#6698,55.) ;
#6716=CIRCLE('generated circle',#6715,50.) ;
#6751=CIRCLE('generated circle',#6750,50.) ;
#6775=CIRCLE('generated circle',#6774,50.) ;
#6780=CIRCLE('generated circle',#6779,50.) ;
#6802=CIRCLE('generated circle',#6801,95.) ;
#6809=CIRCLE('generated circle',#6808,205.) ;
#6865=CIRCLE('generated circle',#6864,205.) ;
#6872=CIRCLE('generated circle',#6871,95.) ;
#6992=CIRCLE('generated circle',#6991,200.) ;
#7018=CIRCLE('generated circle',#7017,100.) ;
#7056=CIRCLE('generated circle',#7055,200.) ;
#7061=CIRCLE('generated circle',#7060,100.) ;
#7229=CIRCLE('generated circle',#7228,50.) ;
#7253=CIRCLE('generated circle',#7252,50.) ;
#7279=CIRCLE('generated circle',#7278,50.) ;
#7291=CIRCLE('generated circle',#7290,50.) ;
#7558=CIRCLE('generated circle',#7557,100.) ;
#7563=CIRCLE('generated circle',#7562,200.) ;
#7612=CIRCLE('generated circle',#7611,200.) ;
#7617=CIRCLE('generated circle',#7616,100.) ;
#8147=CIRCLE('generated circle',#8146,80.) ;
#8163=CIRCLE('generated circle',#8162,80.) ;
#8182=CIRCLE('generated circle',#8181,80.) ;
#8187=CIRCLE('generated circle',#8186,80.) ;
#8218=CIRCLE('generated circle',#8217,75.) ;
#8225=CIRCLE('generated circle',#8224,75.) ;
#8238=CIRCLE('generated circle',#8237,75.) ;
#8245=CIRCLE('generated circle',#8244,75.) ;
#8263=CIRCLE('generated circle',#8262,75.) ;
#8272=CIRCLE('generated circle',#8271,75.) ;
#8321=CIRCLE('generated circle',#8320,75.) ;
#8328=CIRCLE('generated circle',#8327,75.) ;
#8362=CIRCLE('generated circle',#8361,50.) ;
#8376=CIRCLE('generated circle',#8375,50.) ;
#8446=CIRCLE('generated circle',#8445,50.) ;
#8451=CIRCLE('generated circle',#8450,50.) ;
#8522=CIRCLE('generated circle',#8521,50.) ;
#8542=CIRCLE('generated circle',#8541,50.) ;
#8573=CIRCLE('generated circle',#8572,50.) ;
#8587=CIRCLE('generated circle',#8586,50.) ;
#8604=CIRCLE('generated circle',#8603,50.) ;
#8609=CIRCLE('generated circle',#8608,50.) ;
#8623=CIRCLE('generated circle',#8622,150.) ;
#8632=CIRCLE('generated circle',#8631,50.) ;
#8639=CIRCLE('generated circle',#8638,150.) ;
#8646=CIRCLE('generated circle',#8645,50.) ;
#8658=CIRCLE('generated circle',#8657,50.) ;
#8663=CIRCLE('generated circle',#8662,50.) ;
#8691=CIRCLE('generated circle',#8690,50.) ;
#8705=CIRCLE('generated circle',#8704,50.) ;
#8717=CIRCLE('generated circle',#8716,50.) ;
#8722=CIRCLE('generated circle',#8721,50.) ;
#8750=CIRCLE('generated circle',#8749,50.) ;
#8764=CIRCLE('generated circle',#8763,50.) ;
#8776=CIRCLE('generated circle',#8775,50.) ;
#8781=CIRCLE('generated circle',#8780,50.) ;
#8795=CIRCLE('generated circle',#8794,200.) ;
#8804=CIRCLE('generated circle',#8803,50.) ;
#8811=CIRCLE('generated circle',#8810,100.) ;
#8818=CIRCLE('generated circle',#8817,50.) ;
#8830=CIRCLE('generated circle',#8829,50.) ;
#8835=CIRCLE('generated circle',#8834,50.) ;
#8849=CIRCLE('generated circle',#8848,200.) ;
#8858=CIRCLE('generated circle',#8857,50.) ;
#8865=CIRCLE('generated circle',#8864,100.) ;
#8872=CIRCLE('generated circle',#8871,50.) ;
#8884=CIRCLE('generated circle',#8883,50.) ;
#8889=CIRCLE('generated circle',#8888,50.) ;
#8912=CIRCLE('generated circle',#8911,50.) ;
#8926=CIRCLE('generated circle',#8925,50.) ;
#8938=CIRCLE('generated circle',#8937,50.) ;
#8943=CIRCLE('generated circle',#8942,50.) ;
#8957=CIRCLE('generated circle',#8956,200.) ;
#8966=CIRCLE('generated circle',#8965,50.) ;
#8973=CIRCLE('generated circle',#8972,100.) ;
#8980=CIRCLE('generated circle',#8979,50.) ;
#8992=CIRCLE('generated circle',#8991,50.) ;
#8997=CIRCLE('generated circle',#8996,50.) ;
#9025=CIRCLE('generated circle',#9024,50.) ;
#9039=CIRCLE('generated circle',#9038,50.) ;
#9051=CIRCLE('generated circle',#9050,50.) ;
#9056=CIRCLE('generated circle',#9055,50.) ;
#9070=CIRCLE('generated circle',#9069,100.) ;
#9079=CIRCLE('generated circle',#9078,50.) ;
#9086=CIRCLE('generated circle',#9085,200.) ;
#9093=CIRCLE('generated circle',#9092,50.) ;
#9105=CIRCLE('generated circle',#9104,50.) ;
#9110=CIRCLE('generated circle',#9109,50.) ;
#9133=CIRCLE('generated circle',#9132,50.) ;
#9147=CIRCLE('generated circle',#9146,50.) ;
#9159=CIRCLE('generated circle',#9158,50.) ;
#9164=CIRCLE('generated circle',#9163,50.) ;
#9187=CIRCLE('generated circle',#9186,75.) ;
#9201=CIRCLE('generated circle',#9200,75.) ;
#9213=CIRCLE('generated circle',#9212,75.) ;
#9218=CIRCLE('generated circle',#9217,75.) ;
#9232=CIRCLE('generated circle',#9231,75.) ;
#9248=CIRCLE('generated circle',#9247,50.) ;
#9267=CIRCLE('generated circle',#9266,75.) ;
#9272=CIRCLE('generated circle',#9271,50.) ;
#9286=CIRCLE('generated circle',#9285,50.) ;
#9302=CIRCLE('generated circle',#9301,75.) ;
#9321=CIRCLE('generated circle',#9320,50.) ;
#9326=CIRCLE('generated circle',#9325,75.) ;
#9376=CIRCLE('generated circle',#9375,70.) ;
#9390=CIRCLE('generated circle',#9389,70.) ;
#9402=CIRCLE('generated circle',#9401,70.) ;
#9407=CIRCLE('generated circle',#9406,70.) ;
#9428=CIRCLE('generated circle',#9427,55.) ;
#9437=CIRCLE('generated circle',#9436,55.) ;
#9446=CIRCLE('generated circle',#9445,5.) ;
#9455=CIRCLE('generated circle',#9454,5.) ;
#9464=CIRCLE('generated circle',#9463,5.) ;
#9473=CIRCLE('generated circle',#9472,5.) ;
#9482=CIRCLE('generated circle',#9481,5.) ;
#9491=CIRCLE('generated circle',#9490,5.) ;
#9500=CIRCLE('generated circle',#9499,5.) ;
#9509=CIRCLE('generated circle',#9508,5.) ;
#9518=CIRCLE('generated circle',#9517,5.) ;
#9527=CIRCLE('generated circle',#9526,5.) ;
#9536=CIRCLE('generated circle',#9535,5.) ;
#9545=CIRCLE('generated circle',#9544,5.) ;
#9554=CIRCLE('generated circle',#9553,5.) ;
#9563=CIRCLE('generated circle',#9562,5.) ;
#9572=CIRCLE('generated circle',#9571,5.) ;
#9581=CIRCLE('generated circle',#9580,5.) ;
#9590=CIRCLE('generated circle',#9589,5.) ;
#9599=CIRCLE('generated circle',#9598,5.) ;
#9608=CIRCLE('generated circle',#9607,5.) ;
#9617=CIRCLE('generated circle',#9616,5.) ;
#9626=CIRCLE('generated circle',#9625,5.) ;
#9635=CIRCLE('generated circle',#9634,5.) ;
#9644=CIRCLE('generated circle',#9643,5.) ;
#9653=CIRCLE('generated circle',#9652,5.) ;
#9675=CIRCLE('generated circle',#9674,5.) ;
#9694=CIRCLE('generated circle',#9693,5.) ;
#9718=CIRCLE('generated circle',#9717,5.) ;
#9737=CIRCLE('generated circle',#9736,5.) ;
#9761=CIRCLE('generated circle',#9760,5.) ;
#9780=CIRCLE('generated circle',#9779,5.) ;
#9804=CIRCLE('generated circle',#9803,5.) ;
#9823=CIRCLE('generated circle',#9822,5.) ;
#9847=CIRCLE('generated circle',#9846,5.) ;
#9866=CIRCLE('generated circle',#9865,5.) ;
#9890=CIRCLE('generated circle',#9889,5.) ;
#9909=CIRCLE('generated circle',#9908,5.) ;
#9933=CIRCLE('generated circle',#9932,5.) ;
#9952=CIRCLE('generated circle',#9951,5.) ;
#9976=CIRCLE('generated circle',#9975,5.) ;
#9995=CIRCLE('generated circle',#9994,5.) ;
#10019=CIRCLE('generated circle',#10018,5.) ;
#10038=CIRCLE('generated circle',#10037,5.) ;
#10062=CIRCLE('generated circle',#10061,5.) ;
#10081=CIRCLE('generated circle',#10080,5.) ;
#10105=CIRCLE('generated circle',#10104,5.) ;
#10124=CIRCLE('generated circle',#10123,5.) ;
#10148=CIRCLE('generated circle',#10147,5.) ;
#10167=CIRCLE('generated circle',#10166,5.) ;
#10184=CIRCLE('generated circle',#10183,50.) ;
#10193=CIRCLE('generated circle',#10192,50.) ;
#10215=CIRCLE('generated circle',#10214,50.) ;
#10234=CIRCLE('generated circle',#10233,50.) ;
#10251=CIRCLE('generated circle',#10250,150.) ;
#10258=CIRCLE('generated circle',#10257,50.) ;
#10265=CIRCLE('generated circle',#10264,150.) ;
#10277=CIRCLE('generated circle',#10276,50.) ;
#10301=CIRCLE('generated circle',#10300,50.) ;
#10320=CIRCLE('generated circle',#10319,50.) ;
#10337=CIRCLE('generated circle',#10336,150.) ;
#10346=CIRCLE('generated circle',#10345,55.) ;
#10353=CIRCLE('generated circle',#10352,150.) ;
#10360=CIRCLE('generated circle',#10359,55.) ;
#10372=CIRCLE('generated circle',#10371,55.) ;
#10377=CIRCLE('generated circle',#10376,55.) ;
#10430=CIRCLE('generated circle',#10429,55.) ;
#10442=CIRCLE('generated circle',#10441,55.) ;
#10807=CIRCLE('generated circle',#10806,50.) ;
#10819=CIRCLE('generated circle',#10818,50.) ;
#10859=CIRCLE('generated circle',#10858,50.) ;
#10871=CIRCLE('generated circle',#10870,50.) ;
#7122=CONICAL_SURFACE('Cone',#7121,54.9902628861,0.062418809996) ;
#7698=CONICAL_SURFACE('Cone',#7697,50.,0.062418809996) ;
#8075=CONICAL_SURFACE('Cone',#8074,54.9902628861,0.062418809996) ;
#8106=CONICAL_SURFACE('Cone',#8105,50.,0.062418809996) ;
#4293=CONTEXT_DEPENDENT_SHAPE_REPRESENTATION(#4294,#4292) ;
#9337=CONTEXT_DEPENDENT_SHAPE_REPRESENTATION(#9338,#9336) ;
#10884=CONTEXT_DEPENDENT_SHAPE_REPRESENTATION(#10885,#10883) ;
#3680=SHAPE_REPRESENTATION_RELATIONSHIP(' ',' ',#54,#3679) ;
#3684=SHAPE_REPRESENTATION_RELATIONSHIP(' ',' ',#54,#3682) ;
#3750=SHAPE_REPRESENTATION_RELATIONSHIP(' ',' ',#54,#3749) ;
#8137=SHAPE_REPRESENTATION_RELATIONSHIP(' ',' ',#4306,#8136) ;
#8553=SHAPE_REPRESENTATION_RELATIONSHIP(' ',' ',#4306,#8552) ;
#10801=SHAPE_REPRESENTATION_RELATIONSHIP(' ',' ',#9350,#10800) ;
#10881=SHAPE_REPRESENTATION_RELATIONSHIP(' ',' ',#9350,#10880) ;
#67=CYLINDRICAL_SURFACE('generated cylinder',#66,70.) ;
#368=CYLINDRICAL_SURFACE('generated cylinder',#367,5.) ;
#411=CYLINDRICAL_SURFACE('generated cylinder',#410,5.) ;
#454=CYLINDRICAL_SURFACE('generated cylinder',#453,5.) ;
#497=CYLINDRICAL_SURFACE('generated cylinder',#496,5.) ;
#540=CYLINDRICAL_SURFACE('generated cylinder',#539,5.) ;
#583=CYLINDRICAL_SURFACE('generated cylinder',#582,5.) ;
#626=CYLINDRICAL_SURFACE('generated cylinder',#625,5.) ;
#669=CYLINDRICAL_SURFACE('generated cylinder',#668,5.) ;
#712=CYLINDRICAL_SURFACE('generated cylinder',#711,5.) ;
#755=CYLINDRICAL_SURFACE('generated cylinder',#754,5.) ;
#798=CYLINDRICAL_SURFACE('generated cylinder',#797,5.) ;
#841=CYLINDRICAL_SURFACE('generated cylinder',#840,5.) ;
#1151=CYLINDRICAL_SURFACE('generated cylinder',#1150,100.) ;
#2194=CYLINDRICAL_SURFACE('generated cylinder',#2193,135.) ;
#2315=CYLINDRICAL_SURFACE('generated cylinder',#2314,55.) ;
#2354=CYLINDRICAL_SURFACE('generated cylinder',#2353,55.) ;
#2419=CYLINDRICAL_SURFACE('generated cylinder',#2418,50.) ;
#2556=CYLINDRICAL_SURFACE('generated cylinder',#2555,120.) ;
#2668=CYLINDRICAL_SURFACE('generated cylinder',#2667,55.) ;
#2716=CYLINDRICAL_SURFACE('generated cylinder',#2715,50.) ;
#2893=CYLINDRICAL_SURFACE('generated cylinder',#2892,55.) ;
#2936=CYLINDRICAL_SURFACE('generated cylinder',#2935,50.) ;
#3113=CYLINDRICAL_SURFACE('generated cylinder',#3112,55.) ;
#3156=CYLINDRICAL_SURFACE('generated cylinder',#3155,50.) ;
#3333=CYLINDRICAL_SURFACE('generated cylinder',#3332,55.) ;
#3376=CYLINDRICAL_SURFACE('generated cylinder',#3375,50.) ;
#3553=CYLINDRICAL_SURFACE('generated cylinder',#3552,55.) ;
#3582=CYLINDRICAL_SURFACE('generated cylinder',#3581,50.) ;
#3691=CYLINDRICAL_SURFACE('generated cylinder',#3690,50.) ;
#3731=CYLINDRICAL_SURFACE('generated cylinder',#3730,50.) ;
#4990=CYLINDRICAL_SURFACE('generated cylinder',#4989,55.) ;
#5029=CYLINDRICAL_SURFACE('generated cylinder',#5028,55.) ;
#5634=CYLINDRICAL_SURFACE('generated cylinder',#5633,135.) ;
#5875=CYLINDRICAL_SURFACE('generated cylinder',#5874,55.) ;
#6034=CYLINDRICAL_SURFACE('generated cylinder',#6033,100.) ;
#6087=CYLINDRICAL_SURFACE('generated cylinder',#6086,50.) ;
#6155=CYLINDRICAL_SURFACE('generated cylinder',#6154,55.) ;
#6241=CYLINDRICAL_SURFACE('generated cylinder',#6240,120.) ;
#6492=CYLINDRICAL_SURFACE('generated cylinder',#6491,50.) ;
#6626=CYLINDRICAL_SURFACE('generated cylinder',#6625,55.) ;
#6657=CYLINDRICAL_SURFACE('generated cylinder',#6656,55.) ;
#6712=CYLINDRICAL_SURFACE('generated cylinder',#6711,50.) ;
#7218=CYLINDRICAL_SURFACE('generated cylinder',#7217,50.) ;
#7249=CYLINDRICAL_SURFACE('generated cylinder',#7248,50.) ;
#8143=CYLINDRICAL_SURFACE('generated cylinder',#8142,80.) ;
#8298=CYLINDRICAL_SURFACE('generated cylinder',#8297,75.) ;
#8560=CYLINDRICAL_SURFACE('generated cylinder',#8559,50.) ;
#8600=CYLINDRICAL_SURFACE('generated cylinder',#8599,50.) ;
#8678=CYLINDRICAL_SURFACE('generated cylinder',#8677,50.) ;
#8737=CYLINDRICAL_SURFACE('generated cylinder',#8736,50.) ;
#9012=CYLINDRICAL_SURFACE('generated cylinder',#9011,50.) ;
#9363=CYLINDRICAL_SURFACE('generated cylinder',#9362,70.) ;
#9664=CYLINDRICAL_SURFACE('generated cylinder',#9663,5.) ;
#9707=CYLINDRICAL_SURFACE('generated cylinder',#9706,5.) ;
#9750=CYLINDRICAL_SURFACE('generated cylinder',#9749,5.) ;
#9793=CYLINDRICAL_SURFACE('generated cylinder',#9792,5.) ;
#9836=CYLINDRICAL_SURFACE('generated cylinder',#9835,5.) ;
#9879=CYLINDRICAL_SURFACE('generated cylinder',#9878,5.) ;
#9922=CYLINDRICAL_SURFACE('generated cylinder',#9921,5.) ;
#9965=CYLINDRICAL_SURFACE('generated cylinder',#9964,5.) ;
#10008=CYLINDRICAL_SURFACE('generated cylinder',#10007,5.) ;
#10051=CYLINDRICAL_SURFACE('generated cylinder',#10050,5.) ;
#10094=CYLINDRICAL_SURFACE('generated cylinder',#10093,5.) ;
#10137=CYLINDRICAL_SURFACE('generated cylinder',#10136,5.) ;
#10204=CYLINDRICAL_SURFACE('generated cylinder',#10203,50.) ;
#10290=CYLINDRICAL_SURFACE('generated cylinder',#10289,50.) ;
#10390=CYLINDRICAL_SURFACE('generated cylinder',#10389,55.) ;
#10412=CYLINDRICAL_SURFACE('generated cylinder',#10411,55.) ;
#2487=TOROIDAL_SURFACE('homeo Torus',#2486,150.,55.) ;
#2599=TOROIDAL_SURFACE('homeo Torus',#2598,150.,50.) ;
#2759=TOROIDAL_SURFACE('homeo Torus',#2758,150.,55.) ;
#2826=TOROIDAL_SURFACE('homeo Torus',#2825,150.,50.) ;
#2979=TOROIDAL_SURFACE('homeo Torus',#2978,150.,55.) ;
#3046=TOROIDAL_SURFACE('homeo Torus',#3045,150.,50.) ;
#3199=TOROIDAL_SURFACE('homeo Torus',#3198,150.,55.) ;
#3266=TOROIDAL_SURFACE('homeo Torus',#3265,150.,50.) ;
#3419=TOROIDAL_SURFACE('homeo Torus',#3418,150.,55.) ;
#3486=TOROIDAL_SURFACE('homeo Torus',#3485,150.,50.) ;
#5553=TOROIDAL_SURFACE('homeo Torus',#5552,150.,55.) ;
#6284=TOROIDAL_SURFACE('homeo Torus',#6283,150.,50.) ;
#6353=TOROIDAL_SURFACE('homeo Torus',#6352,150.,55.) ;
#6396=TOROIDAL_SURFACE('homeo Torus',#6395,150.,55.) ;
#6798=TOROIDAL_SURFACE('homeo Torus',#6797,150.,55.) ;
#6861=TOROIDAL_SURFACE('homeo Torus',#6860,150.,55.) ;
#6988=TOROIDAL_SURFACE('homeo Torus',#6987,150.,50.) ;
#7031=TOROIDAL_SURFACE('homeo Torus',#7030,150.,50.) ;
#7526=TOROIDAL_SURFACE('homeo Torus',#7525,150.,50.) ;
#7577=TOROIDAL_SURFACE('homeo Torus',#7576,150.,50.) ;
#10247=TOROIDAL_SURFACE('homeo Torus',#10246,150.,50.) ;
#10333=TOROIDAL_SURFACE('homeo Torus',#10332,150.,55.) ;
#3=DESIGN_CONTEXT(' ',#1,'design') ;
#76=EDGE_CURVE('',#73,#75,#71,.T.) ;
#83=EDGE_CURVE('',#82,#75,#80,.F.) ;
#90=EDGE_CURVE('',#89,#82,#87,.T.) ;
#95=EDGE_CURVE('',#89,#73,#94,.F.) ;
#107=EDGE_CURVE('',#75,#73,#106,.T.) ;
#112=EDGE_CURVE('',#82,#89,#111,.T.) ;
#137=EDGE_CURVE('',#134,#136,#132,.T.) ;
#142=EDGE_CURVE('',#136,#134,#141,.T.) ;
#155=EDGE_CURVE('',#152,#154,#150,.T.) ;
#160=EDGE_CURVE('',#154,#152,#159,.T.) ;
#173=EDGE_CURVE('',#170,#172,#168,.T.) ;
#178=EDGE_CURVE('',#172,#170,#177,.T.) ;
#191=EDGE_CURVE('',#188,#190,#186,.T.) ;
#196=EDGE_CURVE('',#190,#188,#195,.T.) ;
#209=EDGE_CURVE('',#206,#208,#204,.T.) ;
#214=EDGE_CURVE('',#208,#206,#213,.T.) ;
#227=EDGE_CURVE('',#224,#226,#222,.T.) ;
#232=EDGE_CURVE('',#226,#224,#231,.T.) ;
#245=EDGE_CURVE('',#242,#244,#240,.T.) ;
#250=EDGE_CURVE('',#244,#242,#249,.T.) ;
#263=EDGE_CURVE('',#260,#262,#258,.T.) ;
#268=EDGE_CURVE('',#262,#260,#267,.T.) ;
#281=EDGE_CURVE('',#278,#280,#276,.T.) ;
#286=EDGE_CURVE('',#280,#278,#285,.T.) ;
#299=EDGE_CURVE('',#296,#298,#294,.T.) ;
#304=EDGE_CURVE('',#298,#296,#303,.T.) ;
#317=EDGE_CURVE('',#314,#316,#312,.T.) ;
#322=EDGE_CURVE('',#316,#314,#321,.T.) ;
#335=EDGE_CURVE('',#332,#334,#330,.T.) ;
#340=EDGE_CURVE('',#334,#332,#339,.T.) ;
#353=EDGE_CURVE('',#350,#352,#348,.T.) ;
#358=EDGE_CURVE('',#352,#350,#357,.T.) ;
#375=EDGE_CURVE('',#374,#154,#372,.F.) ;
#382=EDGE_CURVE('',#374,#381,#379,.T.) ;
#387=EDGE_CURVE('',#381,#152,#386,.F.) ;
#399=EDGE_CURVE('',#381,#374,#398,.T.) ;
#418=EDGE_CURVE('',#417,#172,#415,.F.) ;
#425=EDGE_CURVE('',#417,#424,#422,.T.) ;
#430=EDGE_CURVE('',#424,#170,#429,.F.) ;
#442=EDGE_CURVE('',#424,#417,#441,.T.) ;
#461=EDGE_CURVE('',#460,#190,#458,.F.) ;
#468=EDGE_CURVE('',#460,#467,#465,.T.) ;
#473=EDGE_CURVE('',#467,#188,#472,.F.) ;
#485=EDGE_CURVE('',#467,#460,#484,.T.) ;
#504=EDGE_CURVE('',#503,#208,#501,.F.) ;
#511=EDGE_CURVE('',#503,#510,#508,.T.) ;
#516=EDGE_CURVE('',#510,#206,#515,.F.) ;
#528=EDGE_CURVE('',#510,#503,#527,.T.) ;
#547=EDGE_CURVE('',#546,#226,#544,.F.) ;
#554=EDGE_CURVE('',#546,#553,#551,.T.) ;
#559=EDGE_CURVE('',#553,#224,#558,.F.) ;
#571=EDGE_CURVE('',#553,#546,#570,.T.) ;
#590=EDGE_CURVE('',#589,#244,#587,.F.) ;
#597=EDGE_CURVE('',#589,#596,#594,.T.) ;
#602=EDGE_CURVE('',#596,#242,#601,.F.) ;
#614=EDGE_CURVE('',#596,#589,#613,.T.) ;
#633=EDGE_CURVE('',#632,#262,#630,.F.) ;
#640=EDGE_CURVE('',#632,#639,#637,.T.) ;
#645=EDGE_CURVE('',#639,#260,#644,.F.) ;
#657=EDGE_CURVE('',#639,#632,#656,.T.) ;
#676=EDGE_CURVE('',#675,#280,#673,.F.) ;
#683=EDGE_CURVE('',#675,#682,#680,.T.) ;
#688=EDGE_CURVE('',#682,#278,#687,.F.) ;
#700=EDGE_CURVE('',#682,#675,#699,.T.) ;
#719=EDGE_CURVE('',#718,#298,#716,.F.) ;
#726=EDGE_CURVE('',#718,#725,#723,.T.) ;
#731=EDGE_CURVE('',#725,#296,#730,.F.) ;
#743=EDGE_CURVE('',#725,#718,#742,.T.) ;
#762=EDGE_CURVE('',#761,#316,#759,.F.) ;
#769=EDGE_CURVE('',#761,#768,#766,.T.) ;
#774=EDGE_CURVE('',#768,#314,#773,.F.) ;
#786=EDGE_CURVE('',#768,#761,#785,.T.) ;
#805=EDGE_CURVE('',#804,#334,#802,.F.) ;
#812=EDGE_CURVE('',#804,#811,#809,.T.) ;
#817=EDGE_CURVE('',#811,#332,#816,.F.) ;
#829=EDGE_CURVE('',#811,#804,#828,.T.) ;
#848=EDGE_CURVE('',#847,#352,#845,.F.) ;
#855=EDGE_CURVE('',#847,#854,#852,.T.) ;
#860=EDGE_CURVE('',#854,#350,#859,.F.) ;
#872=EDGE_CURVE('',#854,#847,#871,.T.) ;
#893=EDGE_CURVE('',#890,#892,#888,.T.) ;
#900=EDGE_CURVE('',#890,#899,#897,.T.) ;
#907=EDGE_CURVE('',#899,#906,#904,.T.) ;
#912=EDGE_CURVE('',#892,#906,#911,.T.) ;
#933=EDGE_CURVE('',#930,#932,#928,.F.) ;
#940=EDGE_CURVE('',#932,#939,#937,.F.) ;
#947=EDGE_CURVE('',#939,#946,#944,.F.) ;
#954=EDGE_CURVE('',#953,#946,#951,.T.) ;
#959=EDGE_CURVE('',#953,#890,#958,.F.) ;
#964=EDGE_CURVE('',#930,#892,#963,.F.) ;
#988=EDGE_CURVE('',#985,#987,#983,.T.) ;
#995=EDGE_CURVE('',#994,#987,#992,.T.) ;
#1002=EDGE_CURVE('',#994,#1001,#999,.F.) ;
#1009=EDGE_CURVE('',#1001,#1008,#1006,.T.) ;
#1016=EDGE_CURVE('',#1015,#1008,#1013,.F.) ;
#1023=EDGE_CURVE('',#1022,#1015,#1020,.T.) ;
#1030=EDGE_CURVE('',#1022,#1029,#1027,.F.) ;
#1035=EDGE_CURVE('',#1029,#985,#1034,.T.) ;
#1052=EDGE_CURVE('',#1051,#953,#1049,.T.) ;
#1057=EDGE_CURVE('',#899,#1051,#1056,.F.) ;
#1076=EDGE_CURVE('',#906,#1075,#1073,.F.) ;
#1083=EDGE_CURVE('',#1051,#1082,#1080,.T.) ;
#1090=EDGE_CURVE('',#1089,#1082,#1087,.T.) ;
#1097=EDGE_CURVE('',#1096,#1089,#1094,.T.) ;
#1102=EDGE_CURVE('',#1075,#1096,#1101,.T.) ;
#1122=EDGE_CURVE('',#930,#1075,#1121,.T.) ;
#1139=EDGE_CURVE('',#1082,#946,#1138,.T.) ;
#1156=EDGE_CURVE('',#939,#1089,#1155,.F.) ;
#1168=EDGE_CURVE('',#932,#1096,#1167,.F.) ;
#1194=EDGE_CURVE('',#1193,#985,#1191,.T.) ;
#1201=EDGE_CURVE('',#1029,#1200,#1198,.F.) ;
#1208=EDGE_CURVE('',#1200,#1207,#1205,.T.) ;
#1215=EDGE_CURVE('',#1207,#1214,#1212,.T.) ;
#1222=EDGE_CURVE('',#1214,#1221,#1219,.T.) ;
#1229=EDGE_CURVE('',#1228,#1221,#1226,.T.) ;
#1236=EDGE_CURVE('',#1235,#1228,#1233,.T.) ;
#1243=EDGE_CURVE('',#1235,#1242,#1240,.T.) ;
#1250=EDGE_CURVE('',#1249,#1242,#1247,.T.) ;
#1257=EDGE_CURVE('',#1249,#1256,#1254,.F.) ;
#1262=EDGE_CURVE('',#1256,#1193,#1261,.T.) ;
#1285=EDGE_CURVE('',#1282,#1284,#1280,.T.) ;
#1292=EDGE_CURVE('',#1291,#1282,#1289,.F.) ;
#1299=EDGE_CURVE('',#1298,#1291,#1296,.T.) ;
#1304=EDGE_CURVE('',#1284,#1298,#1303,.F.) ;
#1323=EDGE_CURVE('',#1322,#1022,#1320,.T.) ;
#1330=EDGE_CURVE('',#1329,#1322,#1327,.F.) ;
#1335=EDGE_CURVE('',#1001,#1329,#1334,.T.) ;
#1342=EDGE_CURVE('',#1341,#994,#1339,.F.) ;
#1347=EDGE_CURVE('',#1341,#1256,#1346,.T.) ;
#1354=EDGE_CURVE('',#1353,#1249,#1351,.F.) ;
#1361=EDGE_CURVE('',#1360,#1353,#1358,.F.) ;
#1366=EDGE_CURVE('',#1200,#1360,#1365,.F.) ;
#1389=EDGE_CURVE('',#1386,#1388,#1384,.T.) ;
#1396=EDGE_CURVE('',#1395,#1386,#1393,.F.) ;
#1403=EDGE_CURVE('',#1402,#1395,#1400,.T.) ;
#1408=EDGE_CURVE('',#1388,#1402,#1407,.F.) ;
#1427=EDGE_CURVE('',#1322,#1426,#1424,.T.) ;
#1432=EDGE_CURVE('',#1426,#1015,#1431,.T.) ;
#1451=EDGE_CURVE('',#1008,#1450,#1448,.T.) ;
#1456=EDGE_CURVE('',#1450,#1426,#1455,.F.) ;
#1473=EDGE_CURVE('',#1329,#1450,#1472,.T.) ;
#1492=EDGE_CURVE('',#1491,#987,#1489,.T.) ;
#1497=EDGE_CURVE('',#1341,#1491,#1496,.T.) ;
#1514=EDGE_CURVE('',#1491,#1193,#1513,.T.) ;
#1535=EDGE_CURVE('',#1532,#1534,#1530,.T.) ;
#1542=EDGE_CURVE('',#1532,#1541,#1539,.T.) ;
#1549=EDGE_CURVE('',#1541,#1548,#1546,.T.) ;
#1556=EDGE_CURVE('',#1555,#1548,#1553,.T.) ;
#1563=EDGE_CURVE('',#1562,#1555,#1560,.T.) ;
#1568=EDGE_CURVE('',#1534,#1562,#1567,.T.) ;
#1595=EDGE_CURVE('',#1353,#1594,#1592,.T.) ;
#1600=EDGE_CURVE('',#1594,#1242,#1599,.F.) ;
#1619=EDGE_CURVE('',#1207,#1618,#1616,.F.) ;
#1624=EDGE_CURVE('',#1618,#1594,#1623,.F.) ;
#1631=EDGE_CURVE('',#1630,#1235,#1628,.F.) ;
#1638=EDGE_CURVE('',#1637,#1630,#1635,.T.) ;
#1643=EDGE_CURVE('',#1214,#1637,#1642,.F.) ;
#1666=EDGE_CURVE('',#1630,#1665,#1663,.T.) ;
#1671=EDGE_CURVE('',#1665,#1228,#1670,.F.) ;
#1690=EDGE_CURVE('',#1689,#1665,#1687,.T.) ;
#1695=EDGE_CURVE('',#1221,#1689,#1694,.F.) ;
#1710=EDGE_CURVE('',#1707,#1709,#1705,.T.) ;
#1715=EDGE_CURVE('',#1709,#1707,#1714,.T.) ;
#1730=EDGE_CURVE('',#1637,#1689,#1729,.T.) ;
#1747=EDGE_CURVE('',#1360,#1618,#1746,.T.) ;
#1766=EDGE_CURVE('',#1284,#1765,#1763,.T.) ;
#1773=EDGE_CURVE('',#1298,#1772,#1770,.T.) ;
#1778=EDGE_CURVE('',#1765,#1772,#1777,.F.) ;
#1797=EDGE_CURVE('',#1291,#1796,#1794,.T.) ;
#1802=EDGE_CURVE('',#1772,#1796,#1801,.T.) ;
#1821=EDGE_CURVE('',#1282,#1820,#1818,.T.) ;
#1826=EDGE_CURVE('',#1796,#1820,#1825,.F.) ;
#1843=EDGE_CURVE('',#1820,#1765,#1842,.T.) ;
#1886=EDGE_CURVE('',#1386,#1885,#1883,.T.) ;
#1893=EDGE_CURVE('',#1388,#1892,#1890,.T.) ;
#1898=EDGE_CURVE('',#1885,#1892,#1897,.T.) ;
#1917=EDGE_CURVE('',#1395,#1916,#1914,.T.) ;
#1922=EDGE_CURVE('',#1916,#1885,#1921,.F.) ;
#1941=EDGE_CURVE('',#1402,#1940,#1938,.T.) ;
#1946=EDGE_CURVE('',#1940,#1916,#1945,.T.) ;
#1958=EDGE_CURVE('',#1892,#1940,#1957,.F.) ;
#1974=EDGE_CURVE('',#1971,#1973,#1969,.T.) ;
#1979=EDGE_CURVE('',#1971,#1532,#1978,.T.) ;
#1984=EDGE_CURVE('',#1973,#1534,#1983,.T.) ;
#2003=EDGE_CURVE('',#2002,#1971,#2000,.T.) ;
#2010=EDGE_CURVE('',#2009,#2002,#2007,.T.) ;
#2017=EDGE_CURVE('',#2016,#2009,#2014,.T.) ;
#2022=EDGE_CURVE('',#1541,#2016,#2021,.T.) ;
#2039=EDGE_CURVE('',#2036,#2038,#2034,.F.) ;
#2044=EDGE_CURVE('',#2038,#2036,#2043,.F.) ;
#2063=EDGE_CURVE('',#2060,#2062,#2058,.T.) ;
#2068=EDGE_CURVE('',#1548,#2062,#2067,.T.) ;
#2075=EDGE_CURVE('',#2016,#2074,#2072,.T.) ;
#2080=EDGE_CURVE('',#2060,#2074,#2079,.T.) ;
#2101=EDGE_CURVE('',#2062,#2100,#2098,.T.) ;
#2106=EDGE_CURVE('',#2100,#1555,#2105,.T.) ;
#2125=EDGE_CURVE('',#2124,#2100,#2122,.T.) ;
#2130=EDGE_CURVE('',#1562,#2124,#2129,.T.) ;
#2147=EDGE_CURVE('',#2124,#2060,#2146,.T.) ;
#2154=EDGE_CURVE('',#2074,#2153,#2151,.T.) ;
#2161=EDGE_CURVE('',#2153,#2160,#2158,.T.) ;
#2166=EDGE_CURVE('',#2160,#1973,#2165,.T.) ;
#2201=EDGE_CURVE('',#1707,#2200,#2198,.T.) ;
#2208=EDGE_CURVE('',#1709,#2207,#2205,.T.) ;
#2213=EDGE_CURVE('',#2200,#2207,#2212,.T.) ;
#2225=EDGE_CURVE('',#2207,#2200,#2224,.T.) ;
#2264=EDGE_CURVE('',#2261,#2263,#2259,.T.) ;
#2269=EDGE_CURVE('',#2263,#2261,#2268,.T.) ;
#2279=EDGE_CURVE('',#2002,#2160,#2278,.T.) ;
#2296=EDGE_CURVE('',#2009,#2153,#2295,.T.) ;
#2322=EDGE_CURVE('',#2036,#2321,#2319,.T.) ;
#2329=EDGE_CURVE('',#2321,#2328,#2326,.F.) ;
#2336=EDGE_CURVE('',#2328,#2335,#2333,.F.) ;
#2341=EDGE_CURVE('',#2038,#2335,#2340,.T.) ;
#2361=EDGE_CURVE('',#2335,#2360,#2358,.F.) ;
#2366=EDGE_CURVE('',#2360,#2321,#2365,.F.) ;
#2404=EDGE_CURVE('',#2401,#2403,#2399,.T.) ;
#2409=EDGE_CURVE('',#2403,#2401,#2408,.T.) ;
#2426=EDGE_CURVE('',#2263,#2425,#2423,.F.) ;
#2433=EDGE_CURVE('',#2432,#2425,#2430,.T.) ;
#2440=EDGE_CURVE('',#2439,#2432,#2437,.T.) ;
#2447=EDGE_CURVE('',#2446,#2439,#2444,.F.) ;
#2452=EDGE_CURVE('',#2261,#2446,#2451,.F.) ;
#2468=EDGE_CURVE('',#2467,#2439,#2465,.T.) ;
#2473=EDGE_CURVE('',#2425,#2467,#2472,.T.) ;
#2494=EDGE_CURVE('',#2493,#2360,#2491,.T.) ;
#2513=EDGE_CURVE('',#2493,#2512,#2495,.F.) ;
#2518=EDGE_CURVE('',#2512,#2328,#2517,.T.) ;
#2543=EDGE_CURVE('',#2512,#2493,#2527,.F.) ;
#2563=EDGE_CURVE('',#2562,#2403,#2560,.T.) ;
#2570=EDGE_CURVE('',#2569,#2562,#2567,.T.) ;
#2575=EDGE_CURVE('',#2569,#2401,#2574,.T.) ;
#2587=EDGE_CURVE('',#2562,#2569,#2586,.T.) ;
#2606=EDGE_CURVE('',#2605,#2432,#2603,.T.) ;
#2625=EDGE_CURVE('',#2624,#2605,#2607,.F.) ;
#2630=EDGE_CURVE('',#2624,#2467,#2629,.T.) ;
#2655=EDGE_CURVE('',#2605,#2624,#2639,.F.) ;
#2675=EDGE_CURVE('',#2674,#2493,#2672,.F.) ;
#2682=EDGE_CURVE('',#2674,#2681,#2679,.F.) ;
#2687=EDGE_CURVE('',#2681,#2512,#2686,.F.) ;
#2699=EDGE_CURVE('',#2681,#2674,#2698,.F.) ;
#2723=EDGE_CURVE('',#2722,#2605,#2720,.F.) ;
#2730=EDGE_CURVE('',#2729,#2722,#2727,.F.) ;
#2735=EDGE_CURVE('',#2729,#2624,#2734,.F.) ;
#2747=EDGE_CURVE('',#2722,#2729,#2746,.F.) ;
#2766=EDGE_CURVE('',#2765,#2674,#2763,.T.) ;
#2785=EDGE_CURVE('',#2784,#2765,#2767,.T.) ;
#2790=EDGE_CURVE('',#2784,#2681,#2789,.T.) ;
#2814=EDGE_CURVE('',#2765,#2784,#2798,.T.) ;
#2833=EDGE_CURVE('',#2832,#2722,#2830,.T.) ;
#2852=EDGE_CURVE('',#2832,#2851,#2834,.T.) ;
#2857=EDGE_CURVE('',#2851,#2729,#2856,.T.) ;
#2881=EDGE_CURVE('',#2851,#2832,#2865,.T.) ;
#2902=EDGE_CURVE('',#2899,#2901,#2897,.F.) ;
#2907=EDGE_CURVE('',#2784,#2901,#2906,.T.) ;
#2912=EDGE_CURVE('',#2765,#2899,#2911,.T.) ;
#2924=EDGE_CURVE('',#2901,#2899,#2923,.F.) ;
#2945=EDGE_CURVE('',#2942,#2944,#2940,.F.) ;
#2950=EDGE_CURVE('',#2851,#2942,#2949,.T.) ;
#2955=EDGE_CURVE('',#2832,#2944,#2954,.T.) ;
#2967=EDGE_CURVE('',#2944,#2942,#2966,.F.) ;
#2986=EDGE_CURVE('',#2985,#2899,#2983,.T.) ;
#3005=EDGE_CURVE('',#2985,#3004,#2987,.F.) ;
#3010=EDGE_CURVE('',#3004,#2901,#3009,.T.) ;
#3034=EDGE_CURVE('',#3004,#2985,#3018,.F.) ;
#3053=EDGE_CURVE('',#3052,#2944,#3050,.T.) ;
#3072=EDGE_CURVE('',#3071,#3052,#3054,.F.) ;
#3077=EDGE_CURVE('',#3071,#2942,#3076,.T.) ;
#3101=EDGE_CURVE('',#3052,#3071,#3085,.F.) ;
#3120=EDGE_CURVE('',#3119,#2985,#3117,.F.) ;
#3127=EDGE_CURVE('',#3119,#3126,#3124,.F.) ;
#3132=EDGE_CURVE('',#3126,#3004,#3131,.F.) ;
#3144=EDGE_CURVE('',#3126,#3119,#3143,.F.) ;
#3163=EDGE_CURVE('',#3162,#3052,#3160,.F.) ;
#3170=EDGE_CURVE('',#3169,#3162,#3167,.F.) ;
#3175=EDGE_CURVE('',#3169,#3071,#3174,.F.) ;
#3187=EDGE_CURVE('',#3162,#3169,#3186,.F.) ;
#3206=EDGE_CURVE('',#3126,#3205,#3203,.T.) ;
#3213=EDGE_CURVE('',#3119,#3212,#3210,.T.) ;
#3230=EDGE_CURVE('',#3205,#3212,#3214,.T.) ;
#3254=EDGE_CURVE('',#3212,#3205,#3238,.T.) ;
#3273=EDGE_CURVE('',#3169,#3272,#3270,.T.) ;
#3280=EDGE_CURVE('',#3162,#3279,#3277,.T.) ;
#3297=EDGE_CURVE('',#3279,#3272,#3281,.T.) ;
#3321=EDGE_CURVE('',#3272,#3279,#3305,.T.) ;
#3340=EDGE_CURVE('',#3339,#3212,#3337,.T.) ;
#3347=EDGE_CURVE('',#3339,#3346,#3344,.T.) ;
#3352=EDGE_CURVE('',#3346,#3205,#3351,.T.) ;
#3364=EDGE_CURVE('',#3346,#3339,#3363,.T.) ;
#3383=EDGE_CURVE('',#3382,#3279,#3380,.T.) ;
#3390=EDGE_CURVE('',#3389,#3382,#3387,.T.) ;
#3395=EDGE_CURVE('',#3389,#3272,#3394,.T.) ;
#3407=EDGE_CURVE('',#3382,#3389,#3406,.T.) ;
#3426=EDGE_CURVE('',#3425,#3339,#3423,.T.) ;
#3445=EDGE_CURVE('',#3444,#3425,#3427,.T.) ;
#3450=EDGE_CURVE('',#3444,#3346,#3449,.T.) ;
#3474=EDGE_CURVE('',#3425,#3444,#3458,.T.) ;
#3493=EDGE_CURVE('',#3492,#3382,#3490,.T.) ;
#3512=EDGE_CURVE('',#3492,#3511,#3494,.T.) ;
#3517=EDGE_CURVE('',#3511,#3389,#3516,.T.) ;
#3541=EDGE_CURVE('',#3511,#3492,#3525,.T.) ;
#3558=EDGE_CURVE('',#3444,#134,#3557,.T.) ;
#3563=EDGE_CURVE('',#3425,#136,#3562,.T.) ;
#3591=EDGE_CURVE('',#3588,#3590,#3586,.F.) ;
#3596=EDGE_CURVE('',#3511,#3588,#3595,.T.) ;
#3601=EDGE_CURVE('',#3492,#3590,#3600,.T.) ;
#3613=EDGE_CURVE('',#3590,#3588,#3612,.F.) ;
#3700=EDGE_CURVE('',#3697,#3699,#3695,.T.) ;
#3707=EDGE_CURVE('',#3697,#3706,#3704,.T.) ;
#3714=EDGE_CURVE('',#3706,#3713,#3711,.T.) ;
#3719=EDGE_CURVE('',#3699,#3713,#3718,.T.) ;
#3736=EDGE_CURVE('',#3706,#3697,#3735,.T.) ;
#3741=EDGE_CURVE('',#3713,#3699,#3740,.T.) ;
#3761=EDGE_CURVE('',#3758,#3760,#3756,.T.) ;
#3768=EDGE_CURVE('',#3758,#3767,#3765,.T.) ;
#3775=EDGE_CURVE('',#3767,#3774,#3772,.T.) ;
#3780=EDGE_CURVE('',#3760,#3774,#3779,.T.) ;
#3792=EDGE_CURVE('',#3767,#3758,#3791,.T.) ;
#3797=EDGE_CURVE('',#3774,#3760,#3796,.T.) ;
#3815=EDGE_CURVE('',#3812,#3814,#3810,.F.) ;
#3822=EDGE_CURVE('',#3812,#3821,#3819,.T.) ;
#3829=EDGE_CURVE('',#3821,#3828,#3826,.F.) ;
#3834=EDGE_CURVE('',#3814,#3828,#3833,.T.) ;
#3846=EDGE_CURVE('',#3821,#3812,#3845,.T.) ;
#3851=EDGE_CURVE('',#3828,#3814,#3850,.T.) ;
#3869=EDGE_CURVE('',#3866,#3868,#3864,.T.) ;
#3876=EDGE_CURVE('',#3866,#3875,#3873,.T.) ;
#3883=EDGE_CURVE('',#3875,#3882,#3880,.T.) ;
#3888=EDGE_CURVE('',#3868,#3882,#3887,.T.) ;
#3900=EDGE_CURVE('',#3875,#3866,#3899,.T.) ;
#3905=EDGE_CURVE('',#3882,#3868,#3904,.T.) ;
#3923=EDGE_CURVE('',#3920,#3922,#3918,.T.) ;
#3930=EDGE_CURVE('',#3920,#3929,#3927,.T.) ;
#3937=EDGE_CURVE('',#3929,#3936,#3934,.T.) ;
#3942=EDGE_CURVE('',#3922,#3936,#3941,.T.) ;
#3954=EDGE_CURVE('',#3929,#3920,#3953,.T.) ;
#3959=EDGE_CURVE('',#3936,#3922,#3958,.T.) ;
#3977=EDGE_CURVE('',#3974,#3976,#3972,.T.) ;
#3984=EDGE_CURVE('',#3974,#3983,#3981,.T.) ;
#3991=EDGE_CURVE('',#3983,#3990,#3988,.T.) ;
#3996=EDGE_CURVE('',#3976,#3990,#3995,.T.) ;
#4008=EDGE_CURVE('',#3983,#3974,#4007,.T.) ;
#4013=EDGE_CURVE('',#3990,#3976,#4012,.T.) ;
#4031=EDGE_CURVE('',#4028,#4030,#4026,.F.) ;
#4038=EDGE_CURVE('',#4028,#4037,#4035,.T.) ;
#4045=EDGE_CURVE('',#4037,#4044,#4042,.F.) ;
#4050=EDGE_CURVE('',#4030,#4044,#4049,.T.) ;
#4062=EDGE_CURVE('',#4037,#4028,#4061,.T.) ;
#4067=EDGE_CURVE('',#4044,#4030,#4066,.T.) ;
#4085=EDGE_CURVE('',#4082,#4084,#4080,.T.) ;
#4092=EDGE_CURVE('',#4082,#4091,#4089,.T.) ;
#4099=EDGE_CURVE('',#4091,#4098,#4096,.T.) ;
#4104=EDGE_CURVE('',#4084,#4098,#4103,.T.) ;
#4116=EDGE_CURVE('',#4091,#4082,#4115,.T.) ;
#4121=EDGE_CURVE('',#4098,#4084,#4120,.T.) ;
#4139=EDGE_CURVE('',#4136,#4138,#4134,.T.) ;
#4146=EDGE_CURVE('',#4136,#4145,#4143,.T.) ;
#4153=EDGE_CURVE('',#4145,#4152,#4150,.T.) ;
#4158=EDGE_CURVE('',#4138,#4152,#4157,.T.) ;
#4170=EDGE_CURVE('',#4145,#4136,#4169,.T.) ;
#4175=EDGE_CURVE('',#4152,#4138,#4174,.T.) ;
#4193=EDGE_CURVE('',#4190,#4192,#4188,.T.) ;
#4200=EDGE_CURVE('',#4190,#4199,#4197,.T.) ;
#4207=EDGE_CURVE('',#4199,#4206,#4204,.T.) ;
#4212=EDGE_CURVE('',#4192,#4206,#4211,.T.) ;
#4224=EDGE_CURVE('',#4199,#4190,#4223,.T.) ;
#4229=EDGE_CURVE('',#4206,#4192,#4228,.T.) ;
#4247=EDGE_CURVE('',#4244,#4246,#4242,.T.) ;
#4254=EDGE_CURVE('',#4244,#4253,#4251,.T.) ;
#4261=EDGE_CURVE('',#4253,#4260,#4258,.T.) ;
#4266=EDGE_CURVE('',#4246,#4260,#4265,.T.) ;
#4278=EDGE_CURVE('',#4253,#4244,#4277,.T.) ;
#4283=EDGE_CURVE('',#4260,#4246,#4282,.T.) ;
#4328=EDGE_CURVE('',#4325,#4327,#4323,.T.) ;
#4335=EDGE_CURVE('',#4327,#4334,#4332,.T.) ;
#4342=EDGE_CURVE('',#4334,#4341,#4339,.T.) ;
#4349=EDGE_CURVE('',#4341,#4348,#4346,.T.) ;
#4356=EDGE_CURVE('',#4355,#4348,#4353,.F.) ;
#4361=EDGE_CURVE('',#4325,#4355,#4360,.T.) ;
#4384=EDGE_CURVE('',#4381,#4383,#4379,.T.) ;
#4391=EDGE_CURVE('',#4390,#4383,#4388,.T.) ;
#4398=EDGE_CURVE('',#4397,#4390,#4395,.T.) ;
#4405=EDGE_CURVE('',#4397,#4404,#4402,.T.) ;
#4410=EDGE_CURVE('',#4404,#4325,#4409,.T.) ;
#4417=EDGE_CURVE('',#4355,#4416,#4414,.T.) ;
#4422=EDGE_CURVE('',#4381,#4416,#4421,.T.) ;
#4445=EDGE_CURVE('',#4444,#4348,#4442,.T.) ;
#4450=EDGE_CURVE('',#4444,#4397,#4449,.T.) ;
#4457=EDGE_CURVE('',#4456,#4390,#4454,.T.) ;
#4464=EDGE_CURVE('',#4463,#4456,#4461,.T.) ;
#4469=EDGE_CURVE('',#4416,#4463,#4468,.F.) ;
#4488=EDGE_CURVE('',#4485,#4487,#4483,.T.) ;
#4495=EDGE_CURVE('',#4494,#4485,#4492,.T.) ;
#4502=EDGE_CURVE('',#4494,#4501,#4499,.T.) ;
#4507=EDGE_CURVE('',#4501,#4487,#4506,.T.) ;
#4526=EDGE_CURVE('',#4525,#4341,#4523,.T.) ;
#4531=EDGE_CURVE('',#4525,#4444,#4530,.T.) ;
#4550=EDGE_CURVE('',#4549,#4334,#4547,.T.) ;
#4555=EDGE_CURVE('',#4549,#4525,#4554,.T.) ;
#4574=EDGE_CURVE('',#4573,#4327,#4571,.T.) ;
#4579=EDGE_CURVE('',#4573,#4549,#4578,.T.) ;
#4596=EDGE_CURVE('',#4404,#4573,#4595,.T.) ;
#4617=EDGE_CURVE('',#4614,#4616,#4612,.T.) ;
#4622=EDGE_CURVE('',#4383,#4616,#4621,.T.) ;
#4627=EDGE_CURVE('',#4614,#4381,#4626,.F.) ;
#4644=EDGE_CURVE('',#4616,#4456,#4643,.T.) ;
#4673=EDGE_CURVE('',#4670,#4672,#4668,.F.) ;
#4678=EDGE_CURVE('',#4672,#4670,#4677,.F.) ;
#4693=EDGE_CURVE('',#4463,#4614,#4692,.T.) ;
#4719=EDGE_CURVE('',#4487,#4718,#4716,.T.) ;
#4726=EDGE_CURVE('',#4725,#4718,#4723,.T.) ;
#4733=EDGE_CURVE('',#4725,#4732,#4730,.F.) ;
#4740=EDGE_CURVE('',#4732,#4739,#4737,.T.) ;
#4747=EDGE_CURVE('',#4739,#4746,#4744,.T.) ;
#4754=EDGE_CURVE('',#4746,#4753,#4751,.T.) ;
#4761=EDGE_CURVE('',#4760,#4753,#4758,.T.) ;
#4768=EDGE_CURVE('',#4767,#4760,#4765,.T.) ;
#4775=EDGE_CURVE('',#4767,#4774,#4772,.T.) ;
#4782=EDGE_CURVE('',#4781,#4774,#4779,.T.) ;
#4787=EDGE_CURVE('',#4781,#4485,#4786,.F.) ;
#4810=EDGE_CURVE('',#4807,#4809,#4805,.T.) ;
#4817=EDGE_CURVE('',#4816,#4807,#4814,.F.) ;
#4824=EDGE_CURVE('',#4823,#4816,#4821,.T.) ;
#4829=EDGE_CURVE('',#4809,#4823,#4828,.F.) ;
#4848=EDGE_CURVE('',#4847,#4725,#4845,.F.) ;
#4855=EDGE_CURVE('',#4854,#4847,#4852,.T.) ;
#4862=EDGE_CURVE('',#4861,#4854,#4859,.F.) ;
#4869=EDGE_CURVE('',#4868,#4861,#4866,.T.) ;
#4876=EDGE_CURVE('',#4875,#4868,#4873,.F.) ;
#4881=EDGE_CURVE('',#4494,#4875,#4880,.F.) ;
#4888=EDGE_CURVE('',#4887,#4781,#4885,.F.) ;
#4895=EDGE_CURVE('',#4894,#4887,#4892,.F.) ;
#4900=EDGE_CURVE('',#4732,#4894,#4899,.F.) ;
#4923=EDGE_CURVE('',#4920,#4922,#4918,.T.) ;
#4930=EDGE_CURVE('',#4929,#4920,#4927,.F.) ;
#4937=EDGE_CURVE('',#4936,#4929,#4934,.T.) ;
#4942=EDGE_CURVE('',#4922,#4936,#4941,.F.) ;
#4956=EDGE_CURVE('',#4501,#4955,#4953,.T.) ;
#4961=EDGE_CURVE('',#4875,#4955,#4960,.T.) ;
#4978=EDGE_CURVE('',#4718,#4955,#4977,.T.) ;
#4997=EDGE_CURVE('',#4670,#4996,#4994,.T.) ;
#5004=EDGE_CURVE('',#4996,#5003,#5001,.F.) ;
#5011=EDGE_CURVE('',#5003,#5010,#5008,.F.) ;
#5016=EDGE_CURVE('',#4672,#5010,#5015,.T.) ;
#5036=EDGE_CURVE('',#5010,#5035,#5033,.F.) ;
#5041=EDGE_CURVE('',#5035,#4996,#5040,.F.) ;
#5061=EDGE_CURVE('',#4887,#5060,#5058,.T.) ;
#5066=EDGE_CURVE('',#5060,#4774,#5065,.F.) ;
#5085=EDGE_CURVE('',#4739,#5084,#5082,.F.) ;
#5090=EDGE_CURVE('',#5084,#5060,#5089,.F.) ;
#5097=EDGE_CURVE('',#5096,#4767,#5094,.F.) ;
#5104=EDGE_CURVE('',#5103,#5096,#5101,.T.) ;
#5109=EDGE_CURVE('',#4746,#5103,#5108,.F.) ;
#5132=EDGE_CURVE('',#5096,#5131,#5129,.T.) ;
#5137=EDGE_CURVE('',#5131,#4760,#5136,.F.) ;
#5156=EDGE_CURVE('',#5155,#5131,#5153,.T.) ;
#5161=EDGE_CURVE('',#4753,#5155,#5160,.F.) ;
#5176=EDGE_CURVE('',#5173,#5175,#5171,.T.) ;
#5181=EDGE_CURVE('',#5175,#5173,#5180,.T.) ;
#5196=EDGE_CURVE('',#5103,#5155,#5195,.T.) ;
#5213=EDGE_CURVE('',#4894,#5084,#5212,.T.) ;
#5227=EDGE_CURVE('',#4868,#5226,#5224,.T.) ;
#5234=EDGE_CURVE('',#5233,#5226,#5231,.F.) ;
#5239=EDGE_CURVE('',#4847,#5233,#5238,.T.) ;
#5258=EDGE_CURVE('',#5255,#5257,#5253,.T.) ;
#5265=EDGE_CURVE('',#5264,#5255,#5262,.F.) ;
#5272=EDGE_CURVE('',#5271,#5264,#5269,.T.) ;
#5277=EDGE_CURVE('',#5257,#5271,#5276,.F.) ;
#5296=EDGE_CURVE('',#4809,#5295,#5293,.T.) ;
#5303=EDGE_CURVE('',#4823,#5302,#5300,.T.) ;
#5308=EDGE_CURVE('',#5295,#5302,#5307,.F.) ;
#5327=EDGE_CURVE('',#4816,#5326,#5324,.T.) ;
#5332=EDGE_CURVE('',#5302,#5326,#5331,.T.) ;
#5351=EDGE_CURVE('',#4807,#5350,#5348,.T.) ;
#5356=EDGE_CURVE('',#5326,#5350,#5355,.F.) ;
#5373=EDGE_CURVE('',#5350,#5295,#5372,.T.) ;
#5392=EDGE_CURVE('',#4854,#5391,#5389,.T.) ;
#5397=EDGE_CURVE('',#5391,#5233,#5396,.T.) ;
#5416=EDGE_CURVE('',#4861,#5415,#5413,.T.) ;
#5421=EDGE_CURVE('',#5415,#5391,#5420,.F.) ;
#5438=EDGE_CURVE('',#5226,#5415,#5437,.T.) ;
#5469=EDGE_CURVE('',#4920,#5468,#5466,.T.) ;
#5476=EDGE_CURVE('',#4922,#5475,#5473,.T.) ;
#5481=EDGE_CURVE('',#5468,#5475,#5480,.T.) ;
#5500=EDGE_CURVE('',#4929,#5499,#5497,.T.) ;
#5505=EDGE_CURVE('',#5499,#5468,#5504,.F.) ;
#5524=EDGE_CURVE('',#4936,#5523,#5521,.T.) ;
#5529=EDGE_CURVE('',#5523,#5499,#5528,.T.) ;
#5541=EDGE_CURVE('',#5475,#5523,#5540,.F.) ;
#5560=EDGE_CURVE('',#5559,#5035,#5557,.T.) ;
#5579=EDGE_CURVE('',#5559,#5578,#5561,.F.) ;
#5584=EDGE_CURVE('',#5578,#5003,#5583,.T.) ;
#5609=EDGE_CURVE('',#5578,#5559,#5593,.F.) ;
#5641=EDGE_CURVE('',#5173,#5640,#5638,.T.) ;
#5648=EDGE_CURVE('',#5175,#5647,#5645,.T.) ;
#5653=EDGE_CURVE('',#5640,#5647,#5652,.T.) ;
#5665=EDGE_CURVE('',#5647,#5640,#5664,.T.) ;
#5698=EDGE_CURVE('',#5695,#5697,#5693,.F.) ;
#5703=EDGE_CURVE('',#5257,#5695,#5702,.T.) ;
#5710=EDGE_CURVE('',#5271,#5709,#5707,.T.) ;
#5717=EDGE_CURVE('',#5716,#5709,#5714,.T.) ;
#5724=EDGE_CURVE('',#5723,#5716,#5721,.T.) ;
#5729=EDGE_CURVE('',#5697,#5723,#5728,.T.) ;
#5751=EDGE_CURVE('',#5264,#5750,#5748,.T.) ;
#5756=EDGE_CURVE('',#5709,#5750,#5755,.T.) ;
#5777=EDGE_CURVE('',#5774,#5776,#5772,.F.) ;
#5784=EDGE_CURVE('',#5776,#5783,#5781,.F.) ;
#5789=EDGE_CURVE('',#5783,#5750,#5788,.F.) ;
#5796=EDGE_CURVE('',#5255,#5795,#5793,.T.) ;
#5801=EDGE_CURVE('',#5774,#5795,#5800,.F.) ;
#5821=EDGE_CURVE('',#5795,#5695,#5820,.T.) ;
#5860=EDGE_CURVE('',#5857,#5859,#5855,.T.) ;
#5865=EDGE_CURVE('',#5859,#5857,#5864,.T.) ;
#5882=EDGE_CURVE('',#5881,#5559,#5879,.F.) ;
#5907=EDGE_CURVE('',#5881,#5906,#5883,.T.) ;
#5932=EDGE_CURVE('',#5906,#5931,#5908,.T.) ;
#5937=EDGE_CURVE('',#5931,#5578,#5936,.F.) ;
#5970=EDGE_CURVE('',#5931,#5969,#5946,.T.) ;
#5993=EDGE_CURVE('',#5881,#5969,#5971,.T.) ;
#6019=EDGE_CURVE('',#6016,#6018,#6014,.T.) ;
#6024=EDGE_CURVE('',#6018,#6016,#6023,.T.) ;
#6039=EDGE_CURVE('',#5776,#5723,#6038,.F.) ;
#6044=EDGE_CURVE('',#5774,#5697,#6043,.F.) ;
#6056=EDGE_CURVE('',#5783,#5716,#6055,.F.) ;
#6094=EDGE_CURVE('',#5859,#6093,#6091,.F.) ;
#6101=EDGE_CURVE('',#6100,#6093,#6098,.T.) ;
#6108=EDGE_CURVE('',#6107,#6100,#6105,.T.) ;
#6115=EDGE_CURVE('',#6114,#6107,#6112,.F.) ;
#6120=EDGE_CURVE('',#5857,#6114,#6119,.F.) ;
#6136=EDGE_CURVE('',#6135,#6107,#6133,.T.) ;
#6141=EDGE_CURVE('',#6093,#6135,#6140,.T.) ;
#6162=EDGE_CURVE('',#5931,#6161,#6159,.T.) ;
#6169=EDGE_CURVE('',#6168,#5881,#6166,.T.) ;
#6176=EDGE_CURVE('',#6168,#6175,#6173,.F.) ;
#6183=EDGE_CURVE('',#6182,#6175,#6180,.F.) ;
#6190=EDGE_CURVE('',#6182,#6189,#6187,.T.) ;
#6197=EDGE_CURVE('',#6189,#6196,#6194,.F.) ;
#6202=EDGE_CURVE('',#6161,#6196,#6201,.T.) ;
#6219=EDGE_CURVE('',#6175,#6182,#6218,.F.) ;
#6224=EDGE_CURVE('',#6196,#6189,#6223,.F.) ;
#6248=EDGE_CURVE('',#6247,#6018,#6245,.T.) ;
#6255=EDGE_CURVE('',#6254,#6247,#6252,.T.) ;
#6260=EDGE_CURVE('',#6254,#6016,#6259,.T.) ;
#6272=EDGE_CURVE('',#6247,#6254,#6271,.T.) ;
#6291=EDGE_CURVE('',#6290,#6100,#6288,.T.) ;
#6310=EDGE_CURVE('',#6309,#6290,#6292,.F.) ;
#6315=EDGE_CURVE('',#6309,#6135,#6314,.T.) ;
#6340=EDGE_CURVE('',#6290,#6309,#6324,.F.) ;
#6360=EDGE_CURVE('',#6359,#6175,#6357,.T.) ;
#6379=EDGE_CURVE('',#6359,#6378,#6361,.T.) ;
#6384=EDGE_CURVE('',#6378,#6182,#6383,.T.) ;
#6417=EDGE_CURVE('',#6414,#6416,#6397,.T.) ;
#6422=EDGE_CURVE('',#6196,#6416,#6421,.T.) ;
#6427=EDGE_CURVE('',#6189,#6414,#6426,.T.) ;
#6451=EDGE_CURVE('',#6378,#6359,#6435,.T.) ;
#6475=EDGE_CURVE('',#6416,#6414,#6459,.T.) ;
#6499=EDGE_CURVE('',#6498,#6290,#6496,.F.) ;
#6527=EDGE_CURVE('',#6526,#6498,#6500,.T.) ;
#6552=EDGE_CURVE('',#6526,#6551,#6528,.T.) ;
#6557=EDGE_CURVE('',#6551,#6309,#6556,.F.) ;
#6590=EDGE_CURVE('',#6589,#6551,#6566,.T.) ;
#6613=EDGE_CURVE('',#6589,#6498,#6591,.T.) ;
#6633=EDGE_CURVE('',#6632,#6359,#6630,.F.) ;
#6640=EDGE_CURVE('',#6639,#6632,#6637,.T.) ;
#6645=EDGE_CURVE('',#6639,#6378,#6644,.F.) ;
#6666=EDGE_CURVE('',#6663,#6665,#6661,.F.) ;
#6671=EDGE_CURVE('',#6416,#6665,#6670,.T.) ;
#6676=EDGE_CURVE('',#6414,#6663,#6675,.T.) ;
#6688=EDGE_CURVE('',#6632,#6639,#6687,.T.) ;
#6700=EDGE_CURVE('',#6665,#6663,#6699,.F.) ;
#6721=EDGE_CURVE('',#6718,#6720,#6716,.F.) ;
#6728=EDGE_CURVE('',#6727,#6718,#6725,.T.) ;
#6733=EDGE_CURVE('',#6551,#6727,#6732,.T.) ;
#6740=EDGE_CURVE('',#6739,#6498,#6737,.T.) ;
#6747=EDGE_CURVE('',#6739,#6746,#6744,.F.) ;
#6754=EDGE_CURVE('',#6746,#6753,#6751,.F.) ;
#6759=EDGE_CURVE('',#6753,#6720,#6758,.T.) ;
#6776=EDGE_CURVE('',#6720,#6718,#6775,.F.) ;
#6781=EDGE_CURVE('',#6753,#6746,#6780,.F.) ;
#6805=EDGE_CURVE('',#6639,#6804,#6802,.T.) ;
#6812=EDGE_CURVE('',#6632,#6811,#6809,.T.) ;
#6831=EDGE_CURVE('',#6811,#6830,#6813,.T.) ;
#6848=EDGE_CURVE('',#6830,#6804,#6832,.T.) ;
#6868=EDGE_CURVE('',#6665,#6867,#6865,.T.) ;
#6875=EDGE_CURVE('',#6663,#6874,#6872,.T.) ;
#6894=EDGE_CURVE('',#6893,#6874,#6876,.T.) ;
#6911=EDGE_CURVE('',#6867,#6893,#6895,.T.) ;
#6935=EDGE_CURVE('',#6934,#6804,#6920,.T.) ;
#6943=EDGE_CURVE('',#6811,#6934,#6936,.T.) ;
#6961=EDGE_CURVE('',#6867,#6960,#6952,.T.) ;
#6975=EDGE_CURVE('',#6960,#6874,#6962,.T.) ;
#6995=EDGE_CURVE('',#6994,#6746,#6992,.T.) ;
#7014=EDGE_CURVE('',#7013,#6994,#6996,.T.) ;
#7019=EDGE_CURVE('',#7013,#6753,#7018,.T.) ;
#7052=EDGE_CURVE('',#7049,#7051,#7032,.T.) ;
#7057=EDGE_CURVE('',#6718,#7049,#7056,.T.) ;
#7062=EDGE_CURVE('',#6720,#7051,#7061,.T.) ;
#7086=EDGE_CURVE('',#6994,#7013,#7070,.T.) ;
#7110=EDGE_CURVE('',#7051,#7049,#7094,.T.) ;
#7129=EDGE_CURVE('',#7128,#6934,#7126,.F.) ;
#7160=EDGE_CURVE('',#7159,#7128,#7130,.T.) ;
#7165=EDGE_CURVE('',#7159,#6830,#7164,.F.) ;
#7205=EDGE_CURVE('',#7128,#7159,#7174,.T.) ;
#7225=EDGE_CURVE('',#7224,#6994,#7222,.F.) ;
#7232=EDGE_CURVE('',#7224,#7231,#7229,.T.) ;
#7237=EDGE_CURVE('',#7231,#7013,#7236,.F.) ;
#7258=EDGE_CURVE('',#7255,#7257,#7253,.F.) ;
#7263=EDGE_CURVE('',#7049,#7255,#7262,.T.) ;
#7268=EDGE_CURVE('',#7051,#7257,#7267,.T.) ;
#7280=EDGE_CURVE('',#7231,#7224,#7279,.T.) ;
#7292=EDGE_CURVE('',#7257,#7255,#7291,.F.) ;
#7366=EDGE_CURVE('',#7365,#7128,#7361,.T.) ;
#7376=EDGE_CURVE('',#7365,#7375,#7367,.F.) ;
#7401=EDGE_CURVE('',#7375,#7400,#7377,.F.) ;
#7405=EDGE_CURVE('',#7400,#7159,#7402,.T.) ;
#7493=EDGE_CURVE('',#7400,#7492,#7475,.F.) ;
#7513=EDGE_CURVE('',#7492,#7365,#7494,.F.) ;
#7538=EDGE_CURVE('',#7535,#7537,#7527,.T.) ;
#7554=EDGE_CURVE('',#7553,#7535,#7539,.T.) ;
#7559=EDGE_CURVE('',#7231,#7553,#7558,.T.) ;
#7564=EDGE_CURVE('',#7224,#7537,#7563,.T.) ;
#7598=EDGE_CURVE('',#7595,#7597,#7578,.T.) ;
#7608=EDGE_CURVE('',#7607,#7595,#7599,.T.) ;
#7613=EDGE_CURVE('',#7255,#7607,#7612,.T.) ;
#7618=EDGE_CURVE('',#7257,#7597,#7617,.T.) ;
#7636=EDGE_CURVE('',#7635,#7553,#7627,.T.) ;
#7650=EDGE_CURVE('',#7537,#7635,#7637,.T.) ;
#7677=EDGE_CURVE('',#7676,#7607,#7659,.T.) ;
#7685=EDGE_CURVE('',#7597,#7676,#7678,.T.) ;
#7703=EDGE_CURVE('',#7400,#7635,#7702,.F.) ;
#7708=EDGE_CURVE('',#7365,#7535,#7707,.F.) ;
#7829=EDGE_CURVE('',#7826,#7828,#7788,.T.) ;
#7835=EDGE_CURVE('',#7834,#7828,#7830,.T.) ;
#7869=EDGE_CURVE('',#7868,#7834,#7836,.T.) ;
#7891=EDGE_CURVE('',#7890,#7868,#7870,.T.) ;
#7895=EDGE_CURVE('',#7890,#7826,#7892,.T.) ;
#7998=EDGE_CURVE('',#7997,#7890,#7965,.T.) ;
#8015=EDGE_CURVE('',#7834,#7997,#7999,.T.) ;
#8062=EDGE_CURVE('',#7828,#7826,#8016,.T.) ;
#8080=EDGE_CURVE('',#6893,#7828,#8079,.T.) ;
#8085=EDGE_CURVE('',#6960,#7826,#8084,.T.) ;
#8111=EDGE_CURVE('',#7595,#7890,#8110,.T.) ;
#8116=EDGE_CURVE('',#7676,#7834,#8115,.T.) ;
#8152=EDGE_CURVE('',#8149,#8151,#8147,.F.) ;
#8159=EDGE_CURVE('',#8158,#8149,#8156,.F.) ;
#8166=EDGE_CURVE('',#8165,#8158,#8163,.T.) ;
#8171=EDGE_CURVE('',#8165,#8151,#8170,.F.) ;
#8183=EDGE_CURVE('',#8158,#8165,#8182,.T.) ;
#8188=EDGE_CURVE('',#8151,#8149,#8187,.F.) ;
#8207=EDGE_CURVE('',#8206,#8151,#8204,.T.) ;
#8214=EDGE_CURVE('',#8213,#8149,#8211,.T.) ;
#8221=EDGE_CURVE('',#8220,#8213,#8218,.F.) ;
#8226=EDGE_CURVE('',#8206,#8220,#8225,.F.) ;
#8241=EDGE_CURVE('',#8240,#8206,#8238,.F.) ;
#8246=EDGE_CURVE('',#8213,#8240,#8245,.F.) ;
#8268=EDGE_CURVE('',#8265,#8267,#8263,.F.) ;
#8275=EDGE_CURVE('',#8267,#8274,#8272,.F.) ;
#8280=EDGE_CURVE('',#8274,#8158,#8279,.T.) ;
#8285=EDGE_CURVE('',#8265,#8165,#8284,.T.) ;
#8303=EDGE_CURVE('',#8274,#8213,#8302,.F.) ;
#8308=EDGE_CURVE('',#8265,#8206,#8307,.F.) ;
#8324=EDGE_CURVE('',#8274,#8323,#8321,.F.) ;
#8329=EDGE_CURVE('',#8323,#8265,#8328,.F.) ;
#8358=EDGE_CURVE('',#8355,#8357,#8353,.T.) ;
#8365=EDGE_CURVE('',#8355,#8364,#8362,.T.) ;
#8372=EDGE_CURVE('',#8364,#8371,#8369,.T.) ;
#8379=EDGE_CURVE('',#8378,#8371,#8376,.T.) ;
#8386=EDGE_CURVE('',#8385,#8378,#8383,.T.) ;
#8409=EDGE_CURVE('',#6589,#8385,#8387,.T.) ;
#8432=EDGE_CURVE('',#6589,#8357,#8410,.T.) ;
#8447=EDGE_CURVE('',#8371,#8378,#8446,.T.) ;
#8452=EDGE_CURVE('',#8364,#8355,#8451,.T.) ;
#8478=EDGE_CURVE('',#6526,#8357,#8453,.T.) ;
#8501=EDGE_CURVE('',#6526,#8385,#8479,.T.) ;
#8518=EDGE_CURVE('',#8517,#8385,#8515,.T.) ;
#8525=EDGE_CURVE('',#8517,#8524,#8522,.T.) ;
#8530=EDGE_CURVE('',#8524,#8357,#8529,.T.) ;
#8543=EDGE_CURVE('',#8524,#8517,#8542,.T.) ;
#8569=EDGE_CURVE('',#8566,#8568,#8564,.T.) ;
#8576=EDGE_CURVE('',#8566,#8575,#8573,.T.) ;
#8583=EDGE_CURVE('',#8575,#8582,#8580,.T.) ;
#8588=EDGE_CURVE('',#8568,#8582,#8587,.T.) ;
#8605=EDGE_CURVE('',#8575,#8566,#8604,.T.) ;
#8610=EDGE_CURVE('',#8582,#8568,#8609,.T.) ;
#8628=EDGE_CURVE('',#8625,#8627,#8623,.T.) ;
#8635=EDGE_CURVE('',#8625,#8634,#8632,.T.) ;
#8642=EDGE_CURVE('',#8634,#8641,#8639,.T.) ;
#8647=EDGE_CURVE('',#8627,#8641,#8646,.T.) ;
#8659=EDGE_CURVE('',#8634,#8625,#8658,.T.) ;
#8664=EDGE_CURVE('',#8641,#8627,#8663,.T.) ;
#8687=EDGE_CURVE('',#8684,#8686,#8682,.F.) ;
#8694=EDGE_CURVE('',#8684,#8693,#8691,.T.) ;
#8701=EDGE_CURVE('',#8693,#8700,#8698,.F.) ;
#8706=EDGE_CURVE('',#8686,#8700,#8705,.T.) ;
#8718=EDGE_CURVE('',#8693,#8684,#8717,.T.) ;
#8723=EDGE_CURVE('',#8700,#8686,#8722,.T.) ;
#8746=EDGE_CURVE('',#8743,#8745,#8741,.F.) ;
#8753=EDGE_CURVE('',#8743,#8752,#8750,.T.) ;
#8760=EDGE_CURVE('',#8752,#8759,#8757,.F.) ;
#8765=EDGE_CURVE('',#8745,#8759,#8764,.T.) ;
#8777=EDGE_CURVE('',#8752,#8743,#8776,.T.) ;
#8782=EDGE_CURVE('',#8759,#8745,#8781,.T.) ;
#8800=EDGE_CURVE('',#8797,#8799,#8795,.T.) ;
#8807=EDGE_CURVE('',#8797,#8806,#8804,.F.) ;
#8814=EDGE_CURVE('',#8806,#8813,#8811,.T.) ;
#8819=EDGE_CURVE('',#8799,#8813,#8818,.F.) ;
#8831=EDGE_CURVE('',#8806,#8797,#8830,.F.) ;
#8836=EDGE_CURVE('',#8813,#8799,#8835,.F.) ;
#8854=EDGE_CURVE('',#8851,#8853,#8849,.T.) ;
#8861=EDGE_CURVE('',#8851,#8860,#8858,.F.) ;
#8868=EDGE_CURVE('',#8860,#8867,#8865,.T.) ;
#8873=EDGE_CURVE('',#8853,#8867,#8872,.F.) ;
#8885=EDGE_CURVE('',#8860,#8851,#8884,.F.) ;
#8890=EDGE_CURVE('',#8867,#8853,#8889,.F.) ;
#8908=EDGE_CURVE('',#8905,#8907,#8903,.T.) ;
#8915=EDGE_CURVE('',#8905,#8914,#8912,.T.) ;
#8922=EDGE_CURVE('',#8914,#8921,#8919,.T.) ;
#8927=EDGE_CURVE('',#8907,#8921,#8926,.T.) ;
#8939=EDGE_CURVE('',#8914,#8905,#8938,.T.) ;
#8944=EDGE_CURVE('',#8921,#8907,#8943,.T.) ;
#8962=EDGE_CURVE('',#8959,#8961,#8957,.T.) ;
#8969=EDGE_CURVE('',#8959,#8968,#8966,.F.) ;
#8976=EDGE_CURVE('',#8968,#8975,#8973,.T.) ;
#8981=EDGE_CURVE('',#8961,#8975,#8980,.F.) ;
#8993=EDGE_CURVE('',#8968,#8959,#8992,.F.) ;
#8998=EDGE_CURVE('',#8975,#8961,#8997,.F.) ;
#9021=EDGE_CURVE('',#9018,#9020,#9016,.T.) ;
#9028=EDGE_CURVE('',#9018,#9027,#9025,.T.) ;
#9035=EDGE_CURVE('',#9027,#9034,#9032,.T.) ;
#9040=EDGE_CURVE('',#9020,#9034,#9039,.T.) ;
#9052=EDGE_CURVE('',#9027,#9018,#9051,.T.) ;
#9057=EDGE_CURVE('',#9034,#9020,#9056,.T.) ;
#9075=EDGE_CURVE('',#9072,#9074,#9070,.T.) ;
#9082=EDGE_CURVE('',#9072,#9081,#9079,.F.) ;
#9089=EDGE_CURVE('',#9081,#9088,#9086,.T.) ;
#9094=EDGE_CURVE('',#9074,#9088,#9093,.F.) ;
#9106=EDGE_CURVE('',#9081,#9072,#9105,.F.) ;
#9111=EDGE_CURVE('',#9088,#9074,#9110,.F.) ;
#9129=EDGE_CURVE('',#9126,#9128,#9124,.F.) ;
#9136=EDGE_CURVE('',#9126,#9135,#9133,.T.) ;
#9143=EDGE_CURVE('',#9135,#9142,#9140,.F.) ;
#9148=EDGE_CURVE('',#9128,#9142,#9147,.T.) ;
#9160=EDGE_CURVE('',#9135,#9126,#9159,.T.) ;
#9165=EDGE_CURVE('',#9142,#9128,#9164,.T.) ;
#9183=EDGE_CURVE('',#9180,#9182,#9178,.F.) ;
#9190=EDGE_CURVE('',#9180,#9189,#9187,.T.) ;
#9197=EDGE_CURVE('',#9189,#9196,#9194,.F.) ;
#9202=EDGE_CURVE('',#9182,#9196,#9201,.T.) ;
#9214=EDGE_CURVE('',#9189,#9180,#9213,.T.) ;
#9219=EDGE_CURVE('',#9196,#9182,#9218,.T.) ;
#9237=EDGE_CURVE('',#9234,#9236,#9232,.F.) ;
#9244=EDGE_CURVE('',#9234,#9243,#9241,.F.) ;
#9251=EDGE_CURVE('',#9243,#9250,#9248,.F.) ;
#9256=EDGE_CURVE('',#9236,#9250,#9255,.F.) ;
#9268=EDGE_CURVE('',#9236,#9234,#9267,.F.) ;
#9273=EDGE_CURVE('',#9250,#9243,#9272,.F.) ;
#9291=EDGE_CURVE('',#9288,#9290,#9286,.T.) ;
#9298=EDGE_CURVE('',#9288,#9297,#9295,.T.) ;
#9305=EDGE_CURVE('',#9297,#9304,#9302,.T.) ;
#9310=EDGE_CURVE('',#9290,#9304,#9309,.T.) ;
#9322=EDGE_CURVE('',#9290,#9288,#9321,.T.) ;
#9327=EDGE_CURVE('',#9304,#9297,#9326,.T.) ;
#9372=EDGE_CURVE('',#9369,#9371,#9367,.T.) ;
#9379=EDGE_CURVE('',#9369,#9378,#9376,.T.) ;
#9386=EDGE_CURVE('',#9378,#9385,#9383,.T.) ;
#9391=EDGE_CURVE('',#9371,#9385,#9390,.T.) ;
#9403=EDGE_CURVE('',#9378,#9369,#9402,.T.) ;
#9408=EDGE_CURVE('',#9385,#9371,#9407,.T.) ;
#9433=EDGE_CURVE('',#9430,#9432,#9428,.T.) ;
#9438=EDGE_CURVE('',#9432,#9430,#9437,.T.) ;
#9451=EDGE_CURVE('',#9448,#9450,#9446,.T.) ;
#9456=EDGE_CURVE('',#9450,#9448,#9455,.T.) ;
#9469=EDGE_CURVE('',#9466,#9468,#9464,.T.) ;
#9474=EDGE_CURVE('',#9468,#9466,#9473,.T.) ;
#9487=EDGE_CURVE('',#9484,#9486,#9482,.T.) ;
#9492=EDGE_CURVE('',#9486,#9484,#9491,.T.) ;
#9505=EDGE_CURVE('',#9502,#9504,#9500,.T.) ;
#9510=EDGE_CURVE('',#9504,#9502,#9509,.T.) ;
#9523=EDGE_CURVE('',#9520,#9522,#9518,.T.) ;
#9528=EDGE_CURVE('',#9522,#9520,#9527,.T.) ;
#9541=EDGE_CURVE('',#9538,#9540,#9536,.T.) ;
#9546=EDGE_CURVE('',#9540,#9538,#9545,.T.) ;
#9559=EDGE_CURVE('',#9556,#9558,#9554,.T.) ;
#9564=EDGE_CURVE('',#9558,#9556,#9563,.T.) ;
#9577=EDGE_CURVE('',#9574,#9576,#9572,.T.) ;
#9582=EDGE_CURVE('',#9576,#9574,#9581,.T.) ;
#9595=EDGE_CURVE('',#9592,#9594,#9590,.T.) ;
#9600=EDGE_CURVE('',#9594,#9592,#9599,.T.) ;
#9613=EDGE_CURVE('',#9610,#9612,#9608,.T.) ;
#9618=EDGE_CURVE('',#9612,#9610,#9617,.T.) ;
#9631=EDGE_CURVE('',#9628,#9630,#9626,.T.) ;
#9636=EDGE_CURVE('',#9630,#9628,#9635,.T.) ;
#9649=EDGE_CURVE('',#9646,#9648,#9644,.T.) ;
#9654=EDGE_CURVE('',#9648,#9646,#9653,.T.) ;
#9671=EDGE_CURVE('',#9670,#9450,#9668,.T.) ;
#9678=EDGE_CURVE('',#9677,#9670,#9675,.T.) ;
#9683=EDGE_CURVE('',#9677,#9448,#9682,.T.) ;
#9695=EDGE_CURVE('',#9670,#9677,#9694,.T.) ;
#9714=EDGE_CURVE('',#9713,#9468,#9711,.T.) ;
#9721=EDGE_CURVE('',#9720,#9713,#9718,.T.) ;
#9726=EDGE_CURVE('',#9720,#9466,#9725,.T.) ;
#9738=EDGE_CURVE('',#9713,#9720,#9737,.T.) ;
#9757=EDGE_CURVE('',#9756,#9486,#9754,.T.) ;
#9764=EDGE_CURVE('',#9763,#9756,#9761,.T.) ;
#9769=EDGE_CURVE('',#9763,#9484,#9768,.T.) ;
#9781=EDGE_CURVE('',#9756,#9763,#9780,.T.) ;
#9800=EDGE_CURVE('',#9799,#9504,#9797,.T.) ;
#9807=EDGE_CURVE('',#9806,#9799,#9804,.T.) ;
#9812=EDGE_CURVE('',#9806,#9502,#9811,.T.) ;
#9824=EDGE_CURVE('',#9799,#9806,#9823,.T.) ;
#9843=EDGE_CURVE('',#9842,#9522,#9840,.T.) ;
#9850=EDGE_CURVE('',#9849,#9842,#9847,.T.) ;
#9855=EDGE_CURVE('',#9849,#9520,#9854,.T.) ;
#9867=EDGE_CURVE('',#9842,#9849,#9866,.T.) ;
#9886=EDGE_CURVE('',#9885,#9540,#9883,.T.) ;
#9893=EDGE_CURVE('',#9892,#9885,#9890,.T.) ;
#9898=EDGE_CURVE('',#9892,#9538,#9897,.T.) ;
#9910=EDGE_CURVE('',#9885,#9892,#9909,.T.) ;
#9929=EDGE_CURVE('',#9928,#9558,#9926,.T.) ;
#9936=EDGE_CURVE('',#9935,#9928,#9933,.T.) ;
#9941=EDGE_CURVE('',#9935,#9556,#9940,.T.) ;
#9953=EDGE_CURVE('',#9928,#9935,#9952,.T.) ;
#9972=EDGE_CURVE('',#9971,#9576,#9969,.T.) ;
#9979=EDGE_CURVE('',#9978,#9971,#9976,.T.) ;
#9984=EDGE_CURVE('',#9978,#9574,#9983,.T.) ;
#9996=EDGE_CURVE('',#9971,#9978,#9995,.T.) ;
#10015=EDGE_CURVE('',#10014,#9594,#10012,.T.) ;
#10022=EDGE_CURVE('',#10021,#10014,#10019,.T.) ;
#10027=EDGE_CURVE('',#10021,#9592,#10026,.T.) ;
#10039=EDGE_CURVE('',#10014,#10021,#10038,.T.) ;
#10058=EDGE_CURVE('',#10057,#9612,#10055,.T.) ;
#10065=EDGE_CURVE('',#10064,#10057,#10062,.T.) ;
#10070=EDGE_CURVE('',#10064,#9610,#10069,.T.) ;
#10082=EDGE_CURVE('',#10057,#10064,#10081,.T.) ;
#10101=EDGE_CURVE('',#10100,#9630,#10098,.T.) ;
#10108=EDGE_CURVE('',#10107,#10100,#10105,.T.) ;
#10113=EDGE_CURVE('',#10107,#9628,#10112,.T.) ;
#10125=EDGE_CURVE('',#10100,#10107,#10124,.T.) ;
#10144=EDGE_CURVE('',#10143,#9648,#10141,.T.) ;
#10151=EDGE_CURVE('',#10150,#10143,#10148,.T.) ;
#10156=EDGE_CURVE('',#10150,#9646,#10155,.T.) ;
#10168=EDGE_CURVE('',#10143,#10150,#10167,.T.) ;
#10189=EDGE_CURVE('',#10186,#10188,#10184,.T.) ;
#10194=EDGE_CURVE('',#10188,#10186,#10193,.T.) ;
#10211=EDGE_CURVE('',#10210,#10186,#10208,.T.) ;
#10218=EDGE_CURVE('',#10217,#10210,#10215,.T.) ;
#10223=EDGE_CURVE('',#10217,#10188,#10222,.T.) ;
#10235=EDGE_CURVE('',#10210,#10217,#10234,.T.) ;
#10254=EDGE_CURVE('',#10253,#10210,#10251,.T.) ;
#10261=EDGE_CURVE('',#10260,#10253,#10258,.F.) ;
#10266=EDGE_CURVE('',#10260,#10217,#10265,.T.) ;
#10278=EDGE_CURVE('',#10253,#10260,#10277,.F.) ;
#10297=EDGE_CURVE('',#10296,#10253,#10294,.T.) ;
#10304=EDGE_CURVE('',#10303,#10296,#10301,.T.) ;
#10309=EDGE_CURVE('',#10303,#10260,#10308,.T.) ;
#10321=EDGE_CURVE('',#10296,#10303,#10320,.T.) ;
#10342=EDGE_CURVE('',#10339,#10341,#10337,.T.) ;
#10349=EDGE_CURVE('',#10339,#10348,#10346,.F.) ;
#10356=EDGE_CURVE('',#10348,#10355,#10353,.T.) ;
#10361=EDGE_CURVE('',#10341,#10355,#10360,.F.) ;
#10373=EDGE_CURVE('',#10355,#10341,#10372,.F.) ;
#10378=EDGE_CURVE('',#10348,#10339,#10377,.F.) ;
#10395=EDGE_CURVE('',#9432,#10348,#10394,.T.) ;
#10400=EDGE_CURVE('',#9430,#10339,#10399,.T.) ;
#10419=EDGE_CURVE('',#10341,#10418,#10416,.T.) ;
#10426=EDGE_CURVE('',#10355,#10425,#10423,.T.) ;
#10431=EDGE_CURVE('',#10425,#10418,#10430,.F.) ;
#10443=EDGE_CURVE('',#10418,#10425,#10442,.F.) ;
#10466=EDGE_CURVE('',#10463,#10465,#10461,.T.) ;
#10473=EDGE_CURVE('',#10463,#10472,#10470,.T.) ;
#10480=EDGE_CURVE('',#10472,#10479,#10477,.T.) ;
#10485=EDGE_CURVE('',#10479,#10465,#10484,.F.) ;
#10510=EDGE_CURVE('',#10507,#10509,#10505,.T.) ;
#10517=EDGE_CURVE('',#10507,#10516,#10514,.T.) ;
#10524=EDGE_CURVE('',#10516,#10523,#10521,.T.) ;
#10531=EDGE_CURVE('',#10530,#10523,#10528,.T.) ;
#10538=EDGE_CURVE('',#10537,#10530,#10535,.T.) ;
#10543=EDGE_CURVE('',#10537,#10463,#10542,.F.) ;
#10548=EDGE_CURVE('',#10465,#10509,#10547,.T.) ;
#10571=EDGE_CURVE('',#10570,#10507,#10568,.T.) ;
#10576=EDGE_CURVE('',#10472,#10570,#10575,.T.) ;
#10583=EDGE_CURVE('',#10582,#10537,#10580,.T.) ;
#10590=EDGE_CURVE('',#10589,#10582,#10587,.T.) ;
#10595=EDGE_CURVE('',#10516,#10589,#10594,.T.) ;
#10618=EDGE_CURVE('',#10570,#10617,#10615,.T.) ;
#10623=EDGE_CURVE('',#10479,#10617,#10622,.T.) ;
#10640=EDGE_CURVE('',#10509,#10617,#10639,.T.) ;
#10659=EDGE_CURVE('',#10582,#10658,#10656,.T.) ;
#10664=EDGE_CURVE('',#10658,#10530,#10663,.T.) ;
#10683=EDGE_CURVE('',#10523,#10682,#10680,.F.) ;
#10688=EDGE_CURVE('',#10682,#10658,#10687,.T.) ;
#10705=EDGE_CURVE('',#10589,#10682,#10704,.T.) ;
#10808=EDGE_CURVE('',#10296,#10303,#10807,.T.) ;
#10820=EDGE_CURVE('',#10303,#10296,#10819,.T.) ;
#10848=EDGE_CURVE('',#10210,#10847,#10845,.T.) ;
#10855=EDGE_CURVE('',#10217,#10854,#10852,.T.) ;
#10860=EDGE_CURVE('',#10847,#10854,#10859,.T.) ;
#10872=EDGE_CURVE('',#10854,#10847,#10871,.T.) ;
#96=EDGE_LOOP('',(#97,#98,#99,#100)) ;
#113=EDGE_LOOP('',(#114,#115,#116,#117)) ;
#125=EDGE_LOOP('',(#126,#127)) ;
#143=EDGE_LOOP('',(#144,#145)) ;
#161=EDGE_LOOP('',(#162,#163)) ;
#179=EDGE_LOOP('',(#180,#181)) ;
#197=EDGE_LOOP('',(#198,#199)) ;
#215=EDGE_LOOP('',(#216,#217)) ;
#233=EDGE_LOOP('',(#234,#235)) ;
#251=EDGE_LOOP('',(#252,#253)) ;
#269=EDGE_LOOP('',(#270,#271)) ;
#287=EDGE_LOOP('',(#288,#289)) ;
#305=EDGE_LOOP('',(#306,#307)) ;
#323=EDGE_LOOP('',(#324,#325)) ;
#341=EDGE_LOOP('',(#342,#343)) ;
#359=EDGE_LOOP('',(#360,#361)) ;
#388=EDGE_LOOP('',(#389,#390,#391,#392)) ;
#400=EDGE_LOOP('',(#401,#402,#403,#404)) ;
#431=EDGE_LOOP('',(#432,#433,#434,#435)) ;
#443=EDGE_LOOP('',(#444,#445,#446,#447)) ;
#474=EDGE_LOOP('',(#475,#476,#477,#478)) ;
#486=EDGE_LOOP('',(#487,#488,#489,#490)) ;
#517=EDGE_LOOP('',(#518,#519,#520,#521)) ;
#529=EDGE_LOOP('',(#530,#531,#532,#533)) ;
#560=EDGE_LOOP('',(#561,#562,#563,#564)) ;
#572=EDGE_LOOP('',(#573,#574,#575,#576)) ;
#603=EDGE_LOOP('',(#604,#605,#606,#607)) ;
#615=EDGE_LOOP('',(#616,#617,#618,#619)) ;
#646=EDGE_LOOP('',(#647,#648,#649,#650)) ;
#658=EDGE_LOOP('',(#659,#660,#661,#662)) ;
#689=EDGE_LOOP('',(#690,#691,#692,#693)) ;
#701=EDGE_LOOP('',(#702,#703,#704,#705)) ;
#732=EDGE_LOOP('',(#733,#734,#735,#736)) ;
#744=EDGE_LOOP('',(#745,#746,#747,#748)) ;
#775=EDGE_LOOP('',(#776,#777,#778,#779)) ;
#787=EDGE_LOOP('',(#788,#789,#790,#791)) ;
#818=EDGE_LOOP('',(#819,#820,#821,#822)) ;
#830=EDGE_LOOP('',(#831,#832,#833,#834)) ;
#861=EDGE_LOOP('',(#862,#863,#864,#865)) ;
#873=EDGE_LOOP('',(#874,#875,#876,#877)) ;
#913=EDGE_LOOP('',(#914,#915,#916,#917)) ;
#965=EDGE_LOOP('',(#966,#967,#968,#969,#970,#971,#972)) ;
#1036=EDGE_LOOP('',(#1037,#1038,#1039,#1040,#1041,#1042,#1043,#1044)) ;
#1058=EDGE_LOOP('',(#1059,#1060,#1061,#1062)) ;
#1103=EDGE_LOOP('',(#1104,#1105,#1106,#1107,#1108,#1109,#1110)) ;
#1123=EDGE_LOOP('',(#1124,#1125,#1126,#1127)) ;
#1140=EDGE_LOOP('',(#1141,#1142,#1143,#1144)) ;
#1157=EDGE_LOOP('',(#1158,#1159,#1160,#1161)) ;
#1169=EDGE_LOOP('',(#1170,#1171,#1172,#1173)) ;
#1176=EDGE_LOOP('',(#1177,#1178,#1179,#1180)) ;
#1263=EDGE_LOOP('',(#1264,#1265,#1266,#1267,#1268,#1269,#1270,#1271,#1272,#1273,#1274,#1275)) ;
#1305=EDGE_LOOP('',(#1306,#1307,#1308,#1309)) ;
#1367=EDGE_LOOP('',(#1368,#1369,#1370,#1371,#1372,#1373,#1374,#1375,#1376,#1377,#1378,#1379)) ;
#1409=EDGE_LOOP('',(#1410,#1411,#1412,#1413)) ;
#1433=EDGE_LOOP('',(#1434,#1435,#1436,#1437)) ;
#1457=EDGE_LOOP('',(#1458,#1459,#1460,#1461)) ;
#1474=EDGE_LOOP('',(#1475,#1476,#1477,#1478)) ;
#1498=EDGE_LOOP('',(#1499,#1500,#1501,#1502)) ;
#1515=EDGE_LOOP('',(#1516,#1517,#1518,#1519)) ;
#1569=EDGE_LOOP('',(#1570,#1571,#1572,#1573,#1574,#1575)) ;
#1577=EDGE_LOOP('',(#1578,#1579,#1580,#1581)) ;
#1601=EDGE_LOOP('',(#1602,#1603,#1604,#1605)) ;
#1644=EDGE_LOOP('',(#1645,#1646,#1647,#1648,#1649,#1650,#1651,#1652)) ;
#1672=EDGE_LOOP('',(#1673,#1674,#1675,#1676)) ;
#1696=EDGE_LOOP('',(#1697,#1698,#1699,#1700)) ;
#1716=EDGE_LOOP('',(#1717,#1718)) ;
#1731=EDGE_LOOP('',(#1732,#1733,#1734,#1735)) ;
#1748=EDGE_LOOP('',(#1749,#1750,#1751,#1752)) ;
#1779=EDGE_LOOP('',(#1780,#1781,#1782,#1783)) ;
#1803=EDGE_LOOP('',(#1804,#1805,#1806,#1807)) ;
#1827=EDGE_LOOP('',(#1828,#1829,#1830,#1831)) ;
#1844=EDGE_LOOP('',(#1845,#1846,#1847,#1848)) ;
#1856=EDGE_LOOP('',(#1857,#1858,#1859,#1860)) ;
#1868=EDGE_LOOP('',(#1869,#1870,#1871,#1872)) ;
#1899=EDGE_LOOP('',(#1900,#1901,#1902,#1903)) ;
#1923=EDGE_LOOP('',(#1924,#1925,#1926,#1927)) ;
#1947=EDGE_LOOP('',(#1948,#1949,#1950,#1951)) ;
#1959=EDGE_LOOP('',(#1960,#1961,#1962,#1963)) ;
#1985=EDGE_LOOP('',(#1986,#1987,#1988,#1989)) ;
#2023=EDGE_LOOP('',(#2024,#2025,#2026,#2027,#2028,#2029)) ;
#2045=EDGE_LOOP('',(#2046,#2047)) ;
#2081=EDGE_LOOP('',(#2082,#2083,#2084,#2085,#2086,#2087)) ;
#2107=EDGE_LOOP('',(#2108,#2109,#2110,#2111)) ;
#2131=EDGE_LOOP('',(#2132,#2133,#2134,#2135)) ;
#2167=EDGE_LOOP('',(#2168,#2169,#2170,#2171,#2172,#2173,#2174,#2175)) ;
#2183=EDGE_LOOP('',(#2184,#2185,#2186,#2187)) ;
#2214=EDGE_LOOP('',(#2215,#2216,#2217,#2218)) ;
#2226=EDGE_LOOP('',(#2227,#2228,#2229,#2230)) ;
#2238=EDGE_LOOP('',(#2239,#2240,#2241,#2242)) ;
#2250=EDGE_LOOP('',(#2251,#2252,#2253,#2254)) ;
#2270=EDGE_LOOP('',(#2271,#2272)) ;
#2280=EDGE_LOOP('',(#2281,#2282,#2283,#2284)) ;
#2297=EDGE_LOOP('',(#2298,#2299,#2300,#2301)) ;
#2304=EDGE_LOOP('',(#2305,#2306,#2307,#2308)) ;
#2342=EDGE_LOOP('',(#2343,#2344,#2345,#2346,#2347)) ;
#2367=EDGE_LOOP('',(#2368,#2369,#2370,#2371,#2372)) ;
#2380=EDGE_LOOP('',(#2381,#2382,#2383,#2384)) ;
#2392=EDGE_LOOP('',(#2393,#2394)) ;
#2410=EDGE_LOOP('',(#2411,#2412)) ;
#2453=EDGE_LOOP('',(#2454,#2455,#2456,#2457,#2458,#2459)) ;
#2474=EDGE_LOOP('',(#2475,#2476,#2477,#2478,#2479,#2480)) ;
#2519=EDGE_LOOP('',(#2520,#2521,#2522,#2523,#2524)) ;
#2544=EDGE_LOOP('',(#2545,#2546,#2547,#2548,#2549)) ;
#2576=EDGE_LOOP('',(#2577,#2578,#2579,#2580)) ;
#2588=EDGE_LOOP('',(#2589,#2590,#2591,#2592)) ;
#2631=EDGE_LOOP('',(#2632,#2633,#2634,#2635,#2636)) ;
#2656=EDGE_LOOP('',(#2657,#2658,#2659,#2660,#2661)) ;
#2688=EDGE_LOOP('',(#2689,#2690,#2691,#2692)) ;
#2700=EDGE_LOOP('',(#2701,#2702,#2703,#2704)) ;
#2707=EDGE_LOOP('',(#2708,#2709)) ;
#2736=EDGE_LOOP('',(#2737,#2738,#2739,#2740)) ;
#2748=EDGE_LOOP('',(#2749,#2750,#2751,#2752)) ;
#2791=EDGE_LOOP('',(#2792,#2793,#2794,#2795)) ;
#2815=EDGE_LOOP('',(#2816,#2817,#2818,#2819)) ;
#2858=EDGE_LOOP('',(#2859,#2860,#2861,#2862)) ;
#2882=EDGE_LOOP('',(#2883,#2884,#2885,#2886)) ;
#2913=EDGE_LOOP('',(#2914,#2915,#2916,#2917)) ;
#2925=EDGE_LOOP('',(#2926,#2927,#2928,#2929)) ;
#2956=EDGE_LOOP('',(#2957,#2958,#2959,#2960)) ;
#2968=EDGE_LOOP('',(#2969,#2970,#2971,#2972)) ;
#3011=EDGE_LOOP('',(#3012,#3013,#3014,#3015)) ;
#3035=EDGE_LOOP('',(#3036,#3037,#3038,#3039)) ;
#3078=EDGE_LOOP('',(#3079,#3080,#3081,#3082)) ;
#3102=EDGE_LOOP('',(#3103,#3104,#3105,#3106)) ;
#3133=EDGE_LOOP('',(#3134,#3135,#3136,#3137)) ;
#3145=EDGE_LOOP('',(#3146,#3147,#3148,#3149)) ;
#3176=EDGE_LOOP('',(#3177,#3178,#3179,#3180)) ;
#3188=EDGE_LOOP('',(#3189,#3190,#3191,#3192)) ;
#3231=EDGE_LOOP('',(#3232,#3233,#3234,#3235)) ;
#3255=EDGE_LOOP('',(#3256,#3257,#3258,#3259)) ;
#3298=EDGE_LOOP('',(#3299,#3300,#3301,#3302)) ;
#3322=EDGE_LOOP('',(#3323,#3324,#3325,#3326)) ;
#3353=EDGE_LOOP('',(#3354,#3355,#3356,#3357)) ;
#3365=EDGE_LOOP('',(#3366,#3367,#3368,#3369)) ;
#3396=EDGE_LOOP('',(#3397,#3398,#3399,#3400)) ;
#3408=EDGE_LOOP('',(#3409,#3410,#3411,#3412)) ;
#3451=EDGE_LOOP('',(#3452,#3453,#3454,#3455)) ;
#3475=EDGE_LOOP('',(#3476,#3477,#3478,#3479)) ;
#3518=EDGE_LOOP('',(#3519,#3520,#3521,#3522)) ;
#3542=EDGE_LOOP('',(#3543,#3544,#3545,#3546)) ;
#3564=EDGE_LOOP('',(#3565,#3566,#3567,#3568)) ;
#3571=EDGE_LOOP('',(#3572,#3573,#3574,#3575)) ;
#3602=EDGE_LOOP('',(#3603,#3604,#3605,#3606)) ;
#3614=EDGE_LOOP('',(#3615,#3616,#3617,#3618)) ;
#3621=EDGE_LOOP('',(#3622,#3623)) ;
#3625=EDGE_LOOP('',(#3626,#3627)) ;
#3629=EDGE_LOOP('',(#3630,#3631)) ;
#3633=EDGE_LOOP('',(#3634,#3635)) ;
#3637=EDGE_LOOP('',(#3638,#3639)) ;
#3641=EDGE_LOOP('',(#3642,#3643)) ;
#3645=EDGE_LOOP('',(#3646,#3647)) ;
#3649=EDGE_LOOP('',(#3650,#3651)) ;
#3653=EDGE_LOOP('',(#3654,#3655)) ;
#3657=EDGE_LOOP('',(#3658,#3659)) ;
#3661=EDGE_LOOP('',(#3662,#3663)) ;
#3665=EDGE_LOOP('',(#3666,#3667)) ;
#3669=EDGE_LOOP('',(#3670,#3671)) ;
#3673=EDGE_LOOP('',(#3674,#3675)) ;
#3720=EDGE_LOOP('',(#3721,#3722,#3723,#3724)) ;
#3742=EDGE_LOOP('',(#3743,#3744,#3745,#3746)) ;
#3781=EDGE_LOOP('',(#3782,#3783,#3784,#3785)) ;
#3798=EDGE_LOOP('',(#3799,#3800,#3801,#3802)) ;
#3835=EDGE_LOOP('',(#3836,#3837,#3838,#3839)) ;
#3852=EDGE_LOOP('',(#3853,#3854,#3855,#3856)) ;
#3889=EDGE_LOOP('',(#3890,#3891,#3892,#3893)) ;
#3906=EDGE_LOOP('',(#3907,#3908,#3909,#3910)) ;
#3943=EDGE_LOOP('',(#3944,#3945,#3946,#3947)) ;
#3960=EDGE_LOOP('',(#3961,#3962,#3963,#3964)) ;
#3997=EDGE_LOOP('',(#3998,#3999,#4000,#4001)) ;
#4014=EDGE_LOOP('',(#4015,#4016,#4017,#4018)) ;
#4051=EDGE_LOOP('',(#4052,#4053,#4054,#4055)) ;
#4068=EDGE_LOOP('',(#4069,#4070,#4071,#4072)) ;
#4105=EDGE_LOOP('',(#4106,#4107,#4108,#4109)) ;
#4122=EDGE_LOOP('',(#4123,#4124,#4125,#4126)) ;
#4159=EDGE_LOOP('',(#4160,#4161,#4162,#4163)) ;
#4176=EDGE_LOOP('',(#4177,#4178,#4179,#4180)) ;
#4213=EDGE_LOOP('',(#4214,#4215,#4216,#4217)) ;
#4230=EDGE_LOOP('',(#4231,#4232,#4233,#4234)) ;
#4267=EDGE_LOOP('',(#4268,#4269,#4270,#4271)) ;
#4284=EDGE_LOOP('',(#4285,#4286,#4287,#4288)) ;
#4362=EDGE_LOOP('',(#4363,#4364,#4365,#4366,#4367,#4368)) ;
#4423=EDGE_LOOP('',(#4424,#4425,#4426,#4427,#4428,#4429,#4430,#4431)) ;
#4470=EDGE_LOOP('',(#4471,#4472,#4473,#4474,#4475,#4476,#4477,#4478)) ;
#4508=EDGE_LOOP('',(#4509,#4510,#4511,#4512)) ;
#4532=EDGE_LOOP('',(#4533,#4534,#4535,#4536)) ;
#4556=EDGE_LOOP('',(#4557,#4558,#4559,#4560)) ;
#4580=EDGE_LOOP('',(#4581,#4582,#4583,#4584)) ;
#4597=EDGE_LOOP('',(#4598,#4599,#4600,#4601)) ;
#4628=EDGE_LOOP('',(#4629,#4630,#4631,#4632)) ;
#4645=EDGE_LOOP('',(#4646,#4647,#4648,#4649)) ;
#4657=EDGE_LOOP('',(#4658,#4659,#4660,#4661,#4662,#4663)) ;
#4679=EDGE_LOOP('',(#4680,#4681)) ;
#4694=EDGE_LOOP('',(#4695,#4696,#4697,#4698)) ;
#4706=EDGE_LOOP('',(#4707,#4708,#4709,#4710)) ;
#4788=EDGE_LOOP('',(#4789,#4790,#4791,#4792,#4793,#4794,#4795,#4796,#4797,#4798,#4799,#4800)) ;
#4830=EDGE_LOOP('',(#4831,#4832,#4833,#4834)) ;
#4901=EDGE_LOOP('',(#4902,#4903,#4904,#4905,#4906,#4907,#4908,#4909,#4910,#4911,#4912,#4913)) ;
#4943=EDGE_LOOP('',(#4944,#4945,#4946,#4947)) ;
#4962=EDGE_LOOP('',(#4963,#4964,#4965,#4966)) ;
#4979=EDGE_LOOP('',(#4980,#4981,#4982,#4983)) ;
#5017=EDGE_LOOP('',(#5018,#5019,#5020,#5021,#5022)) ;
#5042=EDGE_LOOP('',(#5043,#5044,#5045,#5046,#5047)) ;
#5067=EDGE_LOOP('',(#5068,#5069,#5070,#5071)) ;
#5110=EDGE_LOOP('',(#5111,#5112,#5113,#5114,#5115,#5116,#5117,#5118)) ;
#5138=EDGE_LOOP('',(#5139,#5140,#5141,#5142)) ;
#5162=EDGE_LOOP('',(#5163,#5164,#5165,#5166)) ;
#5182=EDGE_LOOP('',(#5183,#5184)) ;
#5197=EDGE_LOOP('',(#5198,#5199,#5200,#5201)) ;
#5214=EDGE_LOOP('',(#5215,#5216,#5217,#5218)) ;
#5240=EDGE_LOOP('',(#5241,#5242,#5243,#5244,#5245,#5246,#5247,#5248)) ;
#5278=EDGE_LOOP('',(#5279,#5280,#5281,#5282)) ;
#5309=EDGE_LOOP('',(#5310,#5311,#5312,#5313)) ;
#5333=EDGE_LOOP('',(#5334,#5335,#5336,#5337)) ;
#5357=EDGE_LOOP('',(#5358,#5359,#5360,#5361)) ;
#5374=EDGE_LOOP('',(#5375,#5376,#5377,#5378)) ;
#5398=EDGE_LOOP('',(#5399,#5400,#5401,#5402)) ;
#5422=EDGE_LOOP('',(#5423,#5424,#5425,#5426)) ;
#5439=EDGE_LOOP('',(#5440,#5441,#5442,#5443)) ;
#5451=EDGE_LOOP('',(#5452,#5453,#5454,#5455)) ;
#5482=EDGE_LOOP('',(#5483,#5484,#5485,#5486)) ;
#5506=EDGE_LOOP('',(#5507,#5508,#5509,#5510)) ;
#5530=EDGE_LOOP('',(#5531,#5532,#5533,#5534)) ;
#5542=EDGE_LOOP('',(#5543,#5544,#5545,#5546)) ;
#5585=EDGE_LOOP('',(#5586,#5587,#5588,#5589,#5590)) ;
#5610=EDGE_LOOP('',(#5611,#5612,#5613,#5614,#5615)) ;
#5623=EDGE_LOOP('',(#5624,#5625,#5626,#5627)) ;
#5654=EDGE_LOOP('',(#5655,#5656,#5657,#5658)) ;
#5666=EDGE_LOOP('',(#5667,#5668,#5669,#5670)) ;
#5678=EDGE_LOOP('',(#5679,#5680,#5681,#5682)) ;
#5730=EDGE_LOOP('',(#5731,#5732,#5733,#5734,#5735,#5736,#5737)) ;
#5757=EDGE_LOOP('',(#5758,#5759,#5760,#5761)) ;
#5802=EDGE_LOOP('',(#5803,#5804,#5805,#5806,#5807,#5808,#5809)) ;
#5822=EDGE_LOOP('',(#5823,#5824,#5825,#5826)) ;
#5834=EDGE_LOOP('',(#5835,#5836,#5837,#5838)) ;
#5846=EDGE_LOOP('',(#5847,#5848,#5849,#5850)) ;
#5866=EDGE_LOOP('',(#5867,#5868)) ;
#5938=EDGE_LOOP('',(#5939,#5940,#5941,#5942,#5943)) ;
#5994=EDGE_LOOP('',(#5995,#5996,#5997,#5998,#5999)) ;
#6007=EDGE_LOOP('',(#6008,#6009)) ;
#6025=EDGE_LOOP('',(#6026,#6027)) ;
#6045=EDGE_LOOP('',(#6046,#6047,#6048,#6049)) ;
#6057=EDGE_LOOP('',(#6058,#6059,#6060,#6061)) ;
#6064=EDGE_LOOP('',(#6065,#6066,#6067,#6068)) ;
#6076=EDGE_LOOP('',(#6077,#6078,#6079,#6080)) ;
#6121=EDGE_LOOP('',(#6122,#6123,#6124,#6125,#6126,#6127)) ;
#6142=EDGE_LOOP('',(#6143,#6144,#6145,#6146,#6147,#6148)) ;
#6203=EDGE_LOOP('',(#6204,#6205,#6206,#6207,#6208,#6209,#6210,#6211,#6212)) ;
#6225=EDGE_LOOP('',(#6226,#6227,#6228,#6229,#6230,#6231,#6232,#6233,#6234)) ;
#6261=EDGE_LOOP('',(#6262,#6263,#6264,#6265)) ;
#6273=EDGE_LOOP('',(#6274,#6275,#6276,#6277)) ;
#6316=EDGE_LOOP('',(#6317,#6318,#6319,#6320,#6321)) ;
#6341=EDGE_LOOP('',(#6342,#6343,#6344,#6345,#6346)) ;
#6385=EDGE_LOOP('',(#6386,#6387,#6388,#6389)) ;
#6428=EDGE_LOOP('',(#6429,#6430,#6431,#6432)) ;
#6452=EDGE_LOOP('',(#6453,#6454,#6455,#6456)) ;
#6476=EDGE_LOOP('',(#6477,#6478,#6479,#6480)) ;
#6483=EDGE_LOOP('',(#6484,#6485)) ;
#6558=EDGE_LOOP('',(#6559,#6560,#6561,#6562,#6563)) ;
#6614=EDGE_LOOP('',(#6615,#6616,#6617,#6618,#6619)) ;
#6646=EDGE_LOOP('',(#6647,#6648,#6649,#6650)) ;
#6677=EDGE_LOOP('',(#6678,#6679,#6680,#6681)) ;
#6689=EDGE_LOOP('',(#6690,#6691,#6692,#6693)) ;
#6701=EDGE_LOOP('',(#6702,#6703,#6704,#6705)) ;
#6760=EDGE_LOOP('',(#6761,#6762,#6763,#6764,#6765,#6766,#6767,#6768,#6769)) ;
#6782=EDGE_LOOP('',(#6783,#6784,#6785,#6786,#6787,#6788,#6789,#6790,#6791)) ;
#6849=EDGE_LOOP('',(#6850,#6851,#6852,#6853,#6854)) ;
#6912=EDGE_LOOP('',(#6913,#6914,#6915,#6916,#6917)) ;
#6944=EDGE_LOOP('',(#6945,#6946,#6947,#6948,#6949)) ;
#6976=EDGE_LOOP('',(#6977,#6978,#6979,#6980,#6981)) ;
#7020=EDGE_LOOP('',(#7021,#7022,#7023,#7024)) ;
#7063=EDGE_LOOP('',(#7064,#7065,#7066,#7067)) ;
#7087=EDGE_LOOP('',(#7088,#7089,#7090,#7091)) ;
#7111=EDGE_LOOP('',(#7112,#7113,#7114,#7115)) ;
#7166=EDGE_LOOP('',(#7167,#7168,#7169,#7170,#7171)) ;
#7206=EDGE_LOOP('',(#7207,#7208,#7209,#7210,#7211)) ;
#7238=EDGE_LOOP('',(#7239,#7240,#7241,#7242)) ;
#7269=EDGE_LOOP('',(#7270,#7271,#7272,#7273)) ;
#7281=EDGE_LOOP('',(#7282,#7283,#7284,#7285)) ;
#7293=EDGE_LOOP('',(#7294,#7295,#7296,#7297)) ;
#7406=EDGE_LOOP('',(#7407,#7408,#7409,#7410,#7411)) ;
#7514=EDGE_LOOP('',(#7515,#7516,#7517,#7518,#7519)) ;
#7565=EDGE_LOOP('',(#7566,#7567,#7568,#7569,#7570)) ;
#7619=EDGE_LOOP('',(#7620,#7621,#7622,#7623,#7624)) ;
#7651=EDGE_LOOP('',(#7652,#7653,#7654,#7655,#7656)) ;
#7686=EDGE_LOOP('',(#7687,#7688,#7689,#7690,#7691)) ;
#7709=EDGE_LOOP('',(#7710,#7711,#7712,#7713,#7714,#7715)) ;
#7718=EDGE_LOOP('',(#7719,#7720,#7721,#7722,#7723,#7724)) ;
#7896=EDGE_LOOP('',(#7897,#7898,#7899,#7900,#7901)) ;
#8063=EDGE_LOOP('',(#8064,#8065,#8066,#8067,#8068)) ;
#8086=EDGE_LOOP('',(#8087,#8088,#8089,#8090,#8091)) ;
#8094=EDGE_LOOP('',(#8095,#8096,#8097,#8098,#8099)) ;
#8117=EDGE_LOOP('',(#8118,#8119,#8120,#8121,#8122,#8123)) ;
#8126=EDGE_LOOP('',(#8127,#8128,#8129,#8130,#8131,#8132)) ;
#8172=EDGE_LOOP('',(#8173,#8174,#8175,#8176)) ;
#8189=EDGE_LOOP('',(#8190,#8191,#8192,#8193)) ;
#8227=EDGE_LOOP('',(#8228,#8229,#8230,#8231,#8232)) ;
#8247=EDGE_LOOP('',(#8248,#8249,#8250,#8251,#8252)) ;
#8286=EDGE_LOOP('',(#8287,#8288,#8289,#8290,#8291)) ;
#8309=EDGE_LOOP('',(#8310,#8311,#8312,#8313,#8314,#8315)) ;
#8330=EDGE_LOOP('',(#8331,#8332,#8333,#8334,#8335)) ;
#8338=EDGE_LOOP('',(#8339,#8340,#8341,#8342,#8343,#8344)) ;
#8433=EDGE_LOOP('',(#8434,#8435,#8436,#8437,#8438,#8439,#8440)) ;
#8502=EDGE_LOOP('',(#8503,#8504,#8505,#8506,#8507,#8508,#8509)) ;
#8531=EDGE_LOOP('',(#8532,#8533,#8534,#8535,#8536)) ;
#8544=EDGE_LOOP('',(#8545,#8546,#8547,#8548,#8549)) ;
#8589=EDGE_LOOP('',(#8590,#8591,#8592,#8593)) ;
#8611=EDGE_LOOP('',(#8612,#8613,#8614,#8615)) ;
#8648=EDGE_LOOP('',(#8649,#8650,#8651,#8652)) ;
#8665=EDGE_LOOP('',(#8666,#8667,#8668,#8669)) ;
#8707=EDGE_LOOP('',(#8708,#8709,#8710,#8711)) ;
#8724=EDGE_LOOP('',(#8725,#8726,#8727,#8728)) ;
#8766=EDGE_LOOP('',(#8767,#8768,#8769,#8770)) ;
#8783=EDGE_LOOP('',(#8784,#8785,#8786,#8787)) ;
#8820=EDGE_LOOP('',(#8821,#8822,#8823,#8824)) ;
#8837=EDGE_LOOP('',(#8838,#8839,#8840,#8841)) ;
#8874=EDGE_LOOP('',(#8875,#8876,#8877,#8878)) ;
#8891=EDGE_LOOP('',(#8892,#8893,#8894,#8895)) ;
#8928=EDGE_LOOP('',(#8929,#8930,#8931,#8932)) ;
#8945=EDGE_LOOP('',(#8946,#8947,#8948,#8949)) ;
#8982=EDGE_LOOP('',(#8983,#8984,#8985,#8986)) ;
#8999=EDGE_LOOP('',(#9000,#9001,#9002,#9003)) ;
#9041=EDGE_LOOP('',(#9042,#9043,#9044,#9045)) ;
#9058=EDGE_LOOP('',(#9059,#9060,#9061,#9062)) ;
#9095=EDGE_LOOP('',(#9096,#9097,#9098,#9099)) ;
#9112=EDGE_LOOP('',(#9113,#9114,#9115,#9116)) ;
#9149=EDGE_LOOP('',(#9150,#9151,#9152,#9153)) ;
#9166=EDGE_LOOP('',(#9167,#9168,#9169,#9170)) ;
#9203=EDGE_LOOP('',(#9204,#9205,#9206,#9207)) ;
#9220=EDGE_LOOP('',(#9221,#9222,#9223,#9224)) ;
#9257=EDGE_LOOP('',(#9258,#9259,#9260,#9261)) ;
#9274=EDGE_LOOP('',(#9275,#9276,#9277,#9278)) ;
#9311=EDGE_LOOP('',(#9312,#9313,#9314,#9315)) ;
#9328=EDGE_LOOP('',(#9329,#9330,#9331,#9332)) ;
#9392=EDGE_LOOP('',(#9393,#9394,#9395,#9396)) ;
#9409=EDGE_LOOP('',(#9410,#9411,#9412,#9413)) ;
#9421=EDGE_LOOP('',(#9422,#9423)) ;
#9439=EDGE_LOOP('',(#9440,#9441)) ;
#9457=EDGE_LOOP('',(#9458,#9459)) ;
#9475=EDGE_LOOP('',(#9476,#9477)) ;
#9493=EDGE_LOOP('',(#9494,#9495)) ;
#9511=EDGE_LOOP('',(#9512,#9513)) ;
#9529=EDGE_LOOP('',(#9530,#9531)) ;
#9547=EDGE_LOOP('',(#9548,#9549)) ;
#9565=EDGE_LOOP('',(#9566,#9567)) ;
#9583=EDGE_LOOP('',(#9584,#9585)) ;
#9601=EDGE_LOOP('',(#9602,#9603)) ;
#9619=EDGE_LOOP('',(#9620,#9621)) ;
#9637=EDGE_LOOP('',(#9638,#9639)) ;
#9655=EDGE_LOOP('',(#9656,#9657)) ;
#9684=EDGE_LOOP('',(#9685,#9686,#9687,#9688)) ;
#9696=EDGE_LOOP('',(#9697,#9698,#9699,#9700)) ;
#9727=EDGE_LOOP('',(#9728,#9729,#9730,#9731)) ;
#9739=EDGE_LOOP('',(#9740,#9741,#9742,#9743)) ;
#9770=EDGE_LOOP('',(#9771,#9772,#9773,#9774)) ;
#9782=EDGE_LOOP('',(#9783,#9784,#9785,#9786)) ;
#9813=EDGE_LOOP('',(#9814,#9815,#9816,#9817)) ;
#9825=EDGE_LOOP('',(#9826,#9827,#9828,#9829)) ;
#9856=EDGE_LOOP('',(#9857,#9858,#9859,#9860)) ;
#9868=EDGE_LOOP('',(#9869,#9870,#9871,#9872)) ;
#9899=EDGE_LOOP('',(#9900,#9901,#9902,#9903)) ;
#9911=EDGE_LOOP('',(#9912,#9913,#9914,#9915)) ;
#9942=EDGE_LOOP('',(#9943,#9944,#9945,#9946)) ;
#9954=EDGE_LOOP('',(#9955,#9956,#9957,#9958)) ;
#9985=EDGE_LOOP('',(#9986,#9987,#9988,#9989)) ;
#9997=EDGE_LOOP('',(#9998,#9999,#10000,#10001)) ;
#10028=EDGE_LOOP('',(#10029,#10030,#10031,#10032)) ;
#10040=EDGE_LOOP('',(#10041,#10042,#10043,#10044)) ;
#10071=EDGE_LOOP('',(#10072,#10073,#10074,#10075)) ;
#10083=EDGE_LOOP('',(#10084,#10085,#10086,#10087)) ;
#10114=EDGE_LOOP('',(#10115,#10116,#10117,#10118)) ;
#10126=EDGE_LOOP('',(#10127,#10128,#10129,#10130)) ;
#10157=EDGE_LOOP('',(#10158,#10159,#10160,#10161)) ;
#10169=EDGE_LOOP('',(#10170,#10171,#10172,#10173)) ;
#10195=EDGE_LOOP('',(#10196,#10197)) ;
#10224=EDGE_LOOP('',(#10225,#10226,#10227,#10228)) ;
#10236=EDGE_LOOP('',(#10237,#10238,#10239,#10240)) ;
#10267=EDGE_LOOP('',(#10268,#10269,#10270,#10271)) ;
#10279=EDGE_LOOP('',(#10280,#10281,#10282,#10283)) ;
#10310=EDGE_LOOP('',(#10311,#10312,#10313,#10314)) ;
#10322=EDGE_LOOP('',(#10323,#10324,#10325,#10326)) ;
#10362=EDGE_LOOP('',(#10363,#10364,#10365,#10366)) ;
#10379=EDGE_LOOP('',(#10380,#10381,#10382,#10383)) ;
#10401=EDGE_LOOP('',(#10402,#10403,#10404,#10405)) ;
#10432=EDGE_LOOP('',(#10433,#10434,#10435,#10436)) ;
#10444=EDGE_LOOP('',(#10445,#10446,#10447,#10448)) ;
#10451=EDGE_LOOP('',(#10452,#10453,#10454,#10455)) ;
#10486=EDGE_LOOP('',(#10487,#10488,#10489,#10490)) ;
#10492=EDGE_LOOP('',(#10493,#10494)) ;
#10549=EDGE_LOOP('',(#10550,#10551,#10552,#10553,#10554,#10555,#10556,#10557)) ;
#10596=EDGE_LOOP('',(#10597,#10598,#10599,#10600,#10601,#10602,#10603,#10604)) ;
#10624=EDGE_LOOP('',(#10625,#10626,#10627,#10628)) ;
#10641=EDGE_LOOP('',(#10642,#10643,#10644,#10645)) ;
#10665=EDGE_LOOP('',(#10666,#10667,#10668,#10669)) ;
#10689=EDGE_LOOP('',(#10690,#10691,#10692,#10693)) ;
#10706=EDGE_LOOP('',(#10707,#10708,#10709,#10710)) ;
#10718=EDGE_LOOP('',(#10719,#10720,#10721,#10722)) ;
#10730=EDGE_LOOP('',(#10731,#10732,#10733,#10734)) ;
#10742=EDGE_LOOP('',(#10743,#10744)) ;
#10746=EDGE_LOOP('',(#10747,#10748)) ;
#10750=EDGE_LOOP('',(#10751,#10752)) ;
#10754=EDGE_LOOP('',(#10755,#10756)) ;
#10758=EDGE_LOOP('',(#10759,#10760)) ;
#10762=EDGE_LOOP('',(#10763,#10764)) ;
#10766=EDGE_LOOP('',(#10767,#10768)) ;
#10770=EDGE_LOOP('',(#10771,#10772)) ;
#10774=EDGE_LOOP('',(#10775,#10776)) ;
#10778=EDGE_LOOP('',(#10779,#10780)) ;
#10782=EDGE_LOOP('',(#10783,#10784)) ;
#10786=EDGE_LOOP('',(#10787,#10788)) ;
#10790=EDGE_LOOP('',(#10791,#10792)) ;
#10794=EDGE_LOOP('',(#10795,#10796)) ;
#10809=EDGE_LOOP('',(#10810,#10811,#10812,#10813)) ;
#10821=EDGE_LOOP('',(#10822,#10823,#10824,#10825)) ;
#10828=EDGE_LOOP('',(#10829,#10830,#10831,#10832)) ;
#10835=EDGE_LOOP('',(#10836,#10837,#10838,#10839)) ;
#10861=EDGE_LOOP('',(#10862,#10863,#10864,#10865)) ;
#10873=EDGE_LOOP('',(#10874,#10875,#10876,#10877)) ;
#101=FACE_OUTER_BOUND('',#96,.T.) ;
#118=FACE_OUTER_BOUND('',#113,.T.) ;
#128=FACE_OUTER_BOUND('',#125,.T.) ;
#393=FACE_OUTER_BOUND('',#388,.T.) ;
#405=FACE_OUTER_BOUND('',#400,.T.) ;
#436=FACE_OUTER_BOUND('',#431,.T.) ;
#448=FACE_OUTER_BOUND('',#443,.T.) ;
#479=FACE_OUTER_BOUND('',#474,.T.) ;
#491=FACE_OUTER_BOUND('',#486,.T.) ;
#522=FACE_OUTER_BOUND('',#517,.T.) ;
#534=FACE_OUTER_BOUND('',#529,.T.) ;
#565=FACE_OUTER_BOUND('',#560,.T.) ;
#577=FACE_OUTER_BOUND('',#572,.T.) ;
#608=FACE_OUTER_BOUND('',#603,.T.) ;
#620=FACE_OUTER_BOUND('',#615,.T.) ;
#651=FACE_OUTER_BOUND('',#646,.T.) ;
#663=FACE_OUTER_BOUND('',#658,.T.) ;
#694=FACE_OUTER_BOUND('',#689,.T.) ;
#706=FACE_OUTER_BOUND('',#701,.T.) ;
#737=FACE_OUTER_BOUND('',#732,.T.) ;
#749=FACE_OUTER_BOUND('',#744,.T.) ;
#780=FACE_OUTER_BOUND('',#775,.T.) ;
#792=FACE_OUTER_BOUND('',#787,.T.) ;
#823=FACE_OUTER_BOUND('',#818,.T.) ;
#835=FACE_OUTER_BOUND('',#830,.T.) ;
#866=FACE_OUTER_BOUND('',#861,.T.) ;
#878=FACE_OUTER_BOUND('',#873,.T.) ;
#918=FACE_OUTER_BOUND('',#913,.T.) ;
#973=FACE_OUTER_BOUND('',#965,.T.) ;
#1045=FACE_OUTER_BOUND('',#1036,.T.) ;
#1111=FACE_OUTER_BOUND('',#1103,.T.) ;
#1128=FACE_OUTER_BOUND('',#1123,.T.) ;
#1145=FACE_OUTER_BOUND('',#1140,.T.) ;
#1162=FACE_OUTER_BOUND('',#1157,.T.) ;
#1174=FACE_OUTER_BOUND('',#1169,.T.) ;
#1181=FACE_OUTER_BOUND('',#1176,.T.) ;
#1276=FACE_OUTER_BOUND('',#1263,.T.) ;
#1380=FACE_OUTER_BOUND('',#1367,.T.) ;
#1438=FACE_OUTER_BOUND('',#1433,.T.) ;
#1462=FACE_OUTER_BOUND('',#1457,.T.) ;
#1479=FACE_OUTER_BOUND('',#1474,.T.) ;
#1503=FACE_OUTER_BOUND('',#1498,.T.) ;
#1520=FACE_OUTER_BOUND('',#1515,.T.) ;
#1576=FACE_OUTER_BOUND('',#1569,.T.) ;
#1606=FACE_OUTER_BOUND('',#1601,.T.) ;
#1653=FACE_OUTER_BOUND('',#1644,.T.) ;
#1677=FACE_OUTER_BOUND('',#1672,.T.) ;
#1701=FACE_OUTER_BOUND('',#1696,.T.) ;
#1736=FACE_OUTER_BOUND('',#1731,.T.) ;
#1753=FACE_OUTER_BOUND('',#1748,.T.) ;
#1784=FACE_OUTER_BOUND('',#1779,.T.) ;
#1808=FACE_OUTER_BOUND('',#1803,.T.) ;
#1832=FACE_OUTER_BOUND('',#1827,.T.) ;
#1849=FACE_OUTER_BOUND('',#1844,.T.) ;
#1861=FACE_OUTER_BOUND('',#1856,.T.) ;
#1873=FACE_OUTER_BOUND('',#1868,.T.) ;
#1904=FACE_OUTER_BOUND('',#1899,.T.) ;
#1928=FACE_OUTER_BOUND('',#1923,.T.) ;
#1952=FACE_OUTER_BOUND('',#1947,.T.) ;
#1964=FACE_OUTER_BOUND('',#1959,.T.) ;
#1990=FACE_OUTER_BOUND('',#1985,.T.) ;
#2030=FACE_OUTER_BOUND('',#2023,.T.) ;
#2088=FACE_OUTER_BOUND('',#2081,.T.) ;
#2112=FACE_OUTER_BOUND('',#2107,.T.) ;
#2136=FACE_OUTER_BOUND('',#2131,.T.) ;
#2176=FACE_OUTER_BOUND('',#2167,.T.) ;
#2188=FACE_OUTER_BOUND('',#2183,.T.) ;
#2219=FACE_OUTER_BOUND('',#2214,.T.) ;
#2231=FACE_OUTER_BOUND('',#2226,.T.) ;
#2243=FACE_OUTER_BOUND('',#2238,.T.) ;
#2255=FACE_OUTER_BOUND('',#2250,.T.) ;
#2285=FACE_OUTER_BOUND('',#2280,.T.) ;
#2302=FACE_OUTER_BOUND('',#2297,.T.) ;
#2309=FACE_OUTER_BOUND('',#2304,.T.) ;
#2348=FACE_OUTER_BOUND('',#2342,.T.) ;
#2373=FACE_OUTER_BOUND('',#2367,.T.) ;
#2385=FACE_OUTER_BOUND('',#2380,.T.) ;
#2395=FACE_OUTER_BOUND('',#2392,.T.) ;
#2460=FACE_OUTER_BOUND('',#2453,.T.) ;
#2481=FACE_OUTER_BOUND('',#2474,.T.) ;
#2525=FACE_OUTER_BOUND('',#2519,.T.) ;
#2550=FACE_OUTER_BOUND('',#2544,.T.) ;
#2581=FACE_OUTER_BOUND('',#2576,.T.) ;
#2593=FACE_OUTER_BOUND('',#2588,.T.) ;
#2637=FACE_OUTER_BOUND('',#2631,.T.) ;
#2662=FACE_OUTER_BOUND('',#2656,.T.) ;
#2693=FACE_OUTER_BOUND('',#2688,.T.) ;
#2705=FACE_OUTER_BOUND('',#2700,.T.) ;
#2710=FACE_OUTER_BOUND('',#2707,.T.) ;
#2741=FACE_OUTER_BOUND('',#2736,.T.) ;
#2753=FACE_OUTER_BOUND('',#2748,.T.) ;
#2796=FACE_OUTER_BOUND('',#2791,.T.) ;
#2820=FACE_OUTER_BOUND('',#2815,.T.) ;
#2863=FACE_OUTER_BOUND('',#2858,.T.) ;
#2887=FACE_OUTER_BOUND('',#2882,.T.) ;
#2918=FACE_OUTER_BOUND('',#2913,.T.) ;
#2930=FACE_OUTER_BOUND('',#2925,.T.) ;
#2961=FACE_OUTER_BOUND('',#2956,.T.) ;
#2973=FACE_OUTER_BOUND('',#2968,.T.) ;
#3016=FACE_OUTER_BOUND('',#3011,.T.) ;
#3040=FACE_OUTER_BOUND('',#3035,.T.) ;
#3083=FACE_OUTER_BOUND('',#3078,.T.) ;
#3107=FACE_OUTER_BOUND('',#3102,.T.) ;
#3138=FACE_OUTER_BOUND('',#3133,.T.) ;
#3150=FACE_OUTER_BOUND('',#3145,.T.) ;
#3181=FACE_OUTER_BOUND('',#3176,.T.) ;
#3193=FACE_OUTER_BOUND('',#3188,.T.) ;
#3236=FACE_OUTER_BOUND('',#3231,.T.) ;
#3260=FACE_OUTER_BOUND('',#3255,.T.) ;
#3303=FACE_OUTER_BOUND('',#3298,.T.) ;
#3327=FACE_OUTER_BOUND('',#3322,.T.) ;
#3358=FACE_OUTER_BOUND('',#3353,.T.) ;
#3370=FACE_OUTER_BOUND('',#3365,.T.) ;
#3401=FACE_OUTER_BOUND('',#3396,.T.) ;
#3413=FACE_OUTER_BOUND('',#3408,.T.) ;
#3456=FACE_OUTER_BOUND('',#3451,.T.) ;
#3480=FACE_OUTER_BOUND('',#3475,.T.) ;
#3523=FACE_OUTER_BOUND('',#3518,.T.) ;
#3547=FACE_OUTER_BOUND('',#3542,.T.) ;
#3569=FACE_OUTER_BOUND('',#3564,.T.) ;
#3576=FACE_OUTER_BOUND('',#3571,.T.) ;
#3607=FACE_OUTER_BOUND('',#3602,.T.) ;
#3619=FACE_OUTER_BOUND('',#3614,.T.) ;
#3624=FACE_OUTER_BOUND('',#3621,.T.) ;
#3725=FACE_OUTER_BOUND('',#3720,.T.) ;
#3747=FACE_OUTER_BOUND('',#3742,.T.) ;
#3786=FACE_OUTER_BOUND('',#3781,.T.) ;
#3803=FACE_OUTER_BOUND('',#3798,.T.) ;
#3840=FACE_OUTER_BOUND('',#3835,.T.) ;
#3857=FACE_OUTER_BOUND('',#3852,.T.) ;
#3894=FACE_OUTER_BOUND('',#3889,.T.) ;
#3911=FACE_OUTER_BOUND('',#3906,.T.) ;
#3948=FACE_OUTER_BOUND('',#3943,.T.) ;
#3965=FACE_OUTER_BOUND('',#3960,.T.) ;
#4002=FACE_OUTER_BOUND('',#3997,.T.) ;
#4019=FACE_OUTER_BOUND('',#4014,.T.) ;
#4056=FACE_OUTER_BOUND('',#4051,.T.) ;
#4073=FACE_OUTER_BOUND('',#4068,.T.) ;
#4110=FACE_OUTER_BOUND('',#4105,.T.) ;
#4127=FACE_OUTER_BOUND('',#4122,.T.) ;
#4164=FACE_OUTER_BOUND('',#4159,.T.) ;
#4181=FACE_OUTER_BOUND('',#4176,.T.) ;
#4218=FACE_OUTER_BOUND('',#4213,.T.) ;
#4235=FACE_OUTER_BOUND('',#4230,.T.) ;
#4272=FACE_OUTER_BOUND('',#4267,.T.) ;
#4289=FACE_OUTER_BOUND('',#4284,.T.) ;
#4369=FACE_OUTER_BOUND('',#4362,.T.) ;
#4432=FACE_OUTER_BOUND('',#4423,.T.) ;
#4479=FACE_OUTER_BOUND('',#4470,.T.) ;
#4537=FACE_OUTER_BOUND('',#4532,.T.) ;
#4561=FACE_OUTER_BOUND('',#4556,.T.) ;
#4585=FACE_OUTER_BOUND('',#4580,.T.) ;
#4602=FACE_OUTER_BOUND('',#4597,.T.) ;
#4633=FACE_OUTER_BOUND('',#4628,.T.) ;
#4650=FACE_OUTER_BOUND('',#4645,.T.) ;
#4664=FACE_OUTER_BOUND('',#4657,.T.) ;
#4699=FACE_OUTER_BOUND('',#4694,.T.) ;
#4711=FACE_OUTER_BOUND('',#4706,.T.) ;
#4801=FACE_OUTER_BOUND('',#4788,.T.) ;
#4914=FACE_OUTER_BOUND('',#4901,.T.) ;
#4967=FACE_OUTER_BOUND('',#4962,.T.) ;
#4984=FACE_OUTER_BOUND('',#4979,.T.) ;
#5023=FACE_OUTER_BOUND('',#5017,.T.) ;
#5048=FACE_OUTER_BOUND('',#5042,.T.) ;
#5072=FACE_OUTER_BOUND('',#5067,.T.) ;
#5119=FACE_OUTER_BOUND('',#5110,.T.) ;
#5143=FACE_OUTER_BOUND('',#5138,.T.) ;
#5167=FACE_OUTER_BOUND('',#5162,.T.) ;
#5202=FACE_OUTER_BOUND('',#5197,.T.) ;
#5219=FACE_OUTER_BOUND('',#5214,.T.) ;
#5249=FACE_OUTER_BOUND('',#5240,.T.) ;
#5314=FACE_OUTER_BOUND('',#5309,.T.) ;
#5338=FACE_OUTER_BOUND('',#5333,.T.) ;
#5362=FACE_OUTER_BOUND('',#5357,.T.) ;
#5379=FACE_OUTER_BOUND('',#5374,.T.) ;
#5403=FACE_OUTER_BOUND('',#5398,.T.) ;
#5427=FACE_OUTER_BOUND('',#5422,.T.) ;
#5444=FACE_OUTER_BOUND('',#5439,.T.) ;
#5456=FACE_OUTER_BOUND('',#5451,.T.) ;
#5487=FACE_OUTER_BOUND('',#5482,.T.) ;
#5511=FACE_OUTER_BOUND('',#5506,.T.) ;
#5535=FACE_OUTER_BOUND('',#5530,.T.) ;
#5547=FACE_OUTER_BOUND('',#5542,.T.) ;
#5591=FACE_OUTER_BOUND('',#5585,.T.) ;
#5616=FACE_OUTER_BOUND('',#5610,.T.) ;
#5628=FACE_OUTER_BOUND('',#5623,.T.) ;
#5659=FACE_OUTER_BOUND('',#5654,.T.) ;
#5671=FACE_OUTER_BOUND('',#5666,.T.) ;
#5683=FACE_OUTER_BOUND('',#5678,.T.) ;
#5738=FACE_OUTER_BOUND('',#5730,.T.) ;
#5762=FACE_OUTER_BOUND('',#5757,.T.) ;
#5810=FACE_OUTER_BOUND('',#5802,.T.) ;
#5827=FACE_OUTER_BOUND('',#5822,.T.) ;
#5839=FACE_OUTER_BOUND('',#5834,.T.) ;
#5851=FACE_OUTER_BOUND('',#5846,.T.) ;
#5944=FACE_OUTER_BOUND('',#5938,.T.) ;
#6000=FACE_OUTER_BOUND('',#5994,.T.) ;
#6010=FACE_OUTER_BOUND('',#6007,.T.) ;
#6050=FACE_OUTER_BOUND('',#6045,.T.) ;
#6062=FACE_OUTER_BOUND('',#6057,.T.) ;
#6069=FACE_OUTER_BOUND('',#6064,.T.) ;
#6081=FACE_OUTER_BOUND('',#6076,.T.) ;
#6128=FACE_OUTER_BOUND('',#6121,.T.) ;
#6149=FACE_OUTER_BOUND('',#6142,.T.) ;
#6213=FACE_OUTER_BOUND('',#6203,.T.) ;
#6235=FACE_OUTER_BOUND('',#6225,.T.) ;
#6266=FACE_OUTER_BOUND('',#6261,.T.) ;
#6278=FACE_OUTER_BOUND('',#6273,.T.) ;
#6322=FACE_OUTER_BOUND('',#6316,.T.) ;
#6347=FACE_OUTER_BOUND('',#6341,.T.) ;
#6390=FACE_OUTER_BOUND('',#6385,.T.) ;
#6433=FACE_OUTER_BOUND('',#6428,.T.) ;
#6457=FACE_OUTER_BOUND('',#6452,.T.) ;
#6481=FACE_OUTER_BOUND('',#6476,.T.) ;
#6486=FACE_OUTER_BOUND('',#6483,.T.) ;
#6564=FACE_OUTER_BOUND('',#6558,.T.) ;
#6620=FACE_OUTER_BOUND('',#6614,.T.) ;
#6651=FACE_OUTER_BOUND('',#6646,.T.) ;
#6682=FACE_OUTER_BOUND('',#6677,.T.) ;
#6694=FACE_OUTER_BOUND('',#6689,.T.) ;
#6706=FACE_OUTER_BOUND('',#6701,.T.) ;
#6770=FACE_OUTER_BOUND('',#6760,.T.) ;
#6792=FACE_OUTER_BOUND('',#6782,.T.) ;
#6855=FACE_OUTER_BOUND('',#6849,.T.) ;
#6918=FACE_OUTER_BOUND('',#6912,.T.) ;
#6950=FACE_OUTER_BOUND('',#6944,.T.) ;
#6982=FACE_OUTER_BOUND('',#6976,.T.) ;
#7025=FACE_OUTER_BOUND('',#7020,.T.) ;
#7068=FACE_OUTER_BOUND('',#7063,.T.) ;
#7092=FACE_OUTER_BOUND('',#7087,.T.) ;
#7116=FACE_OUTER_BOUND('',#7111,.T.) ;
#7172=FACE_OUTER_BOUND('',#7166,.T.) ;
#7212=FACE_OUTER_BOUND('',#7206,.T.) ;
#7243=FACE_OUTER_BOUND('',#7238,.T.) ;
#7274=FACE_OUTER_BOUND('',#7269,.T.) ;
#7286=FACE_OUTER_BOUND('',#7281,.T.) ;
#7298=FACE_OUTER_BOUND('',#7293,.T.) ;
#7412=FACE_OUTER_BOUND('',#7406,.T.) ;
#7520=FACE_OUTER_BOUND('',#7514,.T.) ;
#7571=FACE_OUTER_BOUND('',#7565,.T.) ;
#7625=FACE_OUTER_BOUND('',#7619,.T.) ;
#7657=FACE_OUTER_BOUND('',#7651,.T.) ;
#7692=FACE_OUTER_BOUND('',#7686,.T.) ;
#7716=FACE_OUTER_BOUND('',#7709,.T.) ;
#7725=FACE_OUTER_BOUND('',#7718,.T.) ;
#7902=FACE_OUTER_BOUND('',#7896,.T.) ;
#8069=FACE_OUTER_BOUND('',#8063,.T.) ;
#8092=FACE_OUTER_BOUND('',#8086,.T.) ;
#8100=FACE_OUTER_BOUND('',#8094,.T.) ;
#8124=FACE_OUTER_BOUND('',#8117,.T.) ;
#8133=FACE_OUTER_BOUND('',#8126,.T.) ;
#8177=FACE_OUTER_BOUND('',#8172,.T.) ;
#8194=FACE_OUTER_BOUND('',#8189,.T.) ;
#8233=FACE_OUTER_BOUND('',#8227,.T.) ;
#8253=FACE_OUTER_BOUND('',#8247,.T.) ;
#8292=FACE_OUTER_BOUND('',#8286,.T.) ;
#8316=FACE_OUTER_BOUND('',#8309,.T.) ;
#8336=FACE_OUTER_BOUND('',#8330,.T.) ;
#8345=FACE_OUTER_BOUND('',#8338,.T.) ;
#8441=FACE_OUTER_BOUND('',#8433,.T.) ;
#8510=FACE_OUTER_BOUND('',#8502,.T.) ;
#8537=FACE_OUTER_BOUND('',#8531,.T.) ;
#8550=FACE_OUTER_BOUND('',#8544,.T.) ;
#8594=FACE_OUTER_BOUND('',#8589,.T.) ;
#8616=FACE_OUTER_BOUND('',#8611,.T.) ;
#8653=FACE_OUTER_BOUND('',#8648,.T.) ;
#8670=FACE_OUTER_BOUND('',#8665,.T.) ;
#8712=FACE_OUTER_BOUND('',#8707,.T.) ;
#8729=FACE_OUTER_BOUND('',#8724,.T.) ;
#8771=FACE_OUTER_BOUND('',#8766,.T.) ;
#8788=FACE_OUTER_BOUND('',#8783,.T.) ;
#8825=FACE_OUTER_BOUND('',#8820,.T.) ;
#8842=FACE_OUTER_BOUND('',#8837,.T.) ;
#8879=FACE_OUTER_BOUND('',#8874,.T.) ;
#8896=FACE_OUTER_BOUND('',#8891,.T.) ;
#8933=FACE_OUTER_BOUND('',#8928,.T.) ;
#8950=FACE_OUTER_BOUND('',#8945,.T.) ;
#8987=FACE_OUTER_BOUND('',#8982,.T.) ;
#9004=FACE_OUTER_BOUND('',#8999,.T.) ;
#9046=FACE_OUTER_BOUND('',#9041,.T.) ;
#9063=FACE_OUTER_BOUND('',#9058,.T.) ;
#9100=FACE_OUTER_BOUND('',#9095,.T.) ;
#9117=FACE_OUTER_BOUND('',#9112,.T.) ;
#9154=FACE_OUTER_BOUND('',#9149,.T.) ;
#9171=FACE_OUTER_BOUND('',#9166,.T.) ;
#9208=FACE_OUTER_BOUND('',#9203,.T.) ;
#9225=FACE_OUTER_BOUND('',#9220,.T.) ;
#9262=FACE_OUTER_BOUND('',#9257,.T.) ;
#9279=FACE_OUTER_BOUND('',#9274,.T.) ;
#9316=FACE_OUTER_BOUND('',#9311,.T.) ;
#9333=FACE_OUTER_BOUND('',#9328,.T.) ;
#9397=FACE_OUTER_BOUND('',#9392,.T.) ;
#9414=FACE_OUTER_BOUND('',#9409,.T.) ;
#9424=FACE_OUTER_BOUND('',#9421,.T.) ;
#9689=FACE_OUTER_BOUND('',#9684,.T.) ;
#9701=FACE_OUTER_BOUND('',#9696,.T.) ;
#9732=FACE_OUTER_BOUND('',#9727,.T.) ;
#9744=FACE_OUTER_BOUND('',#9739,.T.) ;
#9775=FACE_OUTER_BOUND('',#9770,.T.) ;
#9787=FACE_OUTER_BOUND('',#9782,.T.) ;
#9818=FACE_OUTER_BOUND('',#9813,.T.) ;
#9830=FACE_OUTER_BOUND('',#9825,.T.) ;
#9861=FACE_OUTER_BOUND('',#9856,.T.) ;
#9873=FACE_OUTER_BOUND('',#9868,.T.) ;
#9904=FACE_OUTER_BOUND('',#9899,.T.) ;
#9916=FACE_OUTER_BOUND('',#9911,.T.) ;
#9947=FACE_OUTER_BOUND('',#9942,.T.) ;
#9959=FACE_OUTER_BOUND('',#9954,.T.) ;
#9990=FACE_OUTER_BOUND('',#9985,.T.) ;
#10002=FACE_OUTER_BOUND('',#9997,.T.) ;
#10033=FACE_OUTER_BOUND('',#10028,.T.) ;
#10045=FACE_OUTER_BOUND('',#10040,.T.) ;
#10076=FACE_OUTER_BOUND('',#10071,.T.) ;
#10088=FACE_OUTER_BOUND('',#10083,.T.) ;
#10119=FACE_OUTER_BOUND('',#10114,.T.) ;
#10131=FACE_OUTER_BOUND('',#10126,.T.) ;
#10162=FACE_OUTER_BOUND('',#10157,.T.) ;
#10174=FACE_OUTER_BOUND('',#10169,.T.) ;
#10198=FACE_OUTER_BOUND('',#10195,.T.) ;
#10229=FACE_OUTER_BOUND('',#10224,.T.) ;
#10241=FACE_OUTER_BOUND('',#10236,.T.) ;
#10272=FACE_OUTER_BOUND('',#10267,.T.) ;
#10284=FACE_OUTER_BOUND('',#10279,.T.) ;
#10315=FACE_OUTER_BOUND('',#10310,.T.) ;
#10327=FACE_OUTER_BOUND('',#10322,.T.) ;
#10367=FACE_OUTER_BOUND('',#10362,.T.) ;
#10384=FACE_OUTER_BOUND('',#10379,.T.) ;
#10406=FACE_OUTER_BOUND('',#10401,.T.) ;
#10437=FACE_OUTER_BOUND('',#10432,.T.) ;
#10449=FACE_OUTER_BOUND('',#10444,.T.) ;
#10456=FACE_OUTER_BOUND('',#10451,.T.) ;
#10491=FACE_OUTER_BOUND('',#10486,.T.) ;
#10558=FACE_OUTER_BOUND('',#10549,.T.) ;
#10605=FACE_OUTER_BOUND('',#10596,.T.) ;
#10629=FACE_OUTER_BOUND('',#10624,.T.) ;
#10646=FACE_OUTER_BOUND('',#10641,.T.) ;
#10670=FACE_OUTER_BOUND('',#10665,.T.) ;
#10694=FACE_OUTER_BOUND('',#10689,.T.) ;
#10711=FACE_OUTER_BOUND('',#10706,.T.) ;
#10723=FACE_OUTER_BOUND('',#10718,.T.) ;
#10735=FACE_OUTER_BOUND('',#10730,.T.) ;
#10745=FACE_OUTER_BOUND('',#10742,.T.) ;
#10814=FACE_OUTER_BOUND('',#10809,.T.) ;
#10826=FACE_OUTER_BOUND('',#10821,.T.) ;
#10833=FACE_OUTER_BOUND('',#10828,.T.) ;
#10840=FACE_OUTER_BOUND('',#10835,.T.) ;
#10866=FACE_OUTER_BOUND('',#10861,.T.) ;
#10878=FACE_OUTER_BOUND('',#10873,.T.) ;
#3683=GEOMETRIC_SET('NONE',(#3681)) ;
#3682=GEOMETRICALLY_BOUNDED_SURFACE_SHAPE_REPRESENTATION('NONE',(#3683),#53) ;
#50=UNCERTAINTY_MEASURE_WITH_UNIT(LENGTH_MEASURE(0.005),#46,'distance_accuracy_value','CONFUSED CURVE UNCERTAINTY') ;
#52=UNCERTAINTY_MEASURE_WITH_UNIT(LENGTH_MEASURE(0.005),#46,'distance_accuracy_value','CONFUSED CURVE UNCERTAINTY') ;
#4304=UNCERTAINTY_MEASURE_WITH_UNIT(LENGTH_MEASURE(0.005),#46,'distance_accuracy_value','CONFUSED CURVE UNCERTAINTY') ;
#9348=UNCERTAINTY_MEASURE_WITH_UNIT(LENGTH_MEASURE(0.005),#46,'distance_accuracy_value','CONFUSED CURVE UNCERTAINTY') ;
#80=LINE('Line',#77,#79) ;
#94=LINE('Line',#91,#93) ;
#372=LINE('Line',#369,#371) ;
#386=LINE('Line',#383,#385) ;
#415=LINE('Line',#412,#414) ;
#429=LINE('Line',#426,#428) ;
#458=LINE('Line',#455,#457) ;
#472=LINE('Line',#469,#471) ;
#501=LINE('Line',#498,#500) ;
#515=LINE('Line',#512,#514) ;
#544=LINE('Line',#541,#543) ;
#558=LINE('Line',#555,#557) ;
#587=LINE('Line',#584,#586) ;
#601=LINE('Line',#598,#600) ;
#630=LINE('Line',#627,#629) ;
#644=LINE('Line',#641,#643) ;
#673=LINE('Line',#670,#672) ;
#687=LINE('Line',#684,#686) ;
#716=LINE('Line',#713,#715) ;
#730=LINE('Line',#727,#729) ;
#759=LINE('Line',#756,#758) ;
#773=LINE('Line',#770,#772) ;
#802=LINE('Line',#799,#801) ;
#816=LINE('Line',#813,#815) ;
#845=LINE('Line',#842,#844) ;
#859=LINE('Line',#856,#858) ;
#888=LINE('Line',#885,#887) ;
#897=LINE('Line',#894,#896) ;
#904=LINE('Line',#901,#903) ;
#911=LINE('Line',#908,#910) ;
#951=LINE('Line',#948,#950) ;
#958=LINE('Line',#955,#957) ;
#963=LINE('Line',#960,#962) ;
#983=LINE('Line',#980,#982) ;
#992=LINE('Line',#989,#991) ;
#999=LINE('Line',#996,#998) ;
#1006=LINE('Line',#1003,#1005) ;
#1013=LINE('Line',#1010,#1012) ;
#1020=LINE('Line',#1017,#1019) ;
#1027=LINE('Line',#1024,#1026) ;
#1034=LINE('Line',#1031,#1033) ;
#1049=LINE('Line',#1046,#1048) ;
#1056=LINE('Line',#1053,#1055) ;
#1073=LINE('Line',#1070,#1072) ;
#1080=LINE('Line',#1077,#1079) ;
#1121=LINE('Line',#1118,#1120) ;
#1138=LINE('Line',#1135,#1137) ;
#1155=LINE('Line',#1152,#1154) ;
#1167=LINE('Line',#1164,#1166) ;
#1191=LINE('Line',#1188,#1190) ;
#1198=LINE('Line',#1195,#1197) ;
#1205=LINE('Line',#1202,#1204) ;
#1212=LINE('Line',#1209,#1211) ;
#1219=LINE('Line',#1216,#1218) ;
#1226=LINE('Line',#1223,#1225) ;
#1233=LINE('Line',#1230,#1232) ;
#1240=LINE('Line',#1237,#1239) ;
#1247=LINE('Line',#1244,#1246) ;
#1254=LINE('Line',#1251,#1253) ;
#1261=LINE('Line',#1258,#1260) ;
#1280=LINE('Line',#1277,#1279) ;
#1289=LINE('Line',#1286,#1288) ;
#1296=LINE('Line',#1293,#1295) ;
#1303=LINE('Line',#1300,#1302) ;
#1320=LINE('Line',#1317,#1319) ;
#1327=LINE('Line',#1324,#1326) ;
#1334=LINE('Line',#1331,#1333) ;
#1339=LINE('Line',#1336,#1338) ;
#1346=LINE('Line',#1343,#1345) ;
#1351=LINE('Line',#1348,#1350) ;
#1358=LINE('Line',#1355,#1357) ;
#1365=LINE('Line',#1362,#1364) ;
#1384=LINE('Line',#1381,#1383) ;
#1393=LINE('Line',#1390,#1392) ;
#1400=LINE('Line',#1397,#1399) ;
#1407=LINE('Line',#1404,#1406) ;
#1424=LINE('Line',#1421,#1423) ;
#1431=LINE('Line',#1428,#1430) ;
#1448=LINE('Line',#1445,#1447) ;
#1455=LINE('Line',#1452,#1454) ;
#1472=LINE('Line',#1469,#1471) ;
#1489=LINE('Line',#1486,#1488) ;
#1496=LINE('Line',#1493,#1495) ;
#1513=LINE('Line',#1510,#1512) ;
#1530=LINE('Line',#1527,#1529) ;
#1539=LINE('Line',#1536,#1538) ;
#1546=LINE('Line',#1543,#1545) ;
#1553=LINE('Line',#1550,#1552) ;
#1560=LINE('Line',#1557,#1559) ;
#1567=LINE('Line',#1564,#1566) ;
#1592=LINE('Line',#1589,#1591) ;
#1599=LINE('Line',#1596,#1598) ;
#1616=LINE('Line',#1613,#1615) ;
#1623=LINE('Line',#1620,#1622) ;
#1628=LINE('Line',#1625,#1627) ;
#1635=LINE('Line',#1632,#1634) ;
#1642=LINE('Line',#1639,#1641) ;
#1663=LINE('Line',#1660,#1662) ;
#1670=LINE('Line',#1667,#1669) ;
#1687=LINE('Line',#1684,#1686) ;
#1694=LINE('Line',#1691,#1693) ;
#1729=LINE('Line',#1726,#1728) ;
#1746=LINE('Line',#1743,#1745) ;
#1763=LINE('Line',#1760,#1762) ;
#1770=LINE('Line',#1767,#1769) ;
#1777=LINE('Line',#1774,#1776) ;
#1794=LINE('Line',#1791,#1793) ;
#1801=LINE('Line',#1798,#1800) ;
#1818=LINE('Line',#1815,#1817) ;
#1825=LINE('Line',#1822,#1824) ;
#1842=LINE('Line',#1839,#1841) ;
#1883=LINE('Line',#1880,#1882) ;
#1890=LINE('Line',#1887,#1889) ;
#1897=LINE('Line',#1894,#1896) ;
#1914=LINE('Line',#1911,#1913) ;
#1921=LINE('Line',#1918,#1920) ;
#1938=LINE('Line',#1935,#1937) ;
#1945=LINE('Line',#1942,#1944) ;
#1957=LINE('Line',#1954,#1956) ;
#1969=LINE('Line',#1966,#1968) ;
#1978=LINE('Line',#1975,#1977) ;
#1983=LINE('Line',#1980,#1982) ;
#2000=LINE('Line',#1997,#1999) ;
#2007=LINE('Line',#2004,#2006) ;
#2014=LINE('Line',#2011,#2013) ;
#2021=LINE('Line',#2018,#2020) ;
#2058=LINE('Line',#2055,#2057) ;
#2067=LINE('Line',#2064,#2066) ;
#2072=LINE('Line',#2069,#2071) ;
#2079=LINE('Line',#2076,#2078) ;
#2098=LINE('Line',#2095,#2097) ;
#2105=LINE('Line',#2102,#2104) ;
#2122=LINE('Line',#2119,#2121) ;
#2129=LINE('Line',#2126,#2128) ;
#2146=LINE('Line',#2143,#2145) ;
#2151=LINE('Line',#2148,#2150) ;
#2158=LINE('Line',#2155,#2157) ;
#2165=LINE('Line',#2162,#2164) ;
#2198=LINE('Line',#2195,#2197) ;
#2205=LINE('Line',#2202,#2204) ;
#2278=LINE('Line',#2275,#2277) ;
#2295=LINE('Line',#2292,#2294) ;
#2319=LINE('Line',#2316,#2318) ;
#2340=LINE('Line',#2337,#2339) ;
#2423=LINE('Line',#2420,#2422) ;
#2444=LINE('Line',#2441,#2443) ;
#2451=LINE('Line',#2448,#2450) ;
#2560=LINE('Line',#2557,#2559) ;
#2574=LINE('Line',#2571,#2573) ;
#2672=LINE('Line',#2669,#2671) ;
#2686=LINE('Line',#2683,#2685) ;
#2720=LINE('Line',#2717,#2719) ;
#2734=LINE('Line',#2731,#2733) ;
#2906=LINE('Line',#2903,#2905) ;
#2911=LINE('Line',#2908,#2910) ;
#2949=LINE('Line',#2946,#2948) ;
#2954=LINE('Line',#2951,#2953) ;
#3117=LINE('Line',#3114,#3116) ;
#3131=LINE('Line',#3128,#3130) ;
#3160=LINE('Line',#3157,#3159) ;
#3174=LINE('Line',#3171,#3173) ;
#3337=LINE('Line',#3334,#3336) ;
#3351=LINE('Line',#3348,#3350) ;
#3380=LINE('Line',#3377,#3379) ;
#3394=LINE('Line',#3391,#3393) ;
#3557=LINE('Line',#3554,#3556) ;
#3562=LINE('Line',#3559,#3561) ;
#3595=LINE('Line',#3592,#3594) ;
#3600=LINE('Line',#3597,#3599) ;
#3695=LINE('Line',#3692,#3694) ;
#3711=LINE('Line',#3708,#3710) ;
#3810=LINE('Line',#3807,#3809) ;
#3826=LINE('Line',#3823,#3825) ;
#3918=LINE('Line',#3915,#3917) ;
#3934=LINE('Line',#3931,#3933) ;
#4026=LINE('Line',#4023,#4025) ;
#4042=LINE('Line',#4039,#4041) ;
#4134=LINE('Line',#4131,#4133) ;
#4150=LINE('Line',#4147,#4149) ;
#4242=LINE('Line',#4239,#4241) ;
#4258=LINE('Line',#4255,#4257) ;
#4323=LINE('Line',#4320,#4322) ;
#4332=LINE('Line',#4329,#4331) ;
#4339=LINE('Line',#4336,#4338) ;
#4346=LINE('Line',#4343,#4345) ;
#4353=LINE('Line',#4350,#4352) ;
#4360=LINE('Line',#4357,#4359) ;
#4379=LINE('Line',#4376,#4378) ;
#4388=LINE('Line',#4385,#4387) ;
#4395=LINE('Line',#4392,#4394) ;
#4402=LINE('Line',#4399,#4401) ;
#4409=LINE('Line',#4406,#4408) ;
#4414=LINE('Line',#4411,#4413) ;
#4421=LINE('Line',#4418,#4420) ;
#4442=LINE('Line',#4439,#4441) ;
#4449=LINE('Line',#4446,#4448) ;
#4454=LINE('Line',#4451,#4453) ;
#4461=LINE('Line',#4458,#4460) ;
#4468=LINE('Line',#4465,#4467) ;
#4483=LINE('Line',#4480,#4482) ;
#4492=LINE('Line',#4489,#4491) ;
#4499=LINE('Line',#4496,#4498) ;
#4506=LINE('Line',#4503,#4505) ;
#4523=LINE('Line',#4520,#4522) ;
#4530=LINE('Line',#4527,#4529) ;
#4547=LINE('Line',#4544,#4546) ;
#4554=LINE('Line',#4551,#4553) ;
#4571=LINE('Line',#4568,#4570) ;
#4578=LINE('Line',#4575,#4577) ;
#4595=LINE('Line',#4592,#4594) ;
#4612=LINE('Line',#4609,#4611) ;
#4621=LINE('Line',#4618,#4620) ;
#4626=LINE('Line',#4623,#4625) ;
#4643=LINE('Line',#4640,#4642) ;
#4692=LINE('Line',#4689,#4691) ;
#4716=LINE('Line',#4713,#4715) ;
#4723=LINE('Line',#4720,#4722) ;
#4730=LINE('Line',#4727,#4729) ;
#4737=LINE('Line',#4734,#4736) ;
#4744=LINE('Line',#4741,#4743) ;
#4751=LINE('Line',#4748,#4750) ;
#4758=LINE('Line',#4755,#4757) ;
#4765=LINE('Line',#4762,#4764) ;
#4772=LINE('Line',#4769,#4771) ;
#4779=LINE('Line',#4776,#4778) ;
#4786=LINE('Line',#4783,#4785) ;
#4805=LINE('Line',#4802,#4804) ;
#4814=LINE('Line',#4811,#4813) ;
#4821=LINE('Line',#4818,#4820) ;
#4828=LINE('Line',#4825,#4827) ;
#4845=LINE('Line',#4842,#4844) ;
#4852=LINE('Line',#4849,#4851) ;
#4859=LINE('Line',#4856,#4858) ;
#4866=LINE('Line',#4863,#4865) ;
#4873=LINE('Line',#4870,#4872) ;
#4880=LINE('Line',#4877,#4879) ;
#4885=LINE('Line',#4882,#4884) ;
#4892=LINE('Line',#4889,#4891) ;
#4899=LINE('Line',#4896,#4898) ;
#4918=LINE('Line',#4915,#4917) ;
#4927=LINE('Line',#4924,#4926) ;
#4934=LINE('Line',#4931,#4933) ;
#4941=LINE('Line',#4938,#4940) ;
#4953=LINE('Line',#4950,#4952) ;
#4960=LINE('Line',#4957,#4959) ;
#4977=LINE('Line',#4974,#4976) ;
#4994=LINE('Line',#4991,#4993) ;
#5015=LINE('Line',#5012,#5014) ;
#5058=LINE('Line',#5055,#5057) ;
#5065=LINE('Line',#5062,#5064) ;
#5082=LINE('Line',#5079,#5081) ;
#5089=LINE('Line',#5086,#5088) ;
#5094=LINE('Line',#5091,#5093) ;
#5101=LINE('Line',#5098,#5100) ;
#5108=LINE('Line',#5105,#5107) ;
#5129=LINE('Line',#5126,#5128) ;
#5136=LINE('Line',#5133,#5135) ;
#5153=LINE('Line',#5150,#5152) ;
#5160=LINE('Line',#5157,#5159) ;
#5195=LINE('Line',#5192,#5194) ;
#5212=LINE('Line',#5209,#5211) ;
#5224=LINE('Line',#5221,#5223) ;
#5231=LINE('Line',#5228,#5230) ;
#5238=LINE('Line',#5235,#5237) ;
#5253=LINE('Line',#5250,#5252) ;
#5262=LINE('Line',#5259,#5261) ;
#5269=LINE('Line',#5266,#5268) ;
#5276=LINE('Line',#5273,#5275) ;
#5293=LINE('Line',#5290,#5292) ;
#5300=LINE('Line',#5297,#5299) ;
#5307=LINE('Line',#5304,#5306) ;
#5324=LINE('Line',#5321,#5323) ;
#5331=LINE('Line',#5328,#5330) ;
#5348=LINE('Line',#5345,#5347) ;
#5355=LINE('Line',#5352,#5354) ;
#5372=LINE('Line',#5369,#5371) ;
#5389=LINE('Line',#5386,#5388) ;
#5396=LINE('Line',#5393,#5395) ;
#5413=LINE('Line',#5410,#5412) ;
#5420=LINE('Line',#5417,#5419) ;
#5437=LINE('Line',#5434,#5436) ;
#5466=LINE('Line',#5463,#5465) ;
#5473=LINE('Line',#5470,#5472) ;
#5480=LINE('Line',#5477,#5479) ;
#5497=LINE('Line',#5494,#5496) ;
#5504=LINE('Line',#5501,#5503) ;
#5521=LINE('Line',#5518,#5520) ;
#5528=LINE('Line',#5525,#5527) ;
#5540=LINE('Line',#5537,#5539) ;
#5638=LINE('Line',#5635,#5637) ;
#5645=LINE('Line',#5642,#5644) ;
#5693=LINE('Line',#5690,#5692) ;
#5702=LINE('Line',#5699,#5701) ;
#5707=LINE('Line',#5704,#5706) ;
#5748=LINE('Line',#5745,#5747) ;
#5755=LINE('Line',#5752,#5754) ;
#5793=LINE('Line',#5790,#5792) ;
#5800=LINE('Line',#5797,#5799) ;
#5820=LINE('Line',#5817,#5819) ;
#5879=LINE('Line',#5876,#5878) ;
#5936=LINE('Line',#5933,#5935) ;
#6038=LINE('Line',#6035,#6037) ;
#6043=LINE('Line',#6040,#6042) ;
#6055=LINE('Line',#6052,#6054) ;
#6091=LINE('Line',#6088,#6090) ;
#6112=LINE('Line',#6109,#6111) ;
#6119=LINE('Line',#6116,#6118) ;
#6159=LINE('Line',#6156,#6158) ;
#6166=LINE('Line',#6163,#6165) ;
#6173=LINE('Line',#6170,#6172) ;
#6187=LINE('Line',#6184,#6186) ;
#6201=LINE('Line',#6198,#6200) ;
#6245=LINE('Line',#6242,#6244) ;
#6259=LINE('Line',#6256,#6258) ;
#6496=LINE('Line',#6493,#6495) ;
#6556=LINE('Line',#6553,#6555) ;
#6630=LINE('Line',#6627,#6629) ;
#6644=LINE('Line',#6641,#6643) ;
#6670=LINE('Line',#6667,#6669) ;
#6675=LINE('Line',#6672,#6674) ;
#6725=LINE('Line',#6722,#6724) ;
#6732=LINE('Line',#6729,#6731) ;
#6737=LINE('Line',#6734,#6736) ;
#6744=LINE('Line',#6741,#6743) ;
#6758=LINE('Line',#6755,#6757) ;
#7126=LINE('Line',#7123,#7125) ;
#7164=LINE('Line',#7161,#7163) ;
#7222=LINE('Line',#7219,#7221) ;
#7236=LINE('Line',#7233,#7235) ;
#7262=LINE('Line',#7259,#7261) ;
#7267=LINE('Line',#7264,#7266) ;
#7702=LINE('Line',#7699,#7701) ;
#7707=LINE('Line',#7704,#7706) ;
#8079=LINE('Line',#8076,#8078) ;
#8084=LINE('Line',#8081,#8083) ;
#8110=LINE('Line',#8107,#8109) ;
#8115=LINE('Line',#8112,#8114) ;
#8156=LINE('Line',#8153,#8155) ;
#8170=LINE('Line',#8167,#8169) ;
#8204=LINE('Line',#8201,#8203) ;
#8211=LINE('Line',#8208,#8210) ;
#8279=LINE('Line',#8276,#8278) ;
#8284=LINE('Line',#8281,#8283) ;
#8302=LINE('Line',#8299,#8301) ;
#8307=LINE('Line',#8304,#8306) ;
#8353=LINE('Line',#8350,#8352) ;
#8369=LINE('Line',#8366,#8368) ;
#8383=LINE('Line',#8380,#8382) ;
#8515=LINE('Line',#8512,#8514) ;
#8529=LINE('Line',#8526,#8528) ;
#8564=LINE('Line',#8561,#8563) ;
#8580=LINE('Line',#8577,#8579) ;
#8682=LINE('Line',#8679,#8681) ;
#8698=LINE('Line',#8695,#8697) ;
#8741=LINE('Line',#8738,#8740) ;
#8757=LINE('Line',#8754,#8756) ;
#8903=LINE('Line',#8900,#8902) ;
#8919=LINE('Line',#8916,#8918) ;
#9016=LINE('Line',#9013,#9015) ;
#9032=LINE('Line',#9029,#9031) ;
#9124=LINE('Line',#9121,#9123) ;
#9140=LINE('Line',#9137,#9139) ;
#9178=LINE('Line',#9175,#9177) ;
#9194=LINE('Line',#9191,#9193) ;
#9241=LINE('Line',#9238,#9240) ;
#9255=LINE('Line',#9252,#9254) ;
#9295=LINE('Line',#9292,#9294) ;
#9309=LINE('Line',#9306,#9308) ;
#9367=LINE('Line',#9364,#9366) ;
#9383=LINE('Line',#9380,#9382) ;
#9668=LINE('Line',#9665,#9667) ;
#9682=LINE('Line',#9679,#9681) ;
#9711=LINE('Line',#9708,#9710) ;
#9725=LINE('Line',#9722,#9724) ;
#9754=LINE('Line',#9751,#9753) ;
#9768=LINE('Line',#9765,#9767) ;
#9797=LINE('Line',#9794,#9796) ;
#9811=LINE('Line',#9808,#9810) ;
#9840=LINE('Line',#9837,#9839) ;
#9854=LINE('Line',#9851,#9853) ;
#9883=LINE('Line',#9880,#9882) ;
#9897=LINE('Line',#9894,#9896) ;
#9926=LINE('Line',#9923,#9925) ;
#9940=LINE('Line',#9937,#9939) ;
#9969=LINE('Line',#9966,#9968) ;
#9983=LINE('Line',#9980,#9982) ;
#10012=LINE('Line',#10009,#10011) ;
#10026=LINE('Line',#10023,#10025) ;
#10055=LINE('Line',#10052,#10054) ;
#10069=LINE('Line',#10066,#10068) ;
#10098=LINE('Line',#10095,#10097) ;
#10112=LINE('Line',#10109,#10111) ;
#10141=LINE('Line',#10138,#10140) ;
#10155=LINE('Line',#10152,#10154) ;
#10208=LINE('Line',#10205,#10207) ;
#10222=LINE('Line',#10219,#10221) ;
#10294=LINE('Line',#10291,#10293) ;
#10308=LINE('Line',#10305,#10307) ;
#10394=LINE('Line',#10391,#10393) ;
#10399=LINE('Line',#10396,#10398) ;
#10416=LINE('Line',#10413,#10415) ;
#10423=LINE('Line',#10420,#10422) ;
#10461=LINE('Line',#10458,#10460) ;
#10470=LINE('Line',#10467,#10469) ;
#10477=LINE('Line',#10474,#10476) ;
#10484=LINE('Line',#10481,#10483) ;
#10505=LINE('Line',#10502,#10504) ;
#10514=LINE('Line',#10511,#10513) ;
#10521=LINE('Line',#10518,#10520) ;
#10528=LINE('Line',#10525,#10527) ;
#10535=LINE('Line',#10532,#10534) ;
#10542=LINE('Line',#10539,#10541) ;
#10547=LINE('Line',#10544,#10546) ;
#10568=LINE('Line',#10565,#10567) ;
#10575=LINE('Line',#10572,#10574) ;
#10580=LINE('Line',#10577,#10579) ;
#10587=LINE('Line',#10584,#10586) ;
#10594=LINE('Line',#10591,#10593) ;
#10615=LINE('Line',#10612,#10614) ;
#10622=LINE('Line',#10619,#10621) ;
#10639=LINE('Line',#10636,#10638) ;
#10656=LINE('Line',#10653,#10655) ;
#10663=LINE('Line',#10660,#10662) ;
#10680=LINE('Line',#10677,#10679) ;
#10687=LINE('Line',#10684,#10686) ;
#10704=LINE('Line',#10701,#10703) ;
#10845=LINE('Line',#10842,#10844) ;
#10852=LINE('Line',#10849,#10851) ;
#3749=MANIFOLD_SURFACE_SHAPE_REPRESENTATION('NONE',(#3686,#3752,#3806,#3860,#3914,#3968,#4022,#4076,#4130,#4184,#4238),#53) ;
#8552=MANIFOLD_SURFACE_SHAPE_REPRESENTATION('NONE',(#8349,#8555,#8619,#8673,#8732,#8791,#8845,#8899,#8953,#9007,#9066,#9120,#9174,#9228,#9282),#4305) ;
#10880=MANIFOLD_SURFACE_SHAPE_REPRESENTATION('NONE',(#10803),#9349) ;
#2=MECHANICAL_CONTEXT(' ',#1,'mechanical') ;
#4291=NEXT_ASSEMBLY_USAGE_OCCURRENCE('Part1.1','Part1.1','',#17,#58,' ') ;
#9335=NEXT_ASSEMBLY_USAGE_OCCURRENCE('Part1.2','Part1.2','',#17,#4310,' ') ;
#10882=NEXT_ASSEMBLY_USAGE_OCCURRENCE('Part1.3','Part1.3','',#17,#9354,' ') ;
#27=PERSONAL_ADDRESS(' ',' ',' ',' ',' ',' ',' ',' ',' ',' ',' ',' ',(#25),' ') ;
#124=PLANE('',#123) ;
#884=PLANE('',#883) ;
#924=PLANE('',#923) ;
#979=PLANE('',#978) ;
#1069=PLANE('',#1068) ;
#1117=PLANE('',#1116) ;
#1134=PLANE('',#1133) ;
#1187=PLANE('',#1186) ;
#1316=PLANE('',#1315) ;
#1420=PLANE('',#1419) ;
#1444=PLANE('',#1443) ;
#1468=PLANE('',#1467) ;
#1485=PLANE('',#1484) ;
#1509=PLANE('',#1508) ;
#1526=PLANE('',#1525) ;
#1588=PLANE('',#1587) ;
#1612=PLANE('',#1611) ;
#1659=PLANE('',#1658) ;
#1683=PLANE('',#1682) ;
#1725=PLANE('',#1724) ;
#1742=PLANE('',#1741) ;
#1759=PLANE('',#1758) ;
#1790=PLANE('',#1789) ;
#1814=PLANE('',#1813) ;
#1838=PLANE('',#1837) ;
#1855=PLANE('',#1854) ;
#1867=PLANE('',#1866) ;
#1879=PLANE('',#1878) ;
#1910=PLANE('',#1909) ;
#1934=PLANE('',#1933) ;
#1996=PLANE('',#1995) ;
#2054=PLANE('',#2053) ;
#2094=PLANE('',#2093) ;
#2118=PLANE('',#2117) ;
#2142=PLANE('',#2141) ;
#2182=PLANE('',#2181) ;
#2237=PLANE('',#2236) ;
#2249=PLANE('',#2248) ;
#2291=PLANE('',#2290) ;
#2379=PLANE('',#2378) ;
#2391=PLANE('',#2390) ;
#4319=PLANE('',#4318) ;
#4375=PLANE('',#4374) ;
#4438=PLANE('',#4437) ;
#4519=PLANE('',#4518) ;
#4543=PLANE('',#4542) ;
#4567=PLANE('',#4566) ;
#4591=PLANE('',#4590) ;
#4608=PLANE('',#4607) ;
#4639=PLANE('',#4638) ;
#4656=PLANE('',#4655) ;
#4688=PLANE('',#4687) ;
#4705=PLANE('',#4704) ;
#4841=PLANE('',#4840) ;
#4973=PLANE('',#4972) ;
#5054=PLANE('',#5053) ;
#5078=PLANE('',#5077) ;
#5125=PLANE('',#5124) ;
#5149=PLANE('',#5148) ;
#5191=PLANE('',#5190) ;
#5208=PLANE('',#5207) ;
#5289=PLANE('',#5288) ;
#5320=PLANE('',#5319) ;
#5344=PLANE('',#5343) ;
#5368=PLANE('',#5367) ;
#5385=PLANE('',#5384) ;
#5409=PLANE('',#5408) ;
#5433=PLANE('',#5432) ;
#5450=PLANE('',#5449) ;
#5462=PLANE('',#5461) ;
#5493=PLANE('',#5492) ;
#5517=PLANE('',#5516) ;
#5622=PLANE('',#5621) ;
#5677=PLANE('',#5676) ;
#5689=PLANE('',#5688) ;
#5744=PLANE('',#5743) ;
#5768=PLANE('',#5767) ;
#5816=PLANE('',#5815) ;
#5833=PLANE('',#5832) ;
#5845=PLANE('',#5844) ;
#6006=PLANE('',#6005) ;
#6075=PLANE('',#6074) ;
#8200=PLANE('',#8199) ;
#8259=PLANE('',#8258) ;
#9420=PLANE('',#9419) ;
#10180=PLANE('',#10179) ;
#10501=PLANE('',#10500) ;
#10564=PLANE('',#10563) ;
#10611=PLANE('',#10610) ;
#10635=PLANE('',#10634) ;
#10652=PLANE('',#10651) ;
#10676=PLANE('',#10675) ;
#10700=PLANE('',#10699) ;
#10717=PLANE('',#10716) ;
#10729=PLANE('',#10728) ;
#10741=PLANE('',#10740) ;
#48=PLANE_ANGLE_MEASURE_WITH_UNIT(PLANE_ANGLE_MEASURE(0.0174532925199),#47) ;
#7=PRODUCT_CATEGORY('part',$) ;
#14=PRODUCT_CATEGORY('part',$) ;
#9=PRODUCT_CATEGORY_RELATIONSHIP(' ',' ',#7,#8) ;
#16=PRODUCT_CATEGORY_RELATIONSHIP(' ',' ',#14,#15) ;
#6=PRODUCT_DEFINITION_FORMATION_WITH_SPECIFIED_SOURCE('',' ',#5,.NOT_KNOWN.) ;
#57=PRODUCT_DEFINITION_FORMATION_WITH_SPECIFIED_SOURCE('',' ',#56,.NOT_KNOWN.) ;
#4309=PRODUCT_DEFINITION_FORMATION_WITH_SPECIFIED_SOURCE('',' ',#4308,.NOT_KNOWN.) ;
#9353=PRODUCT_DEFINITION_FORMATION_WITH_SPECIFIED_SOURCE('',' ',#9352,.NOT_KNOWN.) ;
#58=PRODUCT_DEFINITION_WITH_ASSOCIATED_DOCUMENTS('',' ',#57,#3,(#60)) ;
#4310=PRODUCT_DEFINITION_WITH_ASSOCIATED_DOCUMENTS('',' ',#4309,#3,(#4312)) ;
#9354=PRODUCT_DEFINITION_WITH_ASSOCIATED_DOCUMENTS('',' ',#9353,#3,(#9356)) ;
#8=PRODUCT_RELATED_PRODUCT_CATEGORY('detail',$,(#56,#4308,#9352)) ;
#15=PRODUCT_RELATED_PRODUCT_CATEGORY('part',$,(#5)) ;
#43=SHAPE_DEFINITION_REPRESENTATION(#45,#44) ;
#55=SHAPE_DEFINITION_REPRESENTATION(#61,#54) ;
#4307=SHAPE_DEFINITION_REPRESENTATION(#4313,#4306) ;
#9351=SHAPE_DEFINITION_REPRESENTATION(#9357,#9350) ;
#73=VERTEX_POINT('',#72) ;
#75=VERTEX_POINT('',#74) ;
#82=VERTEX_POINT('',#81) ;
#89=VERTEX_POINT('',#88) ;
#134=VERTEX_POINT('',#133) ;
#136=VERTEX_POINT('',#135) ;
#152=VERTEX_POINT('',#151) ;
#154=VERTEX_POINT('',#153) ;
#170=VERTEX_POINT('',#169) ;
#172=VERTEX_POINT('',#171) ;
#188=VERTEX_POINT('',#187) ;
#190=VERTEX_POINT('',#189) ;
#206=VERTEX_POINT('',#205) ;
#208=VERTEX_POINT('',#207) ;
#224=VERTEX_POINT('',#223) ;
#226=VERTEX_POINT('',#225) ;
#242=VERTEX_POINT('',#241) ;
#244=VERTEX_POINT('',#243) ;
#260=VERTEX_POINT('',#259) ;
#262=VERTEX_POINT('',#261) ;
#278=VERTEX_POINT('',#277) ;
#280=VERTEX_POINT('',#279) ;
#296=VERTEX_POINT('',#295) ;
#298=VERTEX_POINT('',#297) ;
#314=VERTEX_POINT('',#313) ;
#316=VERTEX_POINT('',#315) ;
#332=VERTEX_POINT('',#331) ;
#334=VERTEX_POINT('',#333) ;
#350=VERTEX_POINT('',#349) ;
#352=VERTEX_POINT('',#351) ;
#374=VERTEX_POINT('',#373) ;
#381=VERTEX_POINT('',#380) ;
#417=VERTEX_POINT('',#416) ;
#424=VERTEX_POINT('',#423) ;
#460=VERTEX_POINT('',#459) ;
#467=VERTEX_POINT('',#466) ;
#503=VERTEX_POINT('',#502) ;
#510=VERTEX_POINT('',#509) ;
#546=VERTEX_POINT('',#545) ;
#553=VERTEX_POINT('',#552) ;
#589=VERTEX_POINT('',#588) ;
#596=VERTEX_POINT('',#595) ;
#632=VERTEX_POINT('',#631) ;
#639=VERTEX_POINT('',#638) ;
#675=VERTEX_POINT('',#674) ;
#682=VERTEX_POINT('',#681) ;
#718=VERTEX_POINT('',#717) ;
#725=VERTEX_POINT('',#724) ;
#761=VERTEX_POINT('',#760) ;
#768=VERTEX_POINT('',#767) ;
#804=VERTEX_POINT('',#803) ;
#811=VERTEX_POINT('',#810) ;
#847=VERTEX_POINT('',#846) ;
#854=VERTEX_POINT('',#853) ;
#890=VERTEX_POINT('',#889) ;
#892=VERTEX_POINT('',#891) ;
#899=VERTEX_POINT('',#898) ;
#906=VERTEX_POINT('',#905) ;
#930=VERTEX_POINT('',#929) ;
#932=VERTEX_POINT('',#931) ;
#939=VERTEX_POINT('',#938) ;
#946=VERTEX_POINT('',#945) ;
#953=VERTEX_POINT('',#952) ;
#985=VERTEX_POINT('',#984) ;
#987=VERTEX_POINT('',#986) ;
#994=VERTEX_POINT('',#993) ;
#1001=VERTEX_POINT('',#1000) ;
#1008=VERTEX_POINT('',#1007) ;
#1015=VERTEX_POINT('',#1014) ;
#1022=VERTEX_POINT('',#1021) ;
#1029=VERTEX_POINT('',#1028) ;
#1051=VERTEX_POINT('',#1050) ;
#1075=VERTEX_POINT('',#1074) ;
#1082=VERTEX_POINT('',#1081) ;
#1089=VERTEX_POINT('',#1088) ;
#1096=VERTEX_POINT('',#1095) ;
#1193=VERTEX_POINT('',#1192) ;
#1200=VERTEX_POINT('',#1199) ;
#1207=VERTEX_POINT('',#1206) ;
#1214=VERTEX_POINT('',#1213) ;
#1221=VERTEX_POINT('',#1220) ;
#1228=VERTEX_POINT('',#1227) ;
#1235=VERTEX_POINT('',#1234) ;
#1242=VERTEX_POINT('',#1241) ;
#1249=VERTEX_POINT('',#1248) ;
#1256=VERTEX_POINT('',#1255) ;
#1282=VERTEX_POINT('',#1281) ;
#1284=VERTEX_POINT('',#1283) ;
#1291=VERTEX_POINT('',#1290) ;
#1298=VERTEX_POINT('',#1297) ;
#1322=VERTEX_POINT('',#1321) ;
#1329=VERTEX_POINT('',#1328) ;
#1341=VERTEX_POINT('',#1340) ;
#1353=VERTEX_POINT('',#1352) ;
#1360=VERTEX_POINT('',#1359) ;
#1386=VERTEX_POINT('',#1385) ;
#1388=VERTEX_POINT('',#1387) ;
#1395=VERTEX_POINT('',#1394) ;
#1402=VERTEX_POINT('',#1401) ;
#1426=VERTEX_POINT('',#1425) ;
#1450=VERTEX_POINT('',#1449) ;
#1491=VERTEX_POINT('',#1490) ;
#1532=VERTEX_POINT('',#1531) ;
#1534=VERTEX_POINT('',#1533) ;
#1541=VERTEX_POINT('',#1540) ;
#1548=VERTEX_POINT('',#1547) ;
#1555=VERTEX_POINT('',#1554) ;
#1562=VERTEX_POINT('',#1561) ;
#1594=VERTEX_POINT('',#1593) ;
#1618=VERTEX_POINT('',#1617) ;
#1630=VERTEX_POINT('',#1629) ;
#1637=VERTEX_POINT('',#1636) ;
#1665=VERTEX_POINT('',#1664) ;
#1689=VERTEX_POINT('',#1688) ;
#1707=VERTEX_POINT('',#1706) ;
#1709=VERTEX_POINT('',#1708) ;
#1765=VERTEX_POINT('',#1764) ;
#1772=VERTEX_POINT('',#1771) ;
#1796=VERTEX_POINT('',#1795) ;
#1820=VERTEX_POINT('',#1819) ;
#1885=VERTEX_POINT('',#1884) ;
#1892=VERTEX_POINT('',#1891) ;
#1916=VERTEX_POINT('',#1915) ;
#1940=VERTEX_POINT('',#1939) ;
#1971=VERTEX_POINT('',#1970) ;
#1973=VERTEX_POINT('',#1972) ;
#2002=VERTEX_POINT('',#2001) ;
#2009=VERTEX_POINT('',#2008) ;
#2016=VERTEX_POINT('',#2015) ;
#2036=VERTEX_POINT('',#2035) ;
#2038=VERTEX_POINT('',#2037) ;
#2060=VERTEX_POINT('',#2059) ;
#2062=VERTEX_POINT('',#2061) ;
#2074=VERTEX_POINT('',#2073) ;
#2100=VERTEX_POINT('',#2099) ;
#2124=VERTEX_POINT('',#2123) ;
#2153=VERTEX_POINT('',#2152) ;
#2160=VERTEX_POINT('',#2159) ;
#2200=VERTEX_POINT('',#2199) ;
#2207=VERTEX_POINT('',#2206) ;
#2261=VERTEX_POINT('',#2260) ;
#2263=VERTEX_POINT('',#2262) ;
#2321=VERTEX_POINT('',#2320) ;
#2328=VERTEX_POINT('',#2327) ;
#2335=VERTEX_POINT('',#2334) ;
#2360=VERTEX_POINT('',#2359) ;
#2401=VERTEX_POINT('',#2400) ;
#2403=VERTEX_POINT('',#2402) ;
#2425=VERTEX_POINT('',#2424) ;
#2432=VERTEX_POINT('',#2431) ;
#2439=VERTEX_POINT('',#2438) ;
#2446=VERTEX_POINT('',#2445) ;
#2467=VERTEX_POINT('',#2466) ;
#2493=VERTEX_POINT('',#2492) ;
#2512=VERTEX_POINT('',#2511) ;
#2562=VERTEX_POINT('',#2561) ;
#2569=VERTEX_POINT('',#2568) ;
#2605=VERTEX_POINT('',#2604) ;
#2624=VERTEX_POINT('',#2623) ;
#2674=VERTEX_POINT('',#2673) ;
#2681=VERTEX_POINT('',#2680) ;
#2722=VERTEX_POINT('',#2721) ;
#2729=VERTEX_POINT('',#2728) ;
#2765=VERTEX_POINT('',#2764) ;
#2784=VERTEX_POINT('',#2783) ;
#2832=VERTEX_POINT('',#2831) ;
#2851=VERTEX_POINT('',#2850) ;
#2899=VERTEX_POINT('',#2898) ;
#2901=VERTEX_POINT('',#2900) ;
#2942=VERTEX_POINT('',#2941) ;
#2944=VERTEX_POINT('',#2943) ;
#2985=VERTEX_POINT('',#2984) ;
#3004=VERTEX_POINT('',#3003) ;
#3052=VERTEX_POINT('',#3051) ;
#3071=VERTEX_POINT('',#3070) ;
#3119=VERTEX_POINT('',#3118) ;
#3126=VERTEX_POINT('',#3125) ;
#3162=VERTEX_POINT('',#3161) ;
#3169=VERTEX_POINT('',#3168) ;
#3205=VERTEX_POINT('',#3204) ;
#3212=VERTEX_POINT('',#3211) ;
#3272=VERTEX_POINT('',#3271) ;
#3279=VERTEX_POINT('',#3278) ;
#3339=VERTEX_POINT('',#3338) ;
#3346=VERTEX_POINT('',#3345) ;
#3382=VERTEX_POINT('',#3381) ;
#3389=VERTEX_POINT('',#3388) ;
#3425=VERTEX_POINT('',#3424) ;
#3444=VERTEX_POINT('',#3443) ;
#3492=VERTEX_POINT('',#3491) ;
#3511=VERTEX_POINT('',#3510) ;
#3588=VERTEX_POINT('',#3587) ;
#3590=VERTEX_POINT('',#3589) ;
#3697=VERTEX_POINT('',#3696) ;
#3699=VERTEX_POINT('',#3698) ;
#3706=VERTEX_POINT('',#3705) ;
#3713=VERTEX_POINT('',#3712) ;
#3758=VERTEX_POINT('',#3757) ;
#3760=VERTEX_POINT('',#3759) ;
#3767=VERTEX_POINT('',#3766) ;
#3774=VERTEX_POINT('',#3773) ;
#3812=VERTEX_POINT('',#3811) ;
#3814=VERTEX_POINT('',#3813) ;
#3821=VERTEX_POINT('',#3820) ;
#3828=VERTEX_POINT('',#3827) ;
#3866=VERTEX_POINT('',#3865) ;
#3868=VERTEX_POINT('',#3867) ;
#3875=VERTEX_POINT('',#3874) ;
#3882=VERTEX_POINT('',#3881) ;
#3920=VERTEX_POINT('',#3919) ;
#3922=VERTEX_POINT('',#3921) ;
#3929=VERTEX_POINT('',#3928) ;
#3936=VERTEX_POINT('',#3935) ;
#3974=VERTEX_POINT('',#3973) ;
#3976=VERTEX_POINT('',#3975) ;
#3983=VERTEX_POINT('',#3982) ;
#3990=VERTEX_POINT('',#3989) ;
#4028=VERTEX_POINT('',#4027) ;
#4030=VERTEX_POINT('',#4029) ;
#4037=VERTEX_POINT('',#4036) ;
#4044=VERTEX_POINT('',#4043) ;
#4082=VERTEX_POINT('',#4081) ;
#4084=VERTEX_POINT('',#4083) ;
#4091=VERTEX_POINT('',#4090) ;
#4098=VERTEX_POINT('',#4097) ;
#4136=VERTEX_POINT('',#4135) ;
#4138=VERTEX_POINT('',#4137) ;
#4145=VERTEX_POINT('',#4144) ;
#4152=VERTEX_POINT('',#4151) ;
#4190=VERTEX_POINT('',#4189) ;
#4192=VERTEX_POINT('',#4191) ;
#4199=VERTEX_POINT('',#4198) ;
#4206=VERTEX_POINT('',#4205) ;
#4244=VERTEX_POINT('',#4243) ;
#4246=VERTEX_POINT('',#4245) ;
#4253=VERTEX_POINT('',#4252) ;
#4260=VERTEX_POINT('',#4259) ;
#4325=VERTEX_POINT('',#4324) ;
#4327=VERTEX_POINT('',#4326) ;
#4334=VERTEX_POINT('',#4333) ;
#4341=VERTEX_POINT('',#4340) ;
#4348=VERTEX_POINT('',#4347) ;
#4355=VERTEX_POINT('',#4354) ;
#4381=VERTEX_POINT('',#4380) ;
#4383=VERTEX_POINT('',#4382) ;
#4390=VERTEX_POINT('',#4389) ;
#4397=VERTEX_POINT('',#4396) ;
#4404=VERTEX_POINT('',#4403) ;
#4416=VERTEX_POINT('',#4415) ;
#4444=VERTEX_POINT('',#4443) ;
#4456=VERTEX_POINT('',#4455) ;
#4463=VERTEX_POINT('',#4462) ;
#4485=VERTEX_POINT('',#4484) ;
#4487=VERTEX_POINT('',#4486) ;
#4494=VERTEX_POINT('',#4493) ;
#4501=VERTEX_POINT('',#4500) ;
#4525=VERTEX_POINT('',#4524) ;
#4549=VERTEX_POINT('',#4548) ;
#4573=VERTEX_POINT('',#4572) ;
#4614=VERTEX_POINT('',#4613) ;
#4616=VERTEX_POINT('',#4615) ;
#4670=VERTEX_POINT('',#4669) ;
#4672=VERTEX_POINT('',#4671) ;
#4718=VERTEX_POINT('',#4717) ;
#4725=VERTEX_POINT('',#4724) ;
#4732=VERTEX_POINT('',#4731) ;
#4739=VERTEX_POINT('',#4738) ;
#4746=VERTEX_POINT('',#4745) ;
#4753=VERTEX_POINT('',#4752) ;
#4760=VERTEX_POINT('',#4759) ;
#4767=VERTEX_POINT('',#4766) ;
#4774=VERTEX_POINT('',#4773) ;
#4781=VERTEX_POINT('',#4780) ;
#4807=VERTEX_POINT('',#4806) ;
#4809=VERTEX_POINT('',#4808) ;
#4816=VERTEX_POINT('',#4815) ;
#4823=VERTEX_POINT('',#4822) ;
#4847=VERTEX_POINT('',#4846) ;
#4854=VERTEX_POINT('',#4853) ;
#4861=VERTEX_POINT('',#4860) ;
#4868=VERTEX_POINT('',#4867) ;
#4875=VERTEX_POINT('',#4874) ;
#4887=VERTEX_POINT('',#4886) ;
#4894=VERTEX_POINT('',#4893) ;
#4920=VERTEX_POINT('',#4919) ;
#4922=VERTEX_POINT('',#4921) ;
#4929=VERTEX_POINT('',#4928) ;
#4936=VERTEX_POINT('',#4935) ;
#4955=VERTEX_POINT('',#4954) ;
#4996=VERTEX_POINT('',#4995) ;
#5003=VERTEX_POINT('',#5002) ;
#5010=VERTEX_POINT('',#5009) ;
#5035=VERTEX_POINT('',#5034) ;
#5060=VERTEX_POINT('',#5059) ;
#5084=VERTEX_POINT('',#5083) ;
#5096=VERTEX_POINT('',#5095) ;
#5103=VERTEX_POINT('',#5102) ;
#5131=VERTEX_POINT('',#5130) ;
#5155=VERTEX_POINT('',#5154) ;
#5173=VERTEX_POINT('',#5172) ;
#5175=VERTEX_POINT('',#5174) ;
#5226=VERTEX_POINT('',#5225) ;
#5233=VERTEX_POINT('',#5232) ;
#5255=VERTEX_POINT('',#5254) ;
#5257=VERTEX_POINT('',#5256) ;
#5264=VERTEX_POINT('',#5263) ;
#5271=VERTEX_POINT('',#5270) ;
#5295=VERTEX_POINT('',#5294) ;
#5302=VERTEX_POINT('',#5301) ;
#5326=VERTEX_POINT('',#5325) ;
#5350=VERTEX_POINT('',#5349) ;
#5391=VERTEX_POINT('',#5390) ;
#5415=VERTEX_POINT('',#5414) ;
#5468=VERTEX_POINT('',#5467) ;
#5475=VERTEX_POINT('',#5474) ;
#5499=VERTEX_POINT('',#5498) ;
#5523=VERTEX_POINT('',#5522) ;
#5559=VERTEX_POINT('',#5558) ;
#5578=VERTEX_POINT('',#5577) ;
#5640=VERTEX_POINT('',#5639) ;
#5647=VERTEX_POINT('',#5646) ;
#5695=VERTEX_POINT('',#5694) ;
#5697=VERTEX_POINT('',#5696) ;
#5709=VERTEX_POINT('',#5708) ;
#5716=VERTEX_POINT('',#5715) ;
#5723=VERTEX_POINT('',#5722) ;
#5750=VERTEX_POINT('',#5749) ;
#5774=VERTEX_POINT('',#5773) ;
#5776=VERTEX_POINT('',#5775) ;
#5783=VERTEX_POINT('',#5782) ;
#5795=VERTEX_POINT('',#5794) ;
#5857=VERTEX_POINT('',#5856) ;
#5859=VERTEX_POINT('',#5858) ;
#5881=VERTEX_POINT('',#5880) ;
#5906=VERTEX_POINT('',#5905) ;
#5931=VERTEX_POINT('',#5930) ;
#5969=VERTEX_POINT('',#5968) ;
#6016=VERTEX_POINT('',#6015) ;
#6018=VERTEX_POINT('',#6017) ;
#6093=VERTEX_POINT('',#6092) ;
#6100=VERTEX_POINT('',#6099) ;
#6107=VERTEX_POINT('',#6106) ;
#6114=VERTEX_POINT('',#6113) ;
#6135=VERTEX_POINT('',#6134) ;
#6161=VERTEX_POINT('',#6160) ;
#6168=VERTEX_POINT('',#6167) ;
#6175=VERTEX_POINT('',#6174) ;
#6182=VERTEX_POINT('',#6181) ;
#6189=VERTEX_POINT('',#6188) ;
#6196=VERTEX_POINT('',#6195) ;
#6247=VERTEX_POINT('',#6246) ;
#6254=VERTEX_POINT('',#6253) ;
#6290=VERTEX_POINT('',#6289) ;
#6309=VERTEX_POINT('',#6308) ;
#6359=VERTEX_POINT('',#6358) ;
#6378=VERTEX_POINT('',#6377) ;
#6414=VERTEX_POINT('',#6413) ;
#6416=VERTEX_POINT('',#6415) ;
#6498=VERTEX_POINT('',#6497) ;
#6526=VERTEX_POINT('',#6525) ;
#6551=VERTEX_POINT('',#6550) ;
#6589=VERTEX_POINT('',#6588) ;
#6632=VERTEX_POINT('',#6631) ;
#6639=VERTEX_POINT('',#6638) ;
#6663=VERTEX_POINT('',#6662) ;
#6665=VERTEX_POINT('',#6664) ;
#6718=VERTEX_POINT('',#6717) ;
#6720=VERTEX_POINT('',#6719) ;
#6727=VERTEX_POINT('',#6726) ;
#6739=VERTEX_POINT('',#6738) ;
#6746=VERTEX_POINT('',#6745) ;
#6753=VERTEX_POINT('',#6752) ;
#6804=VERTEX_POINT('',#6803) ;
#6811=VERTEX_POINT('',#6810) ;
#6830=VERTEX_POINT('',#6829) ;
#6867=VERTEX_POINT('',#6866) ;
#6874=VERTEX_POINT('',#6873) ;
#6893=VERTEX_POINT('',#6892) ;
#6934=VERTEX_POINT('',#6933) ;
#6960=VERTEX_POINT('',#6959) ;
#6994=VERTEX_POINT('',#6993) ;
#7013=VERTEX_POINT('',#7012) ;
#7049=VERTEX_POINT('',#7048) ;
#7051=VERTEX_POINT('',#7050) ;
#7128=VERTEX_POINT('',#7127) ;
#7159=VERTEX_POINT('',#7158) ;
#7224=VERTEX_POINT('',#7223) ;
#7231=VERTEX_POINT('',#7230) ;
#7255=VERTEX_POINT('',#7254) ;
#7257=VERTEX_POINT('',#7256) ;
#7365=VERTEX_POINT('',#7364) ;
#7375=VERTEX_POINT('',#7374) ;
#7400=VERTEX_POINT('',#7399) ;
#7492=VERTEX_POINT('',#7491) ;
#7535=VERTEX_POINT('',#7534) ;
#7537=VERTEX_POINT('',#7536) ;
#7553=VERTEX_POINT('',#7552) ;
#7595=VERTEX_POINT('',#7594) ;
#7597=VERTEX_POINT('',#7596) ;
#7607=VERTEX_POINT('',#7606) ;
#7635=VERTEX_POINT('',#7634) ;
#7676=VERTEX_POINT('',#7675) ;
#7826=VERTEX_POINT('',#7825) ;
#7828=VERTEX_POINT('',#7827) ;
#7834=VERTEX_POINT('',#7833) ;
#7868=VERTEX_POINT('',#7867) ;
#7890=VERTEX_POINT('',#7889) ;
#7997=VERTEX_POINT('',#7996) ;
#8149=VERTEX_POINT('',#8148) ;
#8151=VERTEX_POINT('',#8150) ;
#8158=VERTEX_POINT('',#8157) ;
#8165=VERTEX_POINT('',#8164) ;
#8206=VERTEX_POINT('',#8205) ;
#8213=VERTEX_POINT('',#8212) ;
#8220=VERTEX_POINT('',#8219) ;
#8240=VERTEX_POINT('',#8239) ;
#8265=VERTEX_POINT('',#8264) ;
#8267=VERTEX_POINT('',#8266) ;
#8274=VERTEX_POINT('',#8273) ;
#8323=VERTEX_POINT('',#8322) ;
#8355=VERTEX_POINT('',#8354) ;
#8357=VERTEX_POINT('',#8356) ;
#8364=VERTEX_POINT('',#8363) ;
#8371=VERTEX_POINT('',#8370) ;
#8378=VERTEX_POINT('',#8377) ;
#8385=VERTEX_POINT('',#8384) ;
#8517=VERTEX_POINT('',#8516) ;
#8524=VERTEX_POINT('',#8523) ;
#8566=VERTEX_POINT('',#8565) ;
#8568=VERTEX_POINT('',#8567) ;
#8575=VERTEX_POINT('',#8574) ;
#8582=VERTEX_POINT('',#8581) ;
#8625=VERTEX_POINT('',#8624) ;
#8627=VERTEX_POINT('',#8626) ;
#8634=VERTEX_POINT('',#8633) ;
#8641=VERTEX_POINT('',#8640) ;
#8684=VERTEX_POINT('',#8683) ;
#8686=VERTEX_POINT('',#8685) ;
#8693=VERTEX_POINT('',#8692) ;
#8700=VERTEX_POINT('',#8699) ;
#8743=VERTEX_POINT('',#8742) ;
#8745=VERTEX_POINT('',#8744) ;
#8752=VERTEX_POINT('',#8751) ;
#8759=VERTEX_POINT('',#8758) ;
#8797=VERTEX_POINT('',#8796) ;
#8799=VERTEX_POINT('',#8798) ;
#8806=VERTEX_POINT('',#8805) ;
#8813=VERTEX_POINT('',#8812) ;
#8851=VERTEX_POINT('',#8850) ;
#8853=VERTEX_POINT('',#8852) ;
#8860=VERTEX_POINT('',#8859) ;
#8867=VERTEX_POINT('',#8866) ;
#8905=VERTEX_POINT('',#8904) ;
#8907=VERTEX_POINT('',#8906) ;
#8914=VERTEX_POINT('',#8913) ;
#8921=VERTEX_POINT('',#8920) ;
#8959=VERTEX_POINT('',#8958) ;
#8961=VERTEX_POINT('',#8960) ;
#8968=VERTEX_POINT('',#8967) ;
#8975=VERTEX_POINT('',#8974) ;
#9018=VERTEX_POINT('',#9017) ;
#9020=VERTEX_POINT('',#9019) ;
#9027=VERTEX_POINT('',#9026) ;
#9034=VERTEX_POINT('',#9033) ;
#9072=VERTEX_POINT('',#9071) ;
#9074=VERTEX_POINT('',#9073) ;
#9081=VERTEX_POINT('',#9080) ;
#9088=VERTEX_POINT('',#9087) ;
#9126=VERTEX_POINT('',#9125) ;
#9128=VERTEX_POINT('',#9127) ;
#9135=VERTEX_POINT('',#9134) ;
#9142=VERTEX_POINT('',#9141) ;
#9180=VERTEX_POINT('',#9179) ;
#9182=VERTEX_POINT('',#9181) ;
#9189=VERTEX_POINT('',#9188) ;
#9196=VERTEX_POINT('',#9195) ;
#9234=VERTEX_POINT('',#9233) ;
#9236=VERTEX_POINT('',#9235) ;
#9243=VERTEX_POINT('',#9242) ;
#9250=VERTEX_POINT('',#9249) ;
#9288=VERTEX_POINT('',#9287) ;
#9290=VERTEX_POINT('',#9289) ;
#9297=VERTEX_POINT('',#9296) ;
#9304=VERTEX_POINT('',#9303) ;
#9369=VERTEX_POINT('',#9368) ;
#9371=VERTEX_POINT('',#9370) ;
#9378=VERTEX_POINT('',#9377) ;
#9385=VERTEX_POINT('',#9384) ;
#9430=VERTEX_POINT('',#9429) ;
#9432=VERTEX_POINT('',#9431) ;
#9448=VERTEX_POINT('',#9447) ;
#9450=VERTEX_POINT('',#9449) ;
#9466=VERTEX_POINT('',#9465) ;
#9468=VERTEX_POINT('',#9467) ;
#9484=VERTEX_POINT('',#9483) ;
#9486=VERTEX_POINT('',#9485) ;
#9502=VERTEX_POINT('',#9501) ;
#9504=VERTEX_POINT('',#9503) ;
#9520=VERTEX_POINT('',#9519) ;
#9522=VERTEX_POINT('',#9521) ;
#9538=VERTEX_POINT('',#9537) ;
#9540=VERTEX_POINT('',#9539) ;
#9556=VERTEX_POINT('',#9555) ;
#9558=VERTEX_POINT('',#9557) ;
#9574=VERTEX_POINT('',#9573) ;
#9576=VERTEX_POINT('',#9575) ;
#9592=VERTEX_POINT('',#9591) ;
#9594=VERTEX_POINT('',#9593) ;
#9610=VERTEX_POINT('',#9609) ;
#9612=VERTEX_POINT('',#9611) ;
#9628=VERTEX_POINT('',#9627) ;
#9630=VERTEX_POINT('',#9629) ;
#9646=VERTEX_POINT('',#9645) ;
#9648=VERTEX_POINT('',#9647) ;
#9670=VERTEX_POINT('',#9669) ;
#9677=VERTEX_POINT('',#9676) ;
#9713=VERTEX_POINT('',#9712) ;
#9720=VERTEX_POINT('',#9719) ;
#9756=VERTEX_POINT('',#9755) ;
#9763=VERTEX_POINT('',#9762) ;
#9799=VERTEX_POINT('',#9798) ;
#9806=VERTEX_POINT('',#9805) ;
#9842=VERTEX_POINT('',#9841) ;
#9849=VERTEX_POINT('',#9848) ;
#9885=VERTEX_POINT('',#9884) ;
#9892=VERTEX_POINT('',#9891) ;
#9928=VERTEX_POINT('',#9927) ;
#9935=VERTEX_POINT('',#9934) ;
#9971=VERTEX_POINT('',#9970) ;
#9978=VERTEX_POINT('',#9977) ;
#10014=VERTEX_POINT('',#10013) ;
#10021=VERTEX_POINT('',#10020) ;
#10057=VERTEX_POINT('',#10056) ;
#10064=VERTEX_POINT('',#10063) ;
#10100=VERTEX_POINT('',#10099) ;
#10107=VERTEX_POINT('',#10106) ;
#10143=VERTEX_POINT('',#10142) ;
#10150=VERTEX_POINT('',#10149) ;
#10186=VERTEX_POINT('',#10185) ;
#10188=VERTEX_POINT('',#10187) ;
#10210=VERTEX_POINT('',#10209) ;
#10217=VERTEX_POINT('',#10216) ;
#10253=VERTEX_POINT('',#10252) ;
#10260=VERTEX_POINT('',#10259) ;
#10296=VERTEX_POINT('',#10295) ;
#10303=VERTEX_POINT('',#10302) ;
#10339=VERTEX_POINT('',#10338) ;
#10341=VERTEX_POINT('',#10340) ;
#10348=VERTEX_POINT('',#10347) ;
#10355=VERTEX_POINT('',#10354) ;
#10418=VERTEX_POINT('',#10417) ;
#10425=VERTEX_POINT('',#10424) ;
#10463=VERTEX_POINT('',#10462) ;
#10465=VERTEX_POINT('',#10464) ;
#10472=VERTEX_POINT('',#10471) ;
#10479=VERTEX_POINT('',#10478) ;
#10507=VERTEX_POINT('',#10506) ;
#10509=VERTEX_POINT('',#10508) ;
#10516=VERTEX_POINT('',#10515) ;
#10523=VERTEX_POINT('',#10522) ;
#10530=VERTEX_POINT('',#10529) ;
#10537=VERTEX_POINT('',#10536) ;
#10570=VERTEX_POINT('',#10569) ;
#10582=VERTEX_POINT('',#10581) ;
#10589=VERTEX_POINT('',#10588) ;
#10617=VERTEX_POINT('',#10616) ;
#10658=VERTEX_POINT('',#10657) ;
#10682=VERTEX_POINT('',#10681) ;
#10847=VERTEX_POINT('',#10846) ;
#10854=VERTEX_POINT('',#10853) ;
#46=(LENGTH_UNIT()NAMED_UNIT(*)SI_UNIT(.MILLI.,.METRE.)) ;
#47=(NAMED_UNIT(*)PLANE_ANGLE_UNIT()SI_UNIT($,.RADIAN.)) ;
#49=(NAMED_UNIT(*)SI_UNIT($,.STERADIAN.)SOLID_ANGLE_UNIT()) ;
#51=(GEOMETRIC_REPRESENTATION_CONTEXT(3)GLOBAL_UNCERTAINTY_ASSIGNED_CONTEXT((#50))GLOBAL_UNIT_ASSIGNED_CONTEXT((#46,#47,#49))REPRESENTATION_CONTEXT(' ',' ')) ;
#53=(GEOMETRIC_REPRESENTATION_CONTEXT(3)GLOBAL_UNCERTAINTY_ASSIGNED_CONTEXT((#52))GLOBAL_UNIT_ASSIGNED_CONTEXT((#46,#47,#49))REPRESENTATION_CONTEXT(' ',' ')) ;
#4305=(GEOMETRIC_REPRESENTATION_CONTEXT(3)GLOBAL_UNCERTAINTY_ASSIGNED_CONTEXT((#4304))GLOBAL_UNIT_ASSIGNED_CONTEXT((#46,#47,#49))REPRESENTATION_CONTEXT(' ',' ')) ;
#9349=(GEOMETRIC_REPRESENTATION_CONTEXT(3)GLOBAL_UNCERTAINTY_ASSIGNED_CONTEXT((#9348))GLOBAL_UNIT_ASSIGNED_CONTEXT((#46,#47,#49))REPRESENTATION_CONTEXT(' ',' ')) ;
#4294=(REPRESENTATION_RELATIONSHIP(' ',' ',#54,#44)REPRESENTATION_RELATIONSHIP_WITH_TRANSFORMATION(#4295)SHAPE_REPRESENTATION_RELATIONSHIP()) ;
#9338=(REPRESENTATION_RELATIONSHIP(' ',' ',#4306,#44)REPRESENTATION_RELATIONSHIP_WITH_TRANSFORMATION(#9339)SHAPE_REPRESENTATION_RELATIONSHIP()) ;
#10885=(REPRESENTATION_RELATIONSHIP(' ',' ',#9350,#44)REPRESENTATION_RELATIONSHIP_WITH_TRANSFORMATION(#10886)SHAPE_REPRESENTATION_RELATIONSHIP()) ;
ENDSEC;
END-ISO-10303-21;
